{
  "fio version" : "fio-3.33",
  "timestamp" : 1747292577,
  "timestamp_ms" : 1747292577222,
  "time" : "Thu May 15 10:02:57 2025",
  "jobs" : [
    {
      "jobname" : "randwrite_B8_Q1_T1",
      "groupid" : 0,
      "error" : 0,
      "eta" : 0,
      "elapsed" : 11,
      "job options" : {
        "rw" : "randwrite",
        "name" : "randwrite_B8_Q1_T1",
        "bs" : "8k",
        "iodepth" : "1",
        "numjobs" : "1",
        "runtime" : "10",
        "direct" : "1",
        "ioengine" : "libaio",
        "size" : "1G",
        "filename" : "/mnt/pve/test/write"
      },
      "read" : {
        "io_bytes" : 0,
        "io_kbytes" : 0,
        "bw_bytes" : 0,
        "bw" : 0,
        "iops" : 0.000000,
        "runtime" : 0,
        "total_ios" : 0,
        "short_ios" : 0,
        "drop_ios" : 0,
        "slat_ns" : {
          "min" : 0,
          "max" : 0,
          "mean" : 0.000000,
          "stddev" : 0.000000,
          "N" : 0
        },
        "clat_ns" : {
          "min" : 0,
          "max" : 0,
          "mean" : 0.000000,
          "stddev" : 0.000000,
          "N" : 0
        },
        "lat_ns" : {
          "min" : 0,
          "max" : 0,
          "mean" : 0.000000,
          "stddev" : 0.000000,
          "N" : 0
        },
        "bw_min" : 0,
        "bw_max" : 0,
        "bw_agg" : 0.000000,
        "bw_mean" : 0.000000,
        "bw_dev" : 0.000000,
        "bw_samples" : 0,
        "iops_min" : 0,
        "iops_max" : 0,
        "iops_mean" : 0.000000,
        "iops_stddev" : 0.000000,
        "iops_samples" : 0
      },
      "write" : {
        "io_bytes" : 1041358848,
        "io_kbytes" : 1016952,
        "bw_bytes" : 104125472,
        "bw" : 101685,
        "iops" : 12710.628937,
        "runtime" : 10001,
        "total_ios" : 127119,
        "short_ios" : 0,
        "drop_ios" : 0,
        "slat_ns" : {
          "min" : 10356,
          "max" : 488959,
          "mean" : 18280.366358,
          "stddev" : 5974.894211,
          "N" : 127119
        },
        "clat_ns" : {
          "min" : 4215,
          "max" : 2837038,
          "mean" : 57352.692768,
          "stddev" : 13660.253040,
          "N" : 127119,
          "percentile" : {
            "1.000000" : 49408,
            "5.000000" : 55552,
            "10.000000" : 55552,
            "20.000000" : 56064,
            "30.000000" : 56064,
            "40.000000" : 56576,
            "50.000000" : 56576,
            "60.000000" : 56576,
            "70.000000" : 57088,
            "80.000000" : 57600,
            "90.000000" : 58112,
            "95.000000" : 59136,
            "99.000000" : 73216,
            "99.500000" : 78336,
            "99.900000" : 166912,
            "99.950000" : 399360,
            "99.990000" : 501760
          }
        },
        "lat_ns" : {
          "min" : 58992,
          "max" : 2883456,
          "mean" : 75633.059126,
          "stddev" : 15165.295687,
          "N" : 127119
        },
        "bw_min" : 93936,
        "bw_max" : 106160,
        "bw_agg" : 100.000000,
        "bw_mean" : 101868.631579,
        "bw_dev" : 2211.569282,
        "bw_samples" : 19,
        "iops_min" : 11742,
        "iops_max" : 13270,
        "iops_mean" : 12733.578947,
        "iops_stddev" : 276.446160,
        "iops_samples" : 19
      },
      "trim" : {
        "io_bytes" : 0,
        "io_kbytes" : 0,
        "bw_bytes" : 0,
        "bw" : 0,
        "iops" : 0.000000,
        "runtime" : 0,
        "total_ios" : 0,
        "short_ios" : 0,
        "drop_ios" : 0,
        "slat_ns" : {
          "min" : 0,
          "max" : 0,
          "mean" : 0.000000,
          "stddev" : 0.000000,
          "N" : 0
        },
        "clat_ns" : {
          "min" : 0,
          "max" : 0,
          "mean" : 0.000000,
          "stddev" : 0.000000,
          "N" : 0
        },
        "lat_ns" : {
          "min" : 0,
          "max" : 0,
          "mean" : 0.000000,
          "stddev" : 0.000000,
          "N" : 0
        },
        "bw_min" : 0,
        "bw_max" : 0,
        "bw_agg" : 0.000000,
        "bw_mean" : 0.000000,
        "bw_dev" : 0.000000,
        "bw_samples" : 0,
        "iops_min" : 0,
        "iops_max" : 0,
        "iops_mean" : 0.000000,
        "iops_stddev" : 0.000000,
        "iops_samples" : 0
      },
      "sync" : {
        "total_ios" : 0,
        "lat_ns" : {
          "min" : 0,
          "max" : 0,
          "mean" : 0.000000,
          "stddev" : 0.000000,
          "N" : 0
        }
      },
      "job_runtime" : 10000,
      "usr_cpu" : 9.030000,
      "sys_cpu" : 26.410000,
      "ctx" : 127121,
      "majf" : 0,
      "minf" : 50,
      "iodepth_level" : {
        "1" : 100.000000,
        "2" : 0.000000,
        "4" : 0.000000,
        "8" : 0.000000,
        "16" : 0.000000,
        "32" : 0.000000,
        ">=64" : 0.000000
      },
      "iodepth_submit" : {
        "0" : 0.000000,
        "4" : 100.000000,
        "8" : 0.000000,
        "16" : 0.000000,
        "32" : 0.000000,
        "64" : 0.000000,
        ">=64" : 0.000000
      },
      "iodepth_complete" : {
        "0" : 0.000000,
        "4" : 100.000000,
        "8" : 0.000000,
        "16" : 0.000000,
        "32" : 0.000000,
        "64" : 0.000000,
        ">=64" : 0.000000
      },
      "latency_ns" : {
        "2" : 0.000000,
        "4" : 0.000000,
        "10" : 0.000000,
        "20" : 0.000000,
        "50" : 0.000000,
        "100" : 0.000000,
        "250" : 0.000000,
        "500" : 0.000000,
        "750" : 0.000000,
        "1000" : 0.000000
      },
      "latency_us" : {
        "2" : 0.000000,
        "4" : 0.000000,
        "10" : 0.010000,
        "20" : 0.000000,
        "50" : 1.202810,
        "100" : 98.591084,
        "250" : 0.154186,
        "500" : 0.040907,
        "750" : 0.010000,
        "1000" : 0.000000
      },
      "latency_ms" : {
        "2" : 0.010000,
        "4" : 0.010000,
        "10" : 0.000000,
        "20" : 0.000000,
        "50" : 0.000000,
        "100" : 0.000000,
        "250" : 0.000000,
        "500" : 0.000000,
        "750" : 0.000000,
        "1000" : 0.000000,
        "2000" : 0.000000,
        ">=2000" : 0.000000
      },
      "latency_depth" : 1,
      "latency_target" : 0,
      "latency_percentile" : 100.000000,
      "latency_window" : 0
    }
  ],
  "disk_util" : [
    {
      "name" : "sdb",
      "read_ios" : 0,
      "write_ios" : 125839,
      "read_merges" : 0,
      "write_merges" : 3,
      "read_ticks" : 0,
      "write_ticks" : 6964,
      "in_queue" : 6964,
      "util" : 99.069069
    }
  ]
}
