{
  "fio version" : "fio-3.33",
  "timestamp" : 1747292627,
  "timestamp_ms" : 1747292627339,
  "time" : "Thu May 15 10:03:47 2025",
  "jobs" : [
    {
      "jobname" : "randread_B8_Q128_T1",
      "groupid" : 0,
      "error" : 0,
      "eta" : 0,
      "elapsed" : 4,
      "job options" : {
        "rw" : "randread",
        "name" : "randread_B8_Q128_T1",
        "bs" : "8k",
        "iodepth" : "128",
        "numjobs" : "1",
        "runtime" : "10",
        "direct" : "1",
        "ioengine" : "libaio",
        "size" : "1G",
        "filename" : "/mnt/pve/test/write"
      },
      "read" : {
        "io_bytes" : 1073741824,
        "io_kbytes" : 1048576,
        "bw_bytes" : 342610664,
        "bw" : 334580,
        "iops" : 41822.590938,
        "runtime" : 3134,
        "total_ios" : 131072,
        "short_ios" : 0,
        "drop_ios" : 0,
        "slat_ns" : {
          "min" : 2761,
          "max" : 667978,
          "mean" : 14928.301598,
          "stddev" : 17544.462989,
          "N" : 131072
        },
        "clat_ns" : {
          "min" : 400457,
          "max" : 32074961,
          "mean" : 3041059.703270,
          "stddev" : 1269987.562811,
          "N" : 131072,
          "percentile" : {
            "1.000000" : 765952,
            "5.000000" : 1105920,
            "10.000000" : 1499136,
            "20.000000" : 2277376,
            "30.000000" : 2801664,
            "40.000000" : 2899968,
            "50.000000" : 2998272,
            "60.000000" : 3096576,
            "70.000000" : 3227648,
            "80.000000" : 3653632,
            "90.000000" : 4423680,
            "95.000000" : 4947968,
            "99.000000" : 5799936,
            "99.500000" : 8454144,
            "99.900000" : 15269888,
            "99.950000" : 17694720,
            "99.990000" : 22675456
          }
        },
        "lat_ns" : {
          "min" : 408346,
          "max" : 32082269,
          "mean" : 3055988.004868,
          "stddev" : 1269836.374649,
          "N" : 131072
        },
        "bw_min" : 325648,
        "bw_max" : 340608,
        "bw_agg" : 99.965710,
        "bw_mean" : 334466.666667,
        "bw_dev" : 5138.181883,
        "bw_samples" : 6,
        "iops_min" : 40706,
        "iops_max" : 42574,
        "iops_mean" : 41808.000000,
        "iops_stddev" : 641.794983,
        "iops_samples" : 6
      },
      "write" : {
        "io_bytes" : 0,
        "io_kbytes" : 0,
        "bw_bytes" : 0,
        "bw" : 0,
        "iops" : 0.000000,
        "runtime" : 0,
        "total_ios" : 0,
        "short_ios" : 0,
        "drop_ios" : 0,
        "slat_ns" : {
          "min" : 0,
          "max" : 0,
          "mean" : 0.000000,
          "stddev" : 0.000000,
          "N" : 0
        },
        "clat_ns" : {
          "min" : 0,
          "max" : 0,
          "mean" : 0.000000,
          "stddev" : 0.000000,
          "N" : 0
        },
        "lat_ns" : {
          "min" : 0,
          "max" : 0,
          "mean" : 0.000000,
          "stddev" : 0.000000,
          "N" : 0
        },
        "bw_min" : 0,
        "bw_max" : 0,
        "bw_agg" : 0.000000,
        "bw_mean" : 0.000000,
        "bw_dev" : 0.000000,
        "bw_samples" : 0,
        "iops_min" : 0,
        "iops_max" : 0,
        "iops_mean" : 0.000000,
        "iops_stddev" : 0.000000,
        "iops_samples" : 0
      },
      "trim" : {
        "io_bytes" : 0,
        "io_kbytes" : 0,
        "bw_bytes" : 0,
        "bw" : 0,
        "iops" : 0.000000,
        "runtime" : 0,
        "total_ios" : 0,
        "short_ios" : 0,
        "drop_ios" : 0,
        "slat_ns" : {
          "min" : 0,
          "max" : 0,
          "mean" : 0.000000,
          "stddev" : 0.000000,
          "N" : 0
        },
        "clat_ns" : {
          "min" : 0,
          "max" : 0,
          "mean" : 0.000000,
          "stddev" : 0.000000,
          "N" : 0
        },
        "lat_ns" : {
          "min" : 0,
          "max" : 0,
          "mean" : 0.000000,
          "stddev" : 0.000000,
          "N" : 0
        },
        "bw_min" : 0,
        "bw_max" : 0,
        "bw_agg" : 0.000000,
        "bw_mean" : 0.000000,
        "bw_dev" : 0.000000,
        "bw_samples" : 0,
        "iops_min" : 0,
        "iops_max" : 0,
        "iops_mean" : 0.000000,
        "iops_stddev" : 0.000000,
        "iops_samples" : 0
      },
      "sync" : {
        "total_ios" : 0,
        "lat_ns" : {
          "min" : 0,
          "max" : 0,
          "mean" : 0.000000,
          "stddev" : 0.000000,
          "N" : 0
        }
      },
      "job_runtime" : 3133,
      "usr_cpu" : 14.554740,
      "sys_cpu" : 55.122885,
      "ctx" : 51768,
      "majf" : 0,
      "minf" : 266,
      "iodepth_level" : {
        "1" : 0.100000,
        "2" : 0.100000,
        "4" : 0.100000,
        "8" : 0.100000,
        "16" : 0.100000,
        "32" : 0.100000,
        ">=64" : 99.951935
      },
      "iodepth_submit" : {
        "0" : 0.000000,
        "4" : 100.000000,
        "8" : 0.000000,
        "16" : 0.000000,
        "32" : 0.000000,
        "64" : 0.000000,
        ">=64" : 0.000000
      },
      "iodepth_complete" : {
        "0" : 0.000000,
        "4" : 99.999236,
        "8" : 0.000000,
        "16" : 0.000000,
        "32" : 0.000000,
        "64" : 0.000000,
        ">=64" : 0.100000
      },
      "latency_ns" : {
        "2" : 0.000000,
        "4" : 0.000000,
        "10" : 0.000000,
        "20" : 0.000000,
        "50" : 0.000000,
        "100" : 0.000000,
        "250" : 0.000000,
        "500" : 0.000000,
        "750" : 0.000000,
        "1000" : 0.000000
      },
      "latency_us" : {
        "2" : 0.000000,
        "4" : 0.000000,
        "10" : 0.000000,
        "20" : 0.000000,
        "50" : 0.000000,
        "100" : 0.000000,
        "250" : 0.000000,
        "500" : 0.010000,
        "750" : 0.846100,
        "1000" : 2.858734
      },
      "latency_ms" : {
        "2" : 12.871552,
        "4" : 67.778015,
        "10" : 15.274048,
        "20" : 0.341797,
        "50" : 0.025940,
        "100" : 0.000000,
        "250" : 0.000000,
        "500" : 0.000000,
        "750" : 0.000000,
        "1000" : 0.000000,
        "2000" : 0.000000,
        ">=2000" : 0.000000
      },
      "latency_depth" : 128,
      "latency_target" : 0,
      "latency_percentile" : 100.000000,
      "latency_window" : 0
    }
  ],
  "disk_util" : [
    {
      "name" : "sdb",
      "read_ios" : 120568,
      "write_ios" : 2,
      "read_merges" : 366,
      "write_merges" : 2,
      "read_ticks" : 239821,
      "write_ticks" : 0,
      "in_queue" : 239821,
      "util" : 96.694491
    }
  ]
}
