{
  "fio version" : "fio-3.33",
  "timestamp" : 1747292920,
  "timestamp_ms" : 1747292920769,
  "time" : "Thu May 15 10:08:40 2025",
  "jobs" : [
    {
      "jobname" : "randwrite_B4096_Q128_T1",
      "groupid" : 0,
      "error" : 0,
      "eta" : 0,
      "elapsed" : 3,
      "job options" : {
        "rw" : "randwrite",
        "name" : "randwrite_B4096_Q128_T1",
        "bs" : "4096k",
        "iodepth" : "128",
        "numjobs" : "1",
        "runtime" : "10",
        "direct" : "1",
        "ioengine" : "libaio",
        "size" : "1G",
        "filename" : "/mnt/pve/test/write"
      },
      "read" : {
        "io_bytes" : 0,
        "io_kbytes" : 0,
        "bw_bytes" : 0,
        "bw" : 0,
        "iops" : 0.000000,
        "runtime" : 0,
        "total_ios" : 0,
        "short_ios" : 0,
        "drop_ios" : 0,
        "slat_ns" : {
          "min" : 0,
          "max" : 0,
          "mean" : 0.000000,
          "stddev" : 0.000000,
          "N" : 0
        },
        "clat_ns" : {
          "min" : 0,
          "max" : 0,
          "mean" : 0.000000,
          "stddev" : 0.000000,
          "N" : 0
        },
        "lat_ns" : {
          "min" : 0,
          "max" : 0,
          "mean" : 0.000000,
          "stddev" : 0.000000,
          "N" : 0
        },
        "bw_min" : 0,
        "bw_max" : 0,
        "bw_agg" : 0.000000,
        "bw_mean" : 0.000000,
        "bw_dev" : 0.000000,
        "bw_samples" : 0,
        "iops_min" : 0,
        "iops_max" : 0,
        "iops_mean" : 0.000000,
        "iops_stddev" : 0.000000,
        "iops_samples" : 0
      },
      "write" : {
        "io_bytes" : 1073741824,
        "io_kbytes" : 1048576,
        "bw_bytes" : 494356272,
        "bw" : 482769,
        "iops" : 117.863720,
        "runtime" : 2172,
        "total_ios" : 256,
        "short_ios" : 0,
        "drop_ios" : 0,
        "slat_ns" : {
          "min" : 332344,
          "max" : 9281838,
          "mean" : 8212880.625000,
          "stddev" : 1648790.325592,
          "N" : 256
        },
        "clat_ns" : {
          "min" : 66340938,
          "max" : 1246368389,
          "mean" : 839832932.023437,
          "stddev" : 324517649.193391,
          "N" : 256,
          "percentile" : {
            "1.000000" : 82313216,
            "5.000000" : 168820736,
            "10.000000" : 278921216,
            "20.000000" : 501219328,
            "30.000000" : 708837376,
            "40.000000" : 926941184,
            "50.000000" : 1027604480,
            "60.000000" : 1044381696,
            "70.000000" : 1069547520,
            "80.000000" : 1082130432,
            "90.000000" : 1098907648,
            "95.000000" : 1132462080,
            "99.000000" : 1166016512,
            "99.500000" : 1182793728,
            "99.900000" : 1249902592,
            "99.950000" : 1249902592,
            "99.990000" : 1249902592
          }
        },
        "lat_ns" : {
          "min" : 75194845,
          "max" : 1255443283,
          "mean" : 848045812.648438,
          "stddev" : 324349778.922066,
          "N" : 256
        },
        "bw_min" : 466944,
        "bw_max" : 483328,
        "bw_agg" : 98.418750,
        "bw_mean" : 475136.000000,
        "bw_dev" : 11585.237503,
        "bw_samples" : 2,
        "iops_min" : 114,
        "iops_max" : 118,
        "iops_mean" : 116.000000,
        "iops_stddev" : 2.828427,
        "iops_samples" : 2
      },
      "trim" : {
        "io_bytes" : 0,
        "io_kbytes" : 0,
        "bw_bytes" : 0,
        "bw" : 0,
        "iops" : 0.000000,
        "runtime" : 0,
        "total_ios" : 0,
        "short_ios" : 0,
        "drop_ios" : 0,
        "slat_ns" : {
          "min" : 0,
          "max" : 0,
          "mean" : 0.000000,
          "stddev" : 0.000000,
          "N" : 0
        },
        "clat_ns" : {
          "min" : 0,
          "max" : 0,
          "mean" : 0.000000,
          "stddev" : 0.000000,
          "N" : 0
        },
        "lat_ns" : {
          "min" : 0,
          "max" : 0,
          "mean" : 0.000000,
          "stddev" : 0.000000,
          "N" : 0
        },
        "bw_min" : 0,
        "bw_max" : 0,
        "bw_agg" : 0.000000,
        "bw_mean" : 0.000000,
        "bw_dev" : 0.000000,
        "bw_samples" : 0,
        "iops_min" : 0,
        "iops_max" : 0,
        "iops_mean" : 0.000000,
        "iops_stddev" : 0.000000,
        "iops_samples" : 0
      },
      "sync" : {
        "total_ios" : 0,
        "lat_ns" : {
          "min" : 0,
          "max" : 0,
          "mean" : 0.000000,
          "stddev" : 0.000000,
          "N" : 0
        }
      },
      "job_runtime" : 2171,
      "usr_cpu" : 3.316444,
      "sys_cpu" : 5.343160,
      "ctx" : 938,
      "majf" : 0,
      "minf" : 10,
      "iodepth_level" : {
        "1" : 0.390625,
        "2" : 0.781250,
        "4" : 1.562500,
        "8" : 3.125000,
        "16" : 6.250000,
        "32" : 12.500000,
        ">=64" : 75.390625
      },
      "iodepth_submit" : {
        "0" : 0.000000,
        "4" : 100.000000,
        "8" : 0.000000,
        "16" : 0.000000,
        "32" : 0.000000,
        "64" : 0.000000,
        ">=64" : 0.000000
      },
      "iodepth_complete" : {
        "0" : 0.000000,
        "4" : 99.230769,
        "8" : 0.000000,
        "16" : 0.000000,
        "32" : 0.000000,
        "64" : 0.000000,
        ">=64" : 0.769231
      },
      "latency_ns" : {
        "2" : 0.000000,
        "4" : 0.000000,
        "10" : 0.000000,
        "20" : 0.000000,
        "50" : 0.000000,
        "100" : 0.000000,
        "250" : 0.000000,
        "500" : 0.000000,
        "750" : 0.000000,
        "1000" : 0.000000
      },
      "latency_us" : {
        "2" : 0.000000,
        "4" : 0.000000,
        "10" : 0.000000,
        "20" : 0.000000,
        "50" : 0.000000,
        "100" : 0.000000,
        "250" : 0.000000,
        "500" : 0.000000,
        "750" : 0.000000,
        "1000" : 0.000000
      },
      "latency_ms" : {
        "2" : 0.000000,
        "4" : 0.000000,
        "10" : 0.000000,
        "20" : 0.000000,
        "50" : 0.000000,
        "100" : 1.562500,
        "250" : 7.031250,
        "500" : 11.718750,
        "750" : 11.328125,
        "1000" : 11.718750,
        "2000" : 56.640625,
        ">=2000" : 0.000000
      },
      "latency_depth" : 128,
      "latency_target" : 0,
      "latency_percentile" : 100.000000,
      "latency_window" : 0
    }
  ],
  "disk_util" : [
    {
      "name" : "sdb",
      "read_ios" : 0,
      "write_ios" : 7694,
      "read_merges" : 0,
      "write_merges" : 12,
      "read_ticks" : 0,
      "write_ticks" : 502940,
      "in_queue" : 502940,
      "util" : 74.171220
    }
  ]
}
