{
  "fio version" : "fio-3.33",
  "timestamp" : 1747292631,
  "timestamp_ms" : 1747292631966,
  "time" : "Thu May 15 10:03:51 2025",
  "jobs" : [
    {
      "jobname" : "randread_B4_Q128_T1",
      "groupid" : 0,
      "error" : 0,
      "eta" : 0,
      "elapsed" : 5,
      "job options" : {
        "rw" : "randread",
        "name" : "randread_B4_Q128_T1",
        "bs" : "4k",
        "iodepth" : "128",
        "numjobs" : "1",
        "runtime" : "10",
        "direct" : "1",
        "ioengine" : "libaio",
        "size" : "1G",
        "filename" : "/mnt/pve/test/write"
      },
      "read" : {
        "io_bytes" : 1073741824,
        "io_kbytes" : 1048576,
        "bw_bytes" : 252407574,
        "bw" : 246491,
        "iops" : 61622.943112,
        "runtime" : 4254,
        "total_ios" : 262144,
        "short_ios" : 0,
        "drop_ios" : 0,
        "slat_ns" : {
          "min" : 2370,
          "max" : 582781,
          "mean" : 11277.196621,
          "stddev" : 11267.088108,
          "N" : 262144
        },
        "clat_ns" : {
          "min" : 228314,
          "max" : 19640024,
          "mean" : 2063476.230606,
          "stddev" : 506809.828637,
          "N" : 262144,
          "percentile" : {
            "1.000000" : 667648,
            "5.000000" : 1351680,
            "10.000000" : 1712128,
            "20.000000" : 1826816,
            "30.000000" : 1875968,
            "40.000000" : 1925120,
            "50.000000" : 2072576,
            "60.000000" : 2146304,
            "70.000000" : 2310144,
            "80.000000" : 2342912,
            "90.000000" : 2408448,
            "95.000000" : 2539520,
            "99.000000" : 3227648,
            "99.500000" : 3522560,
            "99.900000" : 7438336,
            "99.950000" : 9371648,
            "99.990000" : 13697024
          }
        },
        "lat_ns" : {
          "min" : 237992,
          "max" : 19647895,
          "mean" : 2074753.427227,
          "stddev" : 507467.863664,
          "N" : 262144
        },
        "bw_min" : 228464,
        "bw_max" : 256656,
        "bw_agg" : 99.819965,
        "bw_mean" : 246048.000000,
        "bw_dev" : 10013.874717,
        "bw_samples" : 8,
        "iops_min" : 57116,
        "iops_max" : 64164,
        "iops_mean" : 61512.000000,
        "iops_stddev" : 2503.468679,
        "iops_samples" : 8
      },
      "write" : {
        "io_bytes" : 0,
        "io_kbytes" : 0,
        "bw_bytes" : 0,
        "bw" : 0,
        "iops" : 0.000000,
        "runtime" : 0,
        "total_ios" : 0,
        "short_ios" : 0,
        "drop_ios" : 0,
        "slat_ns" : {
          "min" : 0,
          "max" : 0,
          "mean" : 0.000000,
          "stddev" : 0.000000,
          "N" : 0
        },
        "clat_ns" : {
          "min" : 0,
          "max" : 0,
          "mean" : 0.000000,
          "stddev" : 0.000000,
          "N" : 0
        },
        "lat_ns" : {
          "min" : 0,
          "max" : 0,
          "mean" : 0.000000,
          "stddev" : 0.000000,
          "N" : 0
        },
        "bw_min" : 0,
        "bw_max" : 0,
        "bw_agg" : 0.000000,
        "bw_mean" : 0.000000,
        "bw_dev" : 0.000000,
        "bw_samples" : 0,
        "iops_min" : 0,
        "iops_max" : 0,
        "iops_mean" : 0.000000,
        "iops_stddev" : 0.000000,
        "iops_samples" : 0
      },
      "trim" : {
        "io_bytes" : 0,
        "io_kbytes" : 0,
        "bw_bytes" : 0,
        "bw" : 0,
        "iops" : 0.000000,
        "runtime" : 0,
        "total_ios" : 0,
        "short_ios" : 0,
        "drop_ios" : 0,
        "slat_ns" : {
          "min" : 0,
          "max" : 0,
          "mean" : 0.000000,
          "stddev" : 0.000000,
          "N" : 0
        },
        "clat_ns" : {
          "min" : 0,
          "max" : 0,
          "mean" : 0.000000,
          "stddev" : 0.000000,
          "N" : 0
        },
        "lat_ns" : {
          "min" : 0,
          "max" : 0,
          "mean" : 0.000000,
          "stddev" : 0.000000,
          "N" : 0
        },
        "bw_min" : 0,
        "bw_max" : 0,
        "bw_agg" : 0.000000,
        "bw_mean" : 0.000000,
        "bw_dev" : 0.000000,
        "bw_samples" : 0,
        "iops_min" : 0,
        "iops_max" : 0,
        "iops_mean" : 0.000000,
        "iops_stddev" : 0.000000,
        "iops_samples" : 0
      },
      "sync" : {
        "total_ios" : 0,
        "lat_ns" : {
          "min" : 0,
          "max" : 0,
          "mean" : 0.000000,
          "stddev" : 0.000000,
          "N" : 0
        }
      },
      "job_runtime" : 4253,
      "usr_cpu" : 16.294380,
      "sys_cpu" : 62.214907,
      "ctx" : 109020,
      "majf" : 0,
      "minf" : 271,
      "iodepth_level" : {
        "1" : 0.100000,
        "2" : 0.100000,
        "4" : 0.100000,
        "8" : 0.100000,
        "16" : 0.100000,
        "32" : 0.100000,
        ">=64" : 99.975967
      },
      "iodepth_submit" : {
        "0" : 0.000000,
        "4" : 100.000000,
        "8" : 0.000000,
        "16" : 0.000000,
        "32" : 0.000000,
        "64" : 0.000000,
        ">=64" : 0.000000
      },
      "iodepth_complete" : {
        "0" : 0.000000,
        "4" : 99.999618,
        "8" : 0.000000,
        "16" : 0.000000,
        "32" : 0.000000,
        "64" : 0.000000,
        ">=64" : 0.100000
      },
      "latency_ns" : {
        "2" : 0.000000,
        "4" : 0.000000,
        "10" : 0.000000,
        "20" : 0.000000,
        "50" : 0.000000,
        "100" : 0.000000,
        "250" : 0.000000,
        "500" : 0.000000,
        "750" : 0.000000,
        "1000" : 0.000000
      },
      "latency_us" : {
        "2" : 0.000000,
        "4" : 0.000000,
        "10" : 0.000000,
        "20" : 0.000000,
        "50" : 0.000000,
        "100" : 0.000000,
        "250" : 0.010000,
        "500" : 0.257874,
        "750" : 1.266098,
        "1000" : 1.247787
      },
      "latency_ms" : {
        "2" : 43.015289,
        "4" : 53.885651,
        "10" : 0.288010,
        "20" : 0.038910,
        "50" : 0.000000,
        "100" : 0.000000,
        "250" : 0.000000,
        "500" : 0.000000,
        "750" : 0.000000,
        "1000" : 0.000000,
        "2000" : 0.000000,
        ">=2000" : 0.000000
      },
      "latency_depth" : 128,
      "latency_target" : 0,
      "latency_percentile" : 100.000000,
      "latency_window" : 0
    }
  ],
  "disk_util" : [
    {
      "name" : "sdb",
      "read_ios" : 254427,
      "write_ios" : 19,
      "read_merges" : 144,
      "write_merges" : 2,
      "read_ticks" : 154029,
      "write_ticks" : 41,
      "in_queue" : 154070,
      "util" : 97.690858
    }
  ]
}
