{
  "fio version" : "fio-3.33",
  "timestamp" : 1747292442,
  "timestamp_ms" : 1747292442732,
  "time" : "Thu May 15 10:00:42 2025",
  "jobs" : [
    {
      "jobname" : "randread_B4096_Q32_T1",
      "groupid" : 0,
      "error" : 0,
      "eta" : 0,
      "elapsed" : 3,
      "job options" : {
        "rw" : "randread",
        "name" : "randread_B4096_Q32_T1",
        "bs" : "4096k",
        "iodepth" : "32",
        "numjobs" : "1",
        "runtime" : "10",
        "direct" : "1",
        "ioengine" : "libaio",
        "size" : "1G",
        "filename" : "/mnt/pve/test/write"
      },
      "read" : {
        "io_bytes" : 1073741824,
        "io_kbytes" : 1048576,
        "bw_bytes" : 521740439,
        "bw" : 509512,
        "iops" : 124.392614,
        "runtime" : 2058,
        "total_ios" : 256,
        "short_ios" : 0,
        "drop_ios" : 0,
        "slat_ns" : {
          "min" : 3941939,
          "max" : 9830800,
          "mean" : 7784398.285156,
          "stddev" : 1077630.252887,
          "N" : 256
        },
        "clat_ns" : {
          "min" : 62041424,
          "max" : 410180011,
          "mean" : 239240234.878906,
          "stddev" : 48875591.200530,
          "N" : 256,
          "percentile" : {
            "1.000000" : 78118912,
            "5.000000" : 160432128,
            "10.000000" : 200278016,
            "20.000000" : 206569472,
            "30.000000" : 217055232,
            "40.000000" : 223346688,
            "50.000000" : 240123904,
            "60.000000" : 254803968,
            "70.000000" : 265289728,
            "80.000000" : 274726912,
            "90.000000" : 291504128,
            "95.000000" : 312475648,
            "99.000000" : 371195904,
            "99.500000" : 383778816,
            "99.900000" : 408944640,
            "99.950000" : 408944640,
            "99.990000" : 408944640
          }
        },
        "lat_ns" : {
          "min" : 70184294,
          "max" : 418595094,
          "mean" : 247024633.164062,
          "stddev" : 48951729.496008,
          "N" : 256
        },
        "bw_min" : 319488,
        "bw_max" : 507904,
        "bw_agg" : 90.439453,
        "bw_mean" : 460800.000000,
        "bw_dev" : 94208.000000,
        "bw_samples" : 4,
        "iops_min" : 78,
        "iops_max" : 124,
        "iops_mean" : 112.500000,
        "iops_stddev" : 23.000000,
        "iops_samples" : 4
      },
      "write" : {
        "io_bytes" : 0,
        "io_kbytes" : 0,
        "bw_bytes" : 0,
        "bw" : 0,
        "iops" : 0.000000,
        "runtime" : 0,
        "total_ios" : 0,
        "short_ios" : 0,
        "drop_ios" : 0,
        "slat_ns" : {
          "min" : 0,
          "max" : 0,
          "mean" : 0.000000,
          "stddev" : 0.000000,
          "N" : 0
        },
        "clat_ns" : {
          "min" : 0,
          "max" : 0,
          "mean" : 0.000000,
          "stddev" : 0.000000,
          "N" : 0
        },
        "lat_ns" : {
          "min" : 0,
          "max" : 0,
          "mean" : 0.000000,
          "stddev" : 0.000000,
          "N" : 0
        },
        "bw_min" : 0,
        "bw_max" : 0,
        "bw_agg" : 0.000000,
        "bw_mean" : 0.000000,
        "bw_dev" : 0.000000,
        "bw_samples" : 0,
        "iops_min" : 0,
        "iops_max" : 0,
        "iops_mean" : 0.000000,
        "iops_stddev" : 0.000000,
        "iops_samples" : 0
      },
      "trim" : {
        "io_bytes" : 0,
        "io_kbytes" : 0,
        "bw_bytes" : 0,
        "bw" : 0,
        "iops" : 0.000000,
        "runtime" : 0,
        "total_ios" : 0,
        "short_ios" : 0,
        "drop_ios" : 0,
        "slat_ns" : {
          "min" : 0,
          "max" : 0,
          "mean" : 0.000000,
          "stddev" : 0.000000,
          "N" : 0
        },
        "clat_ns" : {
          "min" : 0,
          "max" : 0,
          "mean" : 0.000000,
          "stddev" : 0.000000,
          "N" : 0
        },
        "lat_ns" : {
          "min" : 0,
          "max" : 0,
          "mean" : 0.000000,
          "stddev" : 0.000000,
          "N" : 0
        },
        "bw_min" : 0,
        "bw_max" : 0,
        "bw_agg" : 0.000000,
        "bw_mean" : 0.000000,
        "bw_dev" : 0.000000,
        "bw_samples" : 0,
        "iops_min" : 0,
        "iops_max" : 0,
        "iops_mean" : 0.000000,
        "iops_stddev" : 0.000000,
        "iops_samples" : 0
      },
      "sync" : {
        "total_ios" : 0,
        "lat_ns" : {
          "min" : 0,
          "max" : 0,
          "mean" : 0.000000,
          "stddev" : 0.000000,
          "N" : 0
        }
      },
      "job_runtime" : 2057,
      "usr_cpu" : 0.048614,
      "sys_cpu" : 10.549344,
      "ctx" : 1183,
      "majf" : 0,
      "minf" : 32778,
      "iodepth_level" : {
        "1" : 0.390625,
        "2" : 0.781250,
        "4" : 1.562500,
        "8" : 3.125000,
        "16" : 6.250000,
        "32" : 87.890625,
        ">=64" : 0.000000
      },
      "iodepth_submit" : {
        "0" : 0.000000,
        "4" : 100.000000,
        "8" : 0.000000,
        "16" : 0.000000,
        "32" : 0.000000,
        "64" : 0.000000,
        ">=64" : 0.000000
      },
      "iodepth_complete" : {
        "0" : 0.000000,
        "4" : 99.557522,
        "8" : 0.000000,
        "16" : 0.000000,
        "32" : 0.442478,
        "64" : 0.000000,
        ">=64" : 0.000000
      },
      "latency_ns" : {
        "2" : 0.000000,
        "4" : 0.000000,
        "10" : 0.000000,
        "20" : 0.000000,
        "50" : 0.000000,
        "100" : 0.000000,
        "250" : 0.000000,
        "500" : 0.000000,
        "750" : 0.000000,
        "1000" : 0.000000
      },
      "latency_us" : {
        "2" : 0.000000,
        "4" : 0.000000,
        "10" : 0.000000,
        "20" : 0.000000,
        "50" : 0.000000,
        "100" : 0.000000,
        "250" : 0.000000,
        "500" : 0.000000,
        "750" : 0.000000,
        "1000" : 0.000000
      },
      "latency_ms" : {
        "2" : 0.000000,
        "4" : 0.000000,
        "10" : 0.000000,
        "20" : 0.000000,
        "50" : 0.000000,
        "100" : 1.953125,
        "250" : 56.640625,
        "500" : 41.406250,
        "750" : 0.000000,
        "1000" : 0.000000,
        "2000" : 0.000000,
        ">=2000" : 0.000000
      },
      "latency_depth" : 32,
      "latency_target" : 0,
      "latency_percentile" : 100.000000,
      "latency_window" : 0
    }
  ],
  "disk_util" : [
    {
      "name" : "sdb",
      "read_ios" : 7581,
      "write_ios" : 2,
      "read_merges" : 72,
      "write_merges" : 2,
      "read_ticks" : 459857,
      "write_ticks" : 7,
      "in_queue" : 459864,
      "util" : 94.987469
    }
  ]
}
