{
  "fio version" : "fio-3.33",
  "timestamp" : 1747292535,
  "timestamp_ms" : 1747292535836,
  "time" : "Thu May 15 10:02:15 2025",
  "jobs" : [
    {
      "jobname" : "randread_B8_Q1_T1",
      "groupid" : 0,
      "error" : 0,
      "eta" : 0,
      "elapsed" : 11,
      "job options" : {
        "rw" : "randread",
        "name" : "randread_B8_Q1_T1",
        "bs" : "8k",
        "iodepth" : "1",
        "numjobs" : "1",
        "runtime" : "10",
        "direct" : "1",
        "ioengine" : "libaio",
        "size" : "1G",
        "filename" : "/mnt/pve/test/write"
      },
      "read" : {
        "io_bytes" : 498663424,
        "io_kbytes" : 486976,
        "bw_bytes" : 49861356,
        "bw" : 48692,
        "iops" : 6086.591341,
        "runtime" : 10001,
        "total_ios" : 60872,
        "short_ios" : 0,
        "drop_ios" : 0,
        "slat_ns" : {
          "min" : 15188,
          "max" : 588152,
          "mean" : 16912.702408,
          "stddev" : 6418.611944,
          "N" : 60872
        },
        "clat_ns" : {
          "min" : 27292,
          "max" : 2680199,
          "mean" : 145038.546557,
          "stddev" : 22748.674498,
          "N" : 60872,
          "percentile" : {
            "1.000000" : 113152,
            "5.000000" : 115200,
            "10.000000" : 124416,
            "20.000000" : 142336,
            "30.000000" : 144384,
            "40.000000" : 144384,
            "50.000000" : 146432,
            "60.000000" : 146432,
            "70.000000" : 146432,
            "80.000000" : 148480,
            "90.000000" : 154624,
            "95.000000" : 156672,
            "99.000000" : 214016,
            "99.500000" : 216064,
            "99.900000" : 477184,
            "99.950000" : 544768,
            "99.990000" : 585728
          }
        },
        "lat_ns" : {
          "min" : 88303,
          "max" : 2719161,
          "mean" : 161951.248965,
          "stddev" : 23654.796976,
          "N" : 60872
        },
        "bw_min" : 48288,
        "bw_max" : 48992,
        "bw_agg" : 100.000000,
        "bw_mean" : 48740.210526,
        "bw_dev" : 163.503170,
        "bw_samples" : 19,
        "iops_min" : 6036,
        "iops_max" : 6124,
        "iops_mean" : 6092.526316,
        "iops_stddev" : 20.437896,
        "iops_samples" : 19
      },
      "write" : {
        "io_bytes" : 0,
        "io_kbytes" : 0,
        "bw_bytes" : 0,
        "bw" : 0,
        "iops" : 0.000000,
        "runtime" : 0,
        "total_ios" : 0,
        "short_ios" : 0,
        "drop_ios" : 0,
        "slat_ns" : {
          "min" : 0,
          "max" : 0,
          "mean" : 0.000000,
          "stddev" : 0.000000,
          "N" : 0
        },
        "clat_ns" : {
          "min" : 0,
          "max" : 0,
          "mean" : 0.000000,
          "stddev" : 0.000000,
          "N" : 0
        },
        "lat_ns" : {
          "min" : 0,
          "max" : 0,
          "mean" : 0.000000,
          "stddev" : 0.000000,
          "N" : 0
        },
        "bw_min" : 0,
        "bw_max" : 0,
        "bw_agg" : 0.000000,
        "bw_mean" : 0.000000,
        "bw_dev" : 0.000000,
        "bw_samples" : 0,
        "iops_min" : 0,
        "iops_max" : 0,
        "iops_mean" : 0.000000,
        "iops_stddev" : 0.000000,
        "iops_samples" : 0
      },
      "trim" : {
        "io_bytes" : 0,
        "io_kbytes" : 0,
        "bw_bytes" : 0,
        "bw" : 0,
        "iops" : 0.000000,
        "runtime" : 0,
        "total_ios" : 0,
        "short_ios" : 0,
        "drop_ios" : 0,
        "slat_ns" : {
          "min" : 0,
          "max" : 0,
          "mean" : 0.000000,
          "stddev" : 0.000000,
          "N" : 0
        },
        "clat_ns" : {
          "min" : 0,
          "max" : 0,
          "mean" : 0.000000,
          "stddev" : 0.000000,
          "N" : 0
        },
        "lat_ns" : {
          "min" : 0,
          "max" : 0,
          "mean" : 0.000000,
          "stddev" : 0.000000,
          "N" : 0
        },
        "bw_min" : 0,
        "bw_max" : 0,
        "bw_agg" : 0.000000,
        "bw_mean" : 0.000000,
        "bw_dev" : 0.000000,
        "bw_samples" : 0,
        "iops_min" : 0,
        "iops_max" : 0,
        "iops_mean" : 0.000000,
        "iops_stddev" : 0.000000,
        "iops_samples" : 0
      },
      "sync" : {
        "total_ios" : 0,
        "lat_ns" : {
          "min" : 0,
          "max" : 0,
          "mean" : 0.000000,
          "stddev" : 0.000000,
          "N" : 0
        }
      },
      "job_runtime" : 10000,
      "usr_cpu" : 4.810000,
      "sys_cpu" : 14.040000,
      "ctx" : 60870,
      "majf" : 0,
      "minf" : 21,
      "iodepth_level" : {
        "1" : 100.000000,
        "2" : 0.000000,
        "4" : 0.000000,
        "8" : 0.000000,
        "16" : 0.000000,
        "32" : 0.000000,
        ">=64" : 0.000000
      },
      "iodepth_submit" : {
        "0" : 0.000000,
        "4" : 100.000000,
        "8" : 0.000000,
        "16" : 0.000000,
        "32" : 0.000000,
        "64" : 0.000000,
        ">=64" : 0.000000
      },
      "iodepth_complete" : {
        "0" : 0.000000,
        "4" : 100.000000,
        "8" : 0.000000,
        "16" : 0.000000,
        "32" : 0.000000,
        "64" : 0.000000,
        ">=64" : 0.000000
      },
      "latency_ns" : {
        "2" : 0.000000,
        "4" : 0.000000,
        "10" : 0.000000,
        "20" : 0.000000,
        "50" : 0.000000,
        "100" : 0.000000,
        "250" : 0.000000,
        "500" : 0.000000,
        "750" : 0.000000,
        "1000" : 0.000000
      },
      "latency_us" : {
        "2" : 0.000000,
        "4" : 0.000000,
        "10" : 0.000000,
        "20" : 0.000000,
        "50" : 0.010000,
        "100" : 0.016428,
        "250" : 99.860363,
        "500" : 0.045998,
        "750" : 0.070640,
        "1000" : 0.000000
      },
      "latency_ms" : {
        "2" : 0.010000,
        "4" : 0.010000,
        "10" : 0.000000,
        "20" : 0.000000,
        "50" : 0.000000,
        "100" : 0.000000,
        "250" : 0.000000,
        "500" : 0.000000,
        "750" : 0.000000,
        "1000" : 0.000000,
        "2000" : 0.000000,
        ">=2000" : 0.000000
      },
      "latency_depth" : 1,
      "latency_target" : 0,
      "latency_percentile" : 100.000000,
      "latency_window" : 0
    }
  ],
  "disk_util" : [
    {
      "name" : "sdb",
      "read_ios" : 60226,
      "write_ios" : 18,
      "read_merges" : 0,
      "write_merges" : 2,
      "read_ticks" : 8899,
      "write_ticks" : 26,
      "in_queue" : 8925,
      "util" : 99.058871
    }
  ]
}
