{
  "fio version" : "fio-3.33",
  "timestamp" : 1747292669,
  "timestamp_ms" : 1747292669376,
  "time" : "Thu May 15 10:04:29 2025",
  "jobs" : [
    {
      "jobname" : "read_B8_Q32_T1",
      "groupid" : 0,
      "error" : 0,
      "eta" : 0,
      "elapsed" : 4,
      "job options" : {
        "rw" : "read",
        "name" : "read_B8_Q32_T1",
        "bs" : "8k",
        "iodepth" : "32",
        "numjobs" : "1",
        "runtime" : "10",
        "direct" : "1",
        "ioengine" : "libaio",
        "size" : "1G",
        "filename" : "/mnt/pve/test/write"
      },
      "read" : {
        "io_bytes" : 1073741824,
        "io_kbytes" : 1048576,
        "bw_bytes" : 347939670,
        "bw" : 339784,
        "iops" : 42473.104342,
        "runtime" : 3086,
        "total_ios" : 131072,
        "short_ios" : 0,
        "drop_ios" : 0,
        "slat_ns" : {
          "min" : 4688,
          "max" : 550221,
          "mean" : 13646.339119,
          "stddev" : 8214.770698,
          "N" : 131072
        },
        "clat_ns" : {
          "min" : 176028,
          "max" : 1653296,
          "mean" : 738433.515030,
          "stddev" : 166315.567959,
          "N" : 131072,
          "percentile" : {
            "1.000000" : 460800,
            "5.000000" : 518144,
            "10.000000" : 544768,
            "20.000000" : 593920,
            "30.000000" : 643072,
            "40.000000" : 675840,
            "50.000000" : 708608,
            "60.000000" : 749568,
            "70.000000" : 798720,
            "80.000000" : 864256,
            "90.000000" : 987136,
            "95.000000" : 1073152,
            "99.000000" : 1187840,
            "99.500000" : 1253376,
            "99.900000" : 1335296,
            "99.950000" : 1433600,
            "99.990000" : 1564672
          }
        },
        "lat_ns" : {
          "min" : 186417,
          "max" : 1665286,
          "mean" : 752079.854149,
          "stddev" : 164927.322008,
          "N" : 131072
        },
        "bw_min" : 329088,
        "bw_max" : 346944,
        "bw_agg" : 100.000000,
        "bw_mean" : 340053.333333,
        "bw_dev" : 6783.408779,
        "bw_samples" : 6,
        "iops_min" : 41136,
        "iops_max" : 43368,
        "iops_mean" : 42506.666667,
        "iops_stddev" : 847.926097,
        "iops_samples" : 6
      },
      "write" : {
        "io_bytes" : 0,
        "io_kbytes" : 0,
        "bw_bytes" : 0,
        "bw" : 0,
        "iops" : 0.000000,
        "runtime" : 0,
        "total_ios" : 0,
        "short_ios" : 0,
        "drop_ios" : 0,
        "slat_ns" : {
          "min" : 0,
          "max" : 0,
          "mean" : 0.000000,
          "stddev" : 0.000000,
          "N" : 0
        },
        "clat_ns" : {
          "min" : 0,
          "max" : 0,
          "mean" : 0.000000,
          "stddev" : 0.000000,
          "N" : 0
        },
        "lat_ns" : {
          "min" : 0,
          "max" : 0,
          "mean" : 0.000000,
          "stddev" : 0.000000,
          "N" : 0
        },
        "bw_min" : 0,
        "bw_max" : 0,
        "bw_agg" : 0.000000,
        "bw_mean" : 0.000000,
        "bw_dev" : 0.000000,
        "bw_samples" : 0,
        "iops_min" : 0,
        "iops_max" : 0,
        "iops_mean" : 0.000000,
        "iops_stddev" : 0.000000,
        "iops_samples" : 0
      },
      "trim" : {
        "io_bytes" : 0,
        "io_kbytes" : 0,
        "bw_bytes" : 0,
        "bw" : 0,
        "iops" : 0.000000,
        "runtime" : 0,
        "total_ios" : 0,
        "short_ios" : 0,
        "drop_ios" : 0,
        "slat_ns" : {
          "min" : 0,
          "max" : 0,
          "mean" : 0.000000,
          "stddev" : 0.000000,
          "N" : 0
        },
        "clat_ns" : {
          "min" : 0,
          "max" : 0,
          "mean" : 0.000000,
          "stddev" : 0.000000,
          "N" : 0
        },
        "lat_ns" : {
          "min" : 0,
          "max" : 0,
          "mean" : 0.000000,
          "stddev" : 0.000000,
          "N" : 0
        },
        "bw_min" : 0,
        "bw_max" : 0,
        "bw_agg" : 0.000000,
        "bw_mean" : 0.000000,
        "bw_dev" : 0.000000,
        "bw_samples" : 0,
        "iops_min" : 0,
        "iops_max" : 0,
        "iops_mean" : 0.000000,
        "iops_stddev" : 0.000000,
        "iops_samples" : 0
      },
      "sync" : {
        "total_ios" : 0,
        "lat_ns" : {
          "min" : 0,
          "max" : 0,
          "mean" : 0.000000,
          "stddev" : 0.000000,
          "N" : 0
        }
      },
      "job_runtime" : 3085,
      "usr_cpu" : 14.554295,
      "sys_cpu" : 60.259319,
      "ctx" : 7948,
      "majf" : 0,
      "minf" : 75,
      "iodepth_level" : {
        "1" : 0.100000,
        "2" : 0.100000,
        "4" : 0.100000,
        "8" : 0.100000,
        "16" : 0.100000,
        "32" : 99.976349,
        ">=64" : 0.000000
      },
      "iodepth_submit" : {
        "0" : 0.000000,
        "4" : 100.000000,
        "8" : 0.000000,
        "16" : 0.000000,
        "32" : 0.000000,
        "64" : 0.000000,
        ">=64" : 0.000000
      },
      "iodepth_complete" : {
        "0" : 0.000000,
        "4" : 99.999237,
        "8" : 0.000000,
        "16" : 0.000000,
        "32" : 0.100000,
        "64" : 0.000000,
        ">=64" : 0.000000
      },
      "latency_ns" : {
        "2" : 0.000000,
        "4" : 0.000000,
        "10" : 0.000000,
        "20" : 0.000000,
        "50" : 0.000000,
        "100" : 0.000000,
        "250" : 0.000000,
        "500" : 0.000000,
        "750" : 0.000000,
        "1000" : 0.000000
      },
      "latency_us" : {
        "2" : 0.000000,
        "4" : 0.000000,
        "10" : 0.000000,
        "20" : 0.000000,
        "50" : 0.000000,
        "100" : 0.000000,
        "250" : 0.017548,
        "500" : 2.989960,
        "750" : 58.092499,
        "1000" : 29.795074
      },
      "latency_ms" : {
        "2" : 9.104919,
        "4" : 0.000000,
        "10" : 0.000000,
        "20" : 0.000000,
        "50" : 0.000000,
        "100" : 0.000000,
        "250" : 0.000000,
        "500" : 0.000000,
        "750" : 0.000000,
        "1000" : 0.000000,
        "2000" : 0.000000,
        ">=2000" : 0.000000
      },
      "latency_depth" : 32,
      "latency_target" : 0,
      "latency_percentile" : 100.000000,
      "latency_window" : 0
    }
  ],
  "disk_util" : [
    {
      "name" : "sdb",
      "read_ios" : 103390,
      "write_ios" : 2,
      "read_merges" : 19472,
      "write_merges" : 2,
      "read_ticks" : 62719,
      "write_ticks" : 1,
      "in_queue" : 62720,
      "util" : 96.694491
    }
  ]
}
