{
  "fio version" : "fio-3.33",
  "timestamp" : 1747292734,
  "timestamp_ms" : 1747292734567,
  "time" : "Thu May 15 10:05:34 2025",
  "jobs" : [
    {
      "jobname" : "read_B4_Q128_T1",
      "groupid" : 0,
      "error" : 0,
      "eta" : 0,
      "elapsed" : 5,
      "job options" : {
        "rw" : "read",
        "name" : "read_B4_Q128_T1",
        "bs" : "4k",
        "iodepth" : "128",
        "numjobs" : "1",
        "runtime" : "10",
        "direct" : "1",
        "ioengine" : "libaio",
        "size" : "1G",
        "filename" : "/mnt/pve/test/write"
      },
      "read" : {
        "io_bytes" : 1073741824,
        "io_kbytes" : 1048576,
        "bw_bytes" : 252942714,
        "bw" : 247014,
        "iops" : 61753.592462,
        "runtime" : 4245,
        "total_ios" : 262144,
        "short_ios" : 0,
        "drop_ios" : 0,
        "slat_ns" : {
          "min" : 2485,
          "max" : 568347,
          "mean" : 11236.035717,
          "stddev" : 10684.749729,
          "N" : 262144
        },
        "clat_ns" : {
          "min" : 69959,
          "max" : 4461276,
          "mean" : 2059500.333340,
          "stddev" : 654537.282165,
          "N" : 262144,
          "percentile" : {
            "1.000000" : 897024,
            "5.000000" : 1138688,
            "10.000000" : 1253376,
            "20.000000" : 1400832,
            "30.000000" : 1564672,
            "40.000000" : 1744896,
            "50.000000" : 1990656,
            "60.000000" : 2342912,
            "70.000000" : 2473984,
            "80.000000" : 2703360,
            "90.000000" : 2965504,
            "95.000000" : 3096576,
            "99.000000" : 3260416,
            "99.500000" : 3391488,
            "99.900000" : 3948544,
            "99.950000" : 4112384,
            "99.990000" : 4292608
          }
        },
        "lat_ns" : {
          "min" : 87216,
          "max" : 4466452,
          "mean" : 2070736.369057,
          "stddev" : 658667.344822,
          "N" : 262144
        },
        "bw_min" : 211184,
        "bw_max" : 290496,
        "bw_agg" : 100.000000,
        "bw_mean" : 247240.000000,
        "bw_dev" : 29150.450327,
        "bw_samples" : 8,
        "iops_min" : 52796,
        "iops_max" : 72626,
        "iops_mean" : 61810.250000,
        "iops_stddev" : 7288.036572,
        "iops_samples" : 8
      },
      "write" : {
        "io_bytes" : 0,
        "io_kbytes" : 0,
        "bw_bytes" : 0,
        "bw" : 0,
        "iops" : 0.000000,
        "runtime" : 0,
        "total_ios" : 0,
        "short_ios" : 0,
        "drop_ios" : 0,
        "slat_ns" : {
          "min" : 0,
          "max" : 0,
          "mean" : 0.000000,
          "stddev" : 0.000000,
          "N" : 0
        },
        "clat_ns" : {
          "min" : 0,
          "max" : 0,
          "mean" : 0.000000,
          "stddev" : 0.000000,
          "N" : 0
        },
        "lat_ns" : {
          "min" : 0,
          "max" : 0,
          "mean" : 0.000000,
          "stddev" : 0.000000,
          "N" : 0
        },
        "bw_min" : 0,
        "bw_max" : 0,
        "bw_agg" : 0.000000,
        "bw_mean" : 0.000000,
        "bw_dev" : 0.000000,
        "bw_samples" : 0,
        "iops_min" : 0,
        "iops_max" : 0,
        "iops_mean" : 0.000000,
        "iops_stddev" : 0.000000,
        "iops_samples" : 0
      },
      "trim" : {
        "io_bytes" : 0,
        "io_kbytes" : 0,
        "bw_bytes" : 0,
        "bw" : 0,
        "iops" : 0.000000,
        "runtime" : 0,
        "total_ios" : 0,
        "short_ios" : 0,
        "drop_ios" : 0,
        "slat_ns" : {
          "min" : 0,
          "max" : 0,
          "mean" : 0.000000,
          "stddev" : 0.000000,
          "N" : 0
        },
        "clat_ns" : {
          "min" : 0,
          "max" : 0,
          "mean" : 0.000000,
          "stddev" : 0.000000,
          "N" : 0
        },
        "lat_ns" : {
          "min" : 0,
          "max" : 0,
          "mean" : 0.000000,
          "stddev" : 0.000000,
          "N" : 0
        },
        "bw_min" : 0,
        "bw_max" : 0,
        "bw_agg" : 0.000000,
        "bw_mean" : 0.000000,
        "bw_dev" : 0.000000,
        "bw_samples" : 0,
        "iops_min" : 0,
        "iops_max" : 0,
        "iops_mean" : 0.000000,
        "iops_stddev" : 0.000000,
        "iops_samples" : 0
      },
      "sync" : {
        "total_ios" : 0,
        "lat_ns" : {
          "min" : 0,
          "max" : 0,
          "mean" : 0.000000,
          "stddev" : 0.000000,
          "N" : 0
        }
      },
      "job_runtime" : 4244,
      "usr_cpu" : 20.334590,
      "sys_cpu" : 67.860509,
      "ctx" : 8732,
      "majf" : 0,
      "minf" : 199,
      "iodepth_level" : {
        "1" : 0.100000,
        "2" : 0.100000,
        "4" : 0.100000,
        "8" : 0.100000,
        "16" : 0.100000,
        "32" : 0.100000,
        ">=64" : 99.975967
      },
      "iodepth_submit" : {
        "0" : 0.000000,
        "4" : 100.000000,
        "8" : 0.000000,
        "16" : 0.000000,
        "32" : 0.000000,
        "64" : 0.000000,
        ">=64" : 0.000000
      },
      "iodepth_complete" : {
        "0" : 0.000000,
        "4" : 99.999618,
        "8" : 0.000000,
        "16" : 0.000000,
        "32" : 0.000000,
        "64" : 0.000000,
        ">=64" : 0.100000
      },
      "latency_ns" : {
        "2" : 0.000000,
        "4" : 0.000000,
        "10" : 0.000000,
        "20" : 0.000000,
        "50" : 0.000000,
        "100" : 0.000000,
        "250" : 0.000000,
        "500" : 0.000000,
        "750" : 0.000000,
        "1000" : 0.000000
      },
      "latency_us" : {
        "2" : 0.000000,
        "4" : 0.000000,
        "10" : 0.000000,
        "20" : 0.000000,
        "50" : 0.000000,
        "100" : 0.010000,
        "250" : 0.010000,
        "500" : 0.059509,
        "750" : 0.227737,
        "1000" : 1.963043
      },
      "latency_ms" : {
        "2" : 47.851181,
        "4" : 49.809265,
        "10" : 0.084686,
        "20" : 0.000000,
        "50" : 0.000000,
        "100" : 0.000000,
        "250" : 0.000000,
        "500" : 0.000000,
        "750" : 0.000000,
        "1000" : 0.000000,
        "2000" : 0.000000,
        ">=2000" : 0.000000
      },
      "latency_depth" : 128,
      "latency_target" : 0,
      "latency_percentile" : 100.000000,
      "latency_window" : 0
    }
  ],
  "disk_util" : [
    {
      "name" : "sdb",
      "read_ios" : 158776,
      "write_ios" : 2,
      "read_merges" : 97695,
      "write_merges" : 2,
      "read_ticks" : 94562,
      "write_ticks" : 1,
      "in_queue" : 94563,
      "util" : 97.714420
    }
  ]
}
