{
  "fio version" : "fio-3.33",
  "timestamp" : 1747292744,
  "timestamp_ms" : 1747292744935,
  "time" : "Thu May 15 10:05:44 2025",
  "jobs" : [
    {
      "jobname" : "read_B8_Q1_T1",
      "groupid" : 0,
      "error" : 0,
      "eta" : 0,
      "elapsed" : 11,
      "job options" : {
        "rw" : "read",
        "name" : "read_B8_Q1_T1",
        "bs" : "8k",
        "iodepth" : "1",
        "numjobs" : "1",
        "runtime" : "10",
        "direct" : "1",
        "ioengine" : "libaio",
        "size" : "1G",
        "filename" : "/mnt/pve/test/write"
      },
      "read" : {
        "io_bytes" : 443334656,
        "io_kbytes" : 432944,
        "bw_bytes" : 44329032,
        "bw" : 43290,
        "iops" : 5411.258874,
        "runtime" : 10001,
        "total_ios" : 54118,
        "short_ios" : 0,
        "drop_ios" : 0,
        "slat_ns" : {
          "min" : 15098,
          "max" : 469504,
          "mean" : 16835.880409,
          "stddev" : 5950.739614,
          "N" : 54118
        },
        "clat_ns" : {
          "min" : 23207,
          "max" : 3054197,
          "mean" : 166082.097195,
          "stddev" : 40793.882107,
          "N" : 54118,
          "percentile" : {
            "1.000000" : 118272,
            "5.000000" : 119296,
            "10.000000" : 120320,
            "20.000000" : 142336,
            "30.000000" : 150528,
            "40.000000" : 150528,
            "50.000000" : 152576,
            "60.000000" : 154624,
            "70.000000" : 185344,
            "80.000000" : 211968,
            "90.000000" : 216064,
            "95.000000" : 218112,
            "99.000000" : 220160,
            "99.500000" : 222208,
            "99.900000" : 497664,
            "99.950000" : 569344,
            "99.990000" : 675840
          }
        },
        "lat_ns" : {
          "min" : 132760,
          "max" : 3093797,
          "mean" : 182917.977604,
          "stddev" : 41293.658348,
          "N" : 54118
        },
        "bw_min" : 43040,
        "bw_max" : 44096,
        "bw_agg" : 100.000000,
        "bw_mean" : 43353.263158,
        "bw_dev" : 276.373508,
        "bw_samples" : 19,
        "iops_min" : 5380,
        "iops_max" : 5512,
        "iops_mean" : 5419.157895,
        "iops_stddev" : 34.546688,
        "iops_samples" : 19
      },
      "write" : {
        "io_bytes" : 0,
        "io_kbytes" : 0,
        "bw_bytes" : 0,
        "bw" : 0,
        "iops" : 0.000000,
        "runtime" : 0,
        "total_ios" : 0,
        "short_ios" : 0,
        "drop_ios" : 0,
        "slat_ns" : {
          "min" : 0,
          "max" : 0,
          "mean" : 0.000000,
          "stddev" : 0.000000,
          "N" : 0
        },
        "clat_ns" : {
          "min" : 0,
          "max" : 0,
          "mean" : 0.000000,
          "stddev" : 0.000000,
          "N" : 0
        },
        "lat_ns" : {
          "min" : 0,
          "max" : 0,
          "mean" : 0.000000,
          "stddev" : 0.000000,
          "N" : 0
        },
        "bw_min" : 0,
        "bw_max" : 0,
        "bw_agg" : 0.000000,
        "bw_mean" : 0.000000,
        "bw_dev" : 0.000000,
        "bw_samples" : 0,
        "iops_min" : 0,
        "iops_max" : 0,
        "iops_mean" : 0.000000,
        "iops_stddev" : 0.000000,
        "iops_samples" : 0
      },
      "trim" : {
        "io_bytes" : 0,
        "io_kbytes" : 0,
        "bw_bytes" : 0,
        "bw" : 0,
        "iops" : 0.000000,
        "runtime" : 0,
        "total_ios" : 0,
        "short_ios" : 0,
        "drop_ios" : 0,
        "slat_ns" : {
          "min" : 0,
          "max" : 0,
          "mean" : 0.000000,
          "stddev" : 0.000000,
          "N" : 0
        },
        "clat_ns" : {
          "min" : 0,
          "max" : 0,
          "mean" : 0.000000,
          "stddev" : 0.000000,
          "N" : 0
        },
        "lat_ns" : {
          "min" : 0,
          "max" : 0,
          "mean" : 0.000000,
          "stddev" : 0.000000,
          "N" : 0
        },
        "bw_min" : 0,
        "bw_max" : 0,
        "bw_agg" : 0.000000,
        "bw_mean" : 0.000000,
        "bw_dev" : 0.000000,
        "bw_samples" : 0,
        "iops_min" : 0,
        "iops_max" : 0,
        "iops_mean" : 0.000000,
        "iops_stddev" : 0.000000,
        "iops_samples" : 0
      },
      "sync" : {
        "total_ios" : 0,
        "lat_ns" : {
          "min" : 0,
          "max" : 0,
          "mean" : 0.000000,
          "stddev" : 0.000000,
          "N" : 0
        }
      },
      "job_runtime" : 10000,
      "usr_cpu" : 3.890000,
      "sys_cpu" : 12.350000,
      "ctx" : 54118,
      "majf" : 0,
      "minf" : 14,
      "iodepth_level" : {
        "1" : 100.000000,
        "2" : 0.000000,
        "4" : 0.000000,
        "8" : 0.000000,
        "16" : 0.000000,
        "32" : 0.000000,
        ">=64" : 0.000000
      },
      "iodepth_submit" : {
        "0" : 0.000000,
        "4" : 100.000000,
        "8" : 0.000000,
        "16" : 0.000000,
        "32" : 0.000000,
        "64" : 0.000000,
        ">=64" : 0.000000
      },
      "iodepth_complete" : {
        "0" : 0.000000,
        "4" : 100.000000,
        "8" : 0.000000,
        "16" : 0.000000,
        "32" : 0.000000,
        "64" : 0.000000,
        ">=64" : 0.000000
      },
      "latency_ns" : {
        "2" : 0.000000,
        "4" : 0.000000,
        "10" : 0.000000,
        "20" : 0.000000,
        "50" : 0.000000,
        "100" : 0.000000,
        "250" : 0.000000,
        "500" : 0.000000,
        "750" : 0.000000,
        "1000" : 0.000000
      },
      "latency_us" : {
        "2" : 0.000000,
        "4" : 0.000000,
        "10" : 0.000000,
        "20" : 0.000000,
        "50" : 0.010000,
        "100" : 0.000000,
        "250" : 99.852175,
        "500" : 0.046195,
        "750" : 0.092391,
        "1000" : 0.000000
      },
      "latency_ms" : {
        "2" : 0.010000,
        "4" : 0.010000,
        "10" : 0.000000,
        "20" : 0.000000,
        "50" : 0.000000,
        "100" : 0.000000,
        "250" : 0.000000,
        "500" : 0.000000,
        "750" : 0.000000,
        "1000" : 0.000000,
        "2000" : 0.000000,
        ">=2000" : 0.000000
      },
      "latency_depth" : 1,
      "latency_target" : 0,
      "latency_percentile" : 100.000000,
      "latency_window" : 0
    }
  ],
  "disk_util" : [
    {
      "name" : "sdb",
      "read_ios" : 53557,
      "write_ios" : 34,
      "read_merges" : 0,
      "write_merges" : 1,
      "read_ticks" : 9050,
      "write_ticks" : 49,
      "in_queue" : 9098,
      "util" : 99.078987
    }
  ]
}
