{
  "fio version" : "fio-3.33",
  "timestamp" : 1747287384,
  "timestamp_ms" : 1747287384987,
  "time" : "Thu May 15 08:36:24 2025",
  "jobs" : [
    {
      "jobname" : "randread_B4_Q32_T1",
      "groupid" : 0,
      "error" : 0,
      "eta" : 0,
      "elapsed" : 5,
      "job options" : {
        "rw" : "randread",
        "name" : "randread_B4_Q32_T1",
        "bs" : "4k",
        "iodepth" : "32",
        "numjobs" : "1",
        "runtime" : "10",
        "direct" : "1",
        "ioengine" : "libaio",
        "size" : "1G",
        "filename" : "/mnt/pve/test/write"
      },
      "read" : {
        "io_bytes" : 1073741824,
        "io_kbytes" : 1048576,
        "bw_bytes" : 236819987,
        "bw" : 231269,
        "iops" : 57817.379797,
        "runtime" : 4534,
        "total_ios" : 262144,
        "short_ios" : 0,
        "drop_ios" : 0,
        "slat_ns" : {
          "min" : 2923,
          "max" : 536433,
          "mean" : 11741.533806,
          "stddev" : 8423.825107,
          "N" : 262144
        },
        "clat_ns" : {
          "min" : 126889,
          "max" : 1202810,
          "mean" : 540052.772007,
          "stddev" : 92629.822534,
          "N" : 262144,
          "percentile" : {
            "1.000000" : 337920,
            "5.000000" : 403456,
            "10.000000" : 419840,
            "20.000000" : 440320,
            "30.000000" : 464896,
            "40.000000" : 528384,
            "50.000000" : 569344,
            "60.000000" : 585728,
            "70.000000" : 602112,
            "80.000000" : 618496,
            "90.000000" : 634880,
            "95.000000" : 651264,
            "99.000000" : 700416,
            "99.500000" : 749568,
            "99.900000" : 1056768,
            "99.950000" : 1073152,
            "99.990000" : 1105920
          }
        },
        "lat_ns" : {
          "min" : 132893,
          "max" : 1219700,
          "mean" : 551794.305813,
          "stddev" : 94452.708617,
          "N" : 262144
        },
        "bw_min" : 209008,
        "bw_max" : 266480,
        "bw_agg" : 100.000000,
        "bw_mean" : 231323.555556,
        "bw_dev" : 18843.224400,
        "bw_samples" : 9,
        "iops_min" : 52252,
        "iops_max" : 66620,
        "iops_mean" : 57830.888889,
        "iops_stddev" : 4710.806100,
        "iops_samples" : 9
      },
      "write" : {
        "io_bytes" : 0,
        "io_kbytes" : 0,
        "bw_bytes" : 0,
        "bw" : 0,
        "iops" : 0.000000,
        "runtime" : 0,
        "total_ios" : 0,
        "short_ios" : 0,
        "drop_ios" : 0,
        "slat_ns" : {
          "min" : 0,
          "max" : 0,
          "mean" : 0.000000,
          "stddev" : 0.000000,
          "N" : 0
        },
        "clat_ns" : {
          "min" : 0,
          "max" : 0,
          "mean" : 0.000000,
          "stddev" : 0.000000,
          "N" : 0
        },
        "lat_ns" : {
          "min" : 0,
          "max" : 0,
          "mean" : 0.000000,
          "stddev" : 0.000000,
          "N" : 0
        },
        "bw_min" : 0,
        "bw_max" : 0,
        "bw_agg" : 0.000000,
        "bw_mean" : 0.000000,
        "bw_dev" : 0.000000,
        "bw_samples" : 0,
        "iops_min" : 0,
        "iops_max" : 0,
        "iops_mean" : 0.000000,
        "iops_stddev" : 0.000000,
        "iops_samples" : 0
      },
      "trim" : {
        "io_bytes" : 0,
        "io_kbytes" : 0,
        "bw_bytes" : 0,
        "bw" : 0,
        "iops" : 0.000000,
        "runtime" : 0,
        "total_ios" : 0,
        "short_ios" : 0,
        "drop_ios" : 0,
        "slat_ns" : {
          "min" : 0,
          "max" : 0,
          "mean" : 0.000000,
          "stddev" : 0.000000,
          "N" : 0
        },
        "clat_ns" : {
          "min" : 0,
          "max" : 0,
          "mean" : 0.000000,
          "stddev" : 0.000000,
          "N" : 0
        },
        "lat_ns" : {
          "min" : 0,
          "max" : 0,
          "mean" : 0.000000,
          "stddev" : 0.000000,
          "N" : 0
        },
        "bw_min" : 0,
        "bw_max" : 0,
        "bw_agg" : 0.000000,
        "bw_mean" : 0.000000,
        "bw_dev" : 0.000000,
        "bw_samples" : 0,
        "iops_min" : 0,
        "iops_max" : 0,
        "iops_mean" : 0.000000,
        "iops_stddev" : 0.000000,
        "iops_samples" : 0
      },
      "sync" : {
        "total_ios" : 0,
        "lat_ns" : {
          "min" : 0,
          "max" : 0,
          "mean" : 0.000000,
          "stddev" : 0.000000,
          "N" : 0
        }
      },
      "job_runtime" : 4533,
      "usr_cpu" : 19.391132,
      "sys_cpu" : 69.358041,
      "ctx" : 27830,
      "majf" : 0,
      "minf" : 52,
      "iodepth_level" : {
        "1" : 0.100000,
        "2" : 0.100000,
        "4" : 0.100000,
        "8" : 0.100000,
        "16" : 0.100000,
        "32" : 99.988174,
        ">=64" : 0.000000
      },
      "iodepth_submit" : {
        "0" : 0.000000,
        "4" : 100.000000,
        "8" : 0.000000,
        "16" : 0.000000,
        "32" : 0.000000,
        "64" : 0.000000,
        ">=64" : 0.000000
      },
      "iodepth_complete" : {
        "0" : 0.000000,
        "4" : 99.999618,
        "8" : 0.000000,
        "16" : 0.000000,
        "32" : 0.100000,
        "64" : 0.000000,
        ">=64" : 0.000000
      },
      "latency_ns" : {
        "2" : 0.000000,
        "4" : 0.000000,
        "10" : 0.000000,
        "20" : 0.000000,
        "50" : 0.000000,
        "100" : 0.000000,
        "250" : 0.000000,
        "500" : 0.000000,
        "750" : 0.000000,
        "1000" : 0.000000
      },
      "latency_us" : {
        "2" : 0.000000,
        "4" : 0.000000,
        "10" : 0.000000,
        "20" : 0.000000,
        "50" : 0.000000,
        "100" : 0.000000,
        "250" : 0.106430,
        "500" : 35.973358,
        "750" : 63.420868,
        "1000" : 0.302887
      },
      "latency_ms" : {
        "2" : 0.196457,
        "4" : 0.000000,
        "10" : 0.000000,
        "20" : 0.000000,
        "50" : 0.000000,
        "100" : 0.000000,
        "250" : 0.000000,
        "500" : 0.000000,
        "750" : 0.000000,
        "1000" : 0.000000,
        "2000" : 0.000000,
        ">=2000" : 0.000000
      },
      "latency_depth" : 32,
      "latency_target" : 0,
      "latency_percentile" : 100.000000,
      "latency_window" : 0
    }
  ],
  "disk_util" : [
    {
      "name" : "sdb",
      "read_ios" : 252933,
      "write_ios" : 0,
      "read_merges" : 8,
      "write_merges" : 0,
      "read_ticks" : 69843,
      "write_ticks" : 0,
      "in_queue" : 69843,
      "util" : 97.818344
    }
  ]
}
