{
  "fio version" : "fio-3.33",
  "timestamp" : 1747291193,
  "timestamp_ms" : 1747291193578,
  "time" : "Thu May 15 09:39:53 2025",
  "jobs" : [
    {
      "jobname" : "randread_B4_Q32_T1",
      "groupid" : 0,
      "error" : 0,
      "eta" : 0,
      "elapsed" : 6,
      "job options" : {
        "rw" : "randread",
        "name" : "randread_B4_Q32_T1",
        "bs" : "4k",
        "iodepth" : "32",
        "numjobs" : "1",
        "runtime" : "10",
        "direct" : "1",
        "ioengine" : "libaio",
        "size" : "1G",
        "filename" : "/mnt/pve/test/write"
      },
      "read" : {
        "io_bytes" : 1073741824,
        "io_kbytes" : 1048576,
        "bw_bytes" : 188045853,
        "bw" : 183638,
        "iops" : 45909.632224,
        "runtime" : 5710,
        "total_ios" : 262144,
        "short_ios" : 0,
        "drop_ios" : 0,
        "slat_ns" : {
          "min" : 5940,
          "max" : 581501,
          "mean" : 15458.548096,
          "stddev" : 8891.900968,
          "N" : 262144
        },
        "clat_ns" : {
          "min" : 226194,
          "max" : 8574030,
          "mean" : 679610.995316,
          "stddev" : 250754.325994,
          "N" : 262144,
          "percentile" : {
            "1.000000" : 440320,
            "5.000000" : 528384,
            "10.000000" : 561152,
            "20.000000" : 593920,
            "30.000000" : 626688,
            "40.000000" : 634880,
            "50.000000" : 651264,
            "60.000000" : 659456,
            "70.000000" : 667648,
            "80.000000" : 675840,
            "90.000000" : 708608,
            "95.000000" : 913408,
            "99.000000" : 1908736,
            "99.500000" : 2539520,
            "99.900000" : 3227648,
            "99.950000" : 3457024,
            "99.990000" : 4882432
          }
        },
        "lat_ns" : {
          "min" : 255074,
          "max" : 8582120,
          "mean" : 695069.543411,
          "stddev" : 250603.227130,
          "N" : 262144
        },
        "bw_min" : 176472,
        "bw_max" : 201248,
        "bw_agg" : 100.000000,
        "bw_mean" : 184049.454545,
        "bw_dev" : 8430.557613,
        "bw_samples" : 11,
        "iops_min" : 44118,
        "iops_max" : 50312,
        "iops_mean" : 46012.363636,
        "iops_stddev" : 2107.639403,
        "iops_samples" : 11
      },
      "write" : {
        "io_bytes" : 0,
        "io_kbytes" : 0,
        "bw_bytes" : 0,
        "bw" : 0,
        "iops" : 0.000000,
        "runtime" : 0,
        "total_ios" : 0,
        "short_ios" : 0,
        "drop_ios" : 0,
        "slat_ns" : {
          "min" : 0,
          "max" : 0,
          "mean" : 0.000000,
          "stddev" : 0.000000,
          "N" : 0
        },
        "clat_ns" : {
          "min" : 0,
          "max" : 0,
          "mean" : 0.000000,
          "stddev" : 0.000000,
          "N" : 0
        },
        "lat_ns" : {
          "min" : 0,
          "max" : 0,
          "mean" : 0.000000,
          "stddev" : 0.000000,
          "N" : 0
        },
        "bw_min" : 0,
        "bw_max" : 0,
        "bw_agg" : 0.000000,
        "bw_mean" : 0.000000,
        "bw_dev" : 0.000000,
        "bw_samples" : 0,
        "iops_min" : 0,
        "iops_max" : 0,
        "iops_mean" : 0.000000,
        "iops_stddev" : 0.000000,
        "iops_samples" : 0
      },
      "trim" : {
        "io_bytes" : 0,
        "io_kbytes" : 0,
        "bw_bytes" : 0,
        "bw" : 0,
        "iops" : 0.000000,
        "runtime" : 0,
        "total_ios" : 0,
        "short_ios" : 0,
        "drop_ios" : 0,
        "slat_ns" : {
          "min" : 0,
          "max" : 0,
          "mean" : 0.000000,
          "stddev" : 0.000000,
          "N" : 0
        },
        "clat_ns" : {
          "min" : 0,
          "max" : 0,
          "mean" : 0.000000,
          "stddev" : 0.000000,
          "N" : 0
        },
        "lat_ns" : {
          "min" : 0,
          "max" : 0,
          "mean" : 0.000000,
          "stddev" : 0.000000,
          "N" : 0
        },
        "bw_min" : 0,
        "bw_max" : 0,
        "bw_agg" : 0.000000,
        "bw_mean" : 0.000000,
        "bw_dev" : 0.000000,
        "bw_samples" : 0,
        "iops_min" : 0,
        "iops_max" : 0,
        "iops_mean" : 0.000000,
        "iops_stddev" : 0.000000,
        "iops_samples" : 0
      },
      "sync" : {
        "total_ios" : 0,
        "lat_ns" : {
          "min" : 0,
          "max" : 0,
          "mean" : 0.000000,
          "stddev" : 0.000000,
          "N" : 0
        }
      },
      "job_runtime" : 5709,
      "usr_cpu" : 21.404799,
      "sys_cpu" : 72.236819,
      "ctx" : 2696,
      "majf" : 0,
      "minf" : 51,
      "iodepth_level" : {
        "1" : 0.100000,
        "2" : 0.100000,
        "4" : 0.100000,
        "8" : 0.100000,
        "16" : 0.100000,
        "32" : 99.988174,
        ">=64" : 0.000000
      },
      "iodepth_submit" : {
        "0" : 0.000000,
        "4" : 100.000000,
        "8" : 0.000000,
        "16" : 0.000000,
        "32" : 0.000000,
        "64" : 0.000000,
        ">=64" : 0.000000
      },
      "iodepth_complete" : {
        "0" : 0.000000,
        "4" : 99.999618,
        "8" : 0.000000,
        "16" : 0.000000,
        "32" : 0.100000,
        "64" : 0.000000,
        ">=64" : 0.000000
      },
      "latency_ns" : {
        "2" : 0.000000,
        "4" : 0.000000,
        "10" : 0.000000,
        "20" : 0.000000,
        "50" : 0.000000,
        "100" : 0.000000,
        "250" : 0.000000,
        "500" : 0.000000,
        "750" : 0.000000,
        "1000" : 0.000000
      },
      "latency_us" : {
        "2" : 0.000000,
        "4" : 0.000000,
        "10" : 0.000000,
        "20" : 0.000000,
        "50" : 0.000000,
        "100" : 0.000000,
        "250" : 0.010000,
        "500" : 3.335190,
        "750" : 89.251328,
        "1000" : 3.169250
      },
      "latency_ms" : {
        "2" : 3.339386,
        "4" : 0.879288,
        "10" : 0.023270,
        "20" : 0.000000,
        "50" : 0.000000,
        "100" : 0.000000,
        "250" : 0.000000,
        "500" : 0.000000,
        "750" : 0.000000,
        "1000" : 0.000000,
        "2000" : 0.000000,
        ">=2000" : 0.000000
      },
      "latency_depth" : 32,
      "latency_target" : 0,
      "latency_percentile" : 100.000000,
      "latency_window" : 0
    }
  ],
  "disk_util" : [
    {
      "name" : "sdb",
      "read_ios" : 259149,
      "write_ios" : 6530,
      "read_merges" : 23,
      "write_merges" : 2,
      "read_ticks" : 65109,
      "write_ticks" : 6412,
      "in_queue" : 71521,
      "util" : 98.501742
    }
  ]
}
