{
  "fio version" : "fio-3.33",
  "timestamp" : 1747290855,
  "timestamp_ms" : 1747290855475,
  "time" : "Thu May 15 09:34:15 2025",
  "jobs" : [
    {
      "jobname" : "randwrite_B8_Q32_T1",
      "groupid" : 0,
      "error" : 0,
      "eta" : 0,
      "elapsed" : 5,
      "job options" : {
        "rw" : "randwrite",
        "name" : "randwrite_B8_Q32_T1",
        "bs" : "8k",
        "iodepth" : "32",
        "numjobs" : "1",
        "runtime" : "10",
        "direct" : "1",
        "ioengine" : "libaio",
        "size" : "1G",
        "filename" : "/mnt/pve/test/write"
      },
      "read" : {
        "io_bytes" : 0,
        "io_kbytes" : 0,
        "bw_bytes" : 0,
        "bw" : 0,
        "iops" : 0.000000,
        "runtime" : 0,
        "total_ios" : 0,
        "short_ios" : 0,
        "drop_ios" : 0,
        "slat_ns" : {
          "min" : 0,
          "max" : 0,
          "mean" : 0.000000,
          "stddev" : 0.000000,
          "N" : 0
        },
        "clat_ns" : {
          "min" : 0,
          "max" : 0,
          "mean" : 0.000000,
          "stddev" : 0.000000,
          "N" : 0
        },
        "lat_ns" : {
          "min" : 0,
          "max" : 0,
          "mean" : 0.000000,
          "stddev" : 0.000000,
          "N" : 0
        },
        "bw_min" : 0,
        "bw_max" : 0,
        "bw_agg" : 0.000000,
        "bw_mean" : 0.000000,
        "bw_dev" : 0.000000,
        "bw_samples" : 0,
        "iops_min" : 0,
        "iops_max" : 0,
        "iops_mean" : 0.000000,
        "iops_stddev" : 0.000000,
        "iops_samples" : 0
      },
      "write" : {
        "io_bytes" : 1073741824,
        "io_kbytes" : 1048576,
        "bw_bytes" : 240803279,
        "bw" : 235159,
        "iops" : 29394.931599,
        "runtime" : 4459,
        "total_ios" : 131072,
        "short_ios" : 0,
        "drop_ios" : 0,
        "slat_ns" : {
          "min" : 5674,
          "max" : 642876,
          "mean" : 21893.736702,
          "stddev" : 15664.088106,
          "N" : 131072
        },
        "clat_ns" : {
          "min" : 63398,
          "max" : 5629175,
          "mean" : 1063134.347939,
          "stddev" : 304777.401339,
          "N" : 131072,
          "percentile" : {
            "1.000000" : 659456,
            "5.000000" : 733184,
            "10.000000" : 757760,
            "20.000000" : 856064,
            "30.000000" : 1003520,
            "40.000000" : 1056768,
            "50.000000" : 1073152,
            "60.000000" : 1073152,
            "70.000000" : 1089536,
            "80.000000" : 1105920,
            "90.000000" : 1220608,
            "95.000000" : 1564672,
            "99.000000" : 2441216,
            "99.500000" : 2736128,
            "99.900000" : 3588096,
            "99.950000" : 4079616,
            "99.990000" : 4685824
          }
        },
        "lat_ns" : {
          "min" : 95942,
          "max" : 5637531,
          "mean" : 1085028.084641,
          "stddev" : 306203.348023,
          "N" : 131072
        },
        "bw_min" : 216528,
        "bw_max" : 284352,
        "bw_agg" : 100.000000,
        "bw_mean" : 235582.000000,
        "bw_dev" : 28015.369414,
        "bw_samples" : 8,
        "iops_min" : 27064,
        "iops_max" : 35544,
        "iops_mean" : 29447.750000,
        "iops_stddev" : 3501.978125,
        "iops_samples" : 8
      },
      "trim" : {
        "io_bytes" : 0,
        "io_kbytes" : 0,
        "bw_bytes" : 0,
        "bw" : 0,
        "iops" : 0.000000,
        "runtime" : 0,
        "total_ios" : 0,
        "short_ios" : 0,
        "drop_ios" : 0,
        "slat_ns" : {
          "min" : 0,
          "max" : 0,
          "mean" : 0.000000,
          "stddev" : 0.000000,
          "N" : 0
        },
        "clat_ns" : {
          "min" : 0,
          "max" : 0,
          "mean" : 0.000000,
          "stddev" : 0.000000,
          "N" : 0
        },
        "lat_ns" : {
          "min" : 0,
          "max" : 0,
          "mean" : 0.000000,
          "stddev" : 0.000000,
          "N" : 0
        },
        "bw_min" : 0,
        "bw_max" : 0,
        "bw_agg" : 0.000000,
        "bw_mean" : 0.000000,
        "bw_dev" : 0.000000,
        "bw_samples" : 0,
        "iops_min" : 0,
        "iops_max" : 0,
        "iops_mean" : 0.000000,
        "iops_stddev" : 0.000000,
        "iops_samples" : 0
      },
      "sync" : {
        "total_ios" : 0,
        "lat_ns" : {
          "min" : 0,
          "max" : 0,
          "mean" : 0.000000,
          "stddev" : 0.000000,
          "N" : 0
        }
      },
      "job_runtime" : 4458,
      "usr_cpu" : 13.324361,
      "sys_cpu" : 56.280843,
      "ctx" : 92877,
      "majf" : 0,
      "minf" : 176,
      "iodepth_level" : {
        "1" : 0.100000,
        "2" : 0.100000,
        "4" : 0.100000,
        "8" : 0.100000,
        "16" : 0.100000,
        "32" : 99.976349,
        ">=64" : 0.000000
      },
      "iodepth_submit" : {
        "0" : 0.000000,
        "4" : 100.000000,
        "8" : 0.000000,
        "16" : 0.000000,
        "32" : 0.000000,
        "64" : 0.000000,
        ">=64" : 0.000000
      },
      "iodepth_complete" : {
        "0" : 0.000000,
        "4" : 99.999237,
        "8" : 0.000000,
        "16" : 0.000000,
        "32" : 0.100000,
        "64" : 0.000000,
        ">=64" : 0.000000
      },
      "latency_ns" : {
        "2" : 0.000000,
        "4" : 0.000000,
        "10" : 0.000000,
        "20" : 0.000000,
        "50" : 0.000000,
        "100" : 0.000000,
        "250" : 0.000000,
        "500" : 0.000000,
        "750" : 0.000000,
        "1000" : 0.000000
      },
      "latency_us" : {
        "2" : 0.000000,
        "4" : 0.000000,
        "10" : 0.000000,
        "20" : 0.000000,
        "50" : 0.000000,
        "100" : 0.010000,
        "250" : 0.010000,
        "500" : 0.038147,
        "750" : 7.687378,
        "1000" : 22.225952
      },
      "latency_ms" : {
        "2" : 68.010712,
        "4" : 1.975250,
        "10" : 0.057220,
        "20" : 0.000000,
        "50" : 0.000000,
        "100" : 0.000000,
        "250" : 0.000000,
        "500" : 0.000000,
        "750" : 0.000000,
        "1000" : 0.000000,
        "2000" : 0.000000,
        ">=2000" : 0.000000
      },
      "latency_depth" : 32,
      "latency_target" : 0,
      "latency_percentile" : 100.000000,
      "latency_window" : 0
    }
  ],
  "disk_util" : [
    {
      "name" : "sdb",
      "read_ios" : 0,
      "write_ios" : 134356,
      "read_merges" : 0,
      "write_merges" : 45,
      "read_ticks" : 0,
      "write_ticks" : 56079,
      "in_queue" : 56079,
      "util" : 98.041834
    }
  ]
}
