{
  "fio version" : "fio-3.33",
  "timestamp" : 1747290829,
  "timestamp_ms" : 1747290829863,
  "time" : "Thu May 15 09:33:49 2025",
  "jobs" : [
    {
      "jobname" : "randread_B4096_Q128_T1",
      "groupid" : 0,
      "error" : 0,
      "eta" : 0,
      "elapsed" : 4,
      "job options" : {
        "rw" : "randread",
        "name" : "randread_B4096_Q128_T1",
        "bs" : "4096k",
        "iodepth" : "128",
        "numjobs" : "1",
        "runtime" : "10",
        "direct" : "1",
        "ioengine" : "libaio",
        "size" : "1G",
        "filename" : "/mnt/pve/test/write"
      },
      "read" : {
        "io_bytes" : 1073741824,
        "io_kbytes" : 1048576,
        "bw_bytes" : 369110286,
        "bw" : 360459,
        "iops" : 88.002750,
        "runtime" : 2909,
        "total_ios" : 256,
        "short_ios" : 0,
        "drop_ios" : 0,
        "slat_ns" : {
          "min" : 4480750,
          "max" : 19423845,
          "mean" : 11234769.957031,
          "stddev" : 2605908.989530,
          "N" : 256
        },
        "clat_ns" : {
          "min" : 29340692,
          "max" : 1482969294,
          "mean" : 1088735389.468749,
          "stddev" : 458489951.689069,
          "N" : 256,
          "percentile" : {
            "1.000000" : 50593792,
            "5.000000" : 156237824,
            "10.000000" : 308281344,
            "20.000000" : 591396864,
            "30.000000" : 884998144,
            "40.000000" : 1166016512,
            "50.000000" : 1417674752,
            "60.000000" : 1434451968,
            "70.000000" : 1434451968,
            "80.000000" : 1434451968,
            "90.000000" : 1451229184,
            "95.000000" : 1451229184,
            "99.000000" : 1468006400,
            "99.500000" : 1484783616,
            "99.900000" : 1484783616,
            "99.950000" : 1484783616,
            "99.990000" : 1484783616
          }
        },
        "lat_ns" : {
          "min" : 41824251,
          "max" : 1491238317,
          "mean" : 1099970159.425781,
          "stddev" : 458566091.308311,
          "N" : 256
        },
        "bw_min" : 40960,
        "bw_max" : 376832,
        "bw_agg" : 71.967356,
        "bw_mean" : 259413.333333,
        "bw_dev" : 189363.415150,
        "bw_samples" : 3,
        "iops_min" : 10,
        "iops_max" : 92,
        "iops_mean" : 63.333333,
        "iops_stddev" : 46.231303,
        "iops_samples" : 3
      },
      "write" : {
        "io_bytes" : 0,
        "io_kbytes" : 0,
        "bw_bytes" : 0,
        "bw" : 0,
        "iops" : 0.000000,
        "runtime" : 0,
        "total_ios" : 0,
        "short_ios" : 0,
        "drop_ios" : 0,
        "slat_ns" : {
          "min" : 0,
          "max" : 0,
          "mean" : 0.000000,
          "stddev" : 0.000000,
          "N" : 0
        },
        "clat_ns" : {
          "min" : 0,
          "max" : 0,
          "mean" : 0.000000,
          "stddev" : 0.000000,
          "N" : 0
        },
        "lat_ns" : {
          "min" : 0,
          "max" : 0,
          "mean" : 0.000000,
          "stddev" : 0.000000,
          "N" : 0
        },
        "bw_min" : 0,
        "bw_max" : 0,
        "bw_agg" : 0.000000,
        "bw_mean" : 0.000000,
        "bw_dev" : 0.000000,
        "bw_samples" : 0,
        "iops_min" : 0,
        "iops_max" : 0,
        "iops_mean" : 0.000000,
        "iops_stddev" : 0.000000,
        "iops_samples" : 0
      },
      "trim" : {
        "io_bytes" : 0,
        "io_kbytes" : 0,
        "bw_bytes" : 0,
        "bw" : 0,
        "iops" : 0.000000,
        "runtime" : 0,
        "total_ios" : 0,
        "short_ios" : 0,
        "drop_ios" : 0,
        "slat_ns" : {
          "min" : 0,
          "max" : 0,
          "mean" : 0.000000,
          "stddev" : 0.000000,
          "N" : 0
        },
        "clat_ns" : {
          "min" : 0,
          "max" : 0,
          "mean" : 0.000000,
          "stddev" : 0.000000,
          "N" : 0
        },
        "lat_ns" : {
          "min" : 0,
          "max" : 0,
          "mean" : 0.000000,
          "stddev" : 0.000000,
          "N" : 0
        },
        "bw_min" : 0,
        "bw_max" : 0,
        "bw_agg" : 0.000000,
        "bw_mean" : 0.000000,
        "bw_dev" : 0.000000,
        "bw_samples" : 0,
        "iops_min" : 0,
        "iops_max" : 0,
        "iops_mean" : 0.000000,
        "iops_stddev" : 0.000000,
        "iops_samples" : 0
      },
      "sync" : {
        "total_ios" : 0,
        "lat_ns" : {
          "min" : 0,
          "max" : 0,
          "mean" : 0.000000,
          "stddev" : 0.000000,
          "N" : 0
        }
      },
      "job_runtime" : 2908,
      "usr_cpu" : 0.206327,
      "sys_cpu" : 21.045392,
      "ctx" : 3820,
      "majf" : 0,
      "minf" : 131082,
      "iodepth_level" : {
        "1" : 0.390625,
        "2" : 0.781250,
        "4" : 1.562500,
        "8" : 3.125000,
        "16" : 6.250000,
        "32" : 12.500000,
        ">=64" : 75.390625
      },
      "iodepth_submit" : {
        "0" : 0.000000,
        "4" : 100.000000,
        "8" : 0.000000,
        "16" : 0.000000,
        "32" : 0.000000,
        "64" : 0.000000,
        ">=64" : 0.000000
      },
      "iodepth_complete" : {
        "0" : 0.000000,
        "4" : 99.230769,
        "8" : 0.000000,
        "16" : 0.000000,
        "32" : 0.000000,
        "64" : 0.000000,
        ">=64" : 0.769231
      },
      "latency_ns" : {
        "2" : 0.000000,
        "4" : 0.000000,
        "10" : 0.000000,
        "20" : 0.000000,
        "50" : 0.000000,
        "100" : 0.000000,
        "250" : 0.000000,
        "500" : 0.000000,
        "750" : 0.000000,
        "1000" : 0.000000
      },
      "latency_us" : {
        "2" : 0.000000,
        "4" : 0.000000,
        "10" : 0.000000,
        "20" : 0.000000,
        "50" : 0.000000,
        "100" : 0.000000,
        "250" : 0.000000,
        "500" : 0.000000,
        "750" : 0.000000,
        "1000" : 0.000000
      },
      "latency_ms" : {
        "2" : 0.000000,
        "4" : 0.000000,
        "10" : 0.000000,
        "20" : 0.000000,
        "50" : 0.781250,
        "100" : 2.343750,
        "250" : 5.078125,
        "500" : 8.593750,
        "750" : 8.593750,
        "1000" : 8.593750,
        "2000" : 66.015625,
        ">=2000" : 0.000000
      },
      "latency_depth" : 128,
      "latency_target" : 0,
      "latency_percentile" : 100.000000,
      "latency_window" : 0
    }
  ],
  "disk_util" : [
    {
      "name" : "sdb",
      "read_ios" : 32701,
      "write_ios" : 2072,
      "read_merges" : 10,
      "write_merges" : 0,
      "read_ticks" : 707026,
      "write_ticks" : 9283,
      "in_queue" : 716310,
      "util" : 96.760187
    }
  ]
}
