{
  "fio version" : "fio-3.33",
  "timestamp" : 1747290883,
  "timestamp_ms" : 1747290883158,
  "time" : "Thu May 15 09:34:43 2025",
  "jobs" : [
    {
      "jobname" : "randwrite_B8_Q1_T1",
      "groupid" : 0,
      "error" : 0,
      "eta" : 0,
      "elapsed" : 11,
      "job options" : {
        "rw" : "randwrite",
        "name" : "randwrite_B8_Q1_T1",
        "bs" : "8k",
        "iodepth" : "1",
        "numjobs" : "1",
        "runtime" : "10",
        "direct" : "1",
        "ioengine" : "libaio",
        "size" : "1G",
        "filename" : "/mnt/pve/test/write"
      },
      "read" : {
        "io_bytes" : 0,
        "io_kbytes" : 0,
        "bw_bytes" : 0,
        "bw" : 0,
        "iops" : 0.000000,
        "runtime" : 0,
        "total_ios" : 0,
        "short_ios" : 0,
        "drop_ios" : 0,
        "slat_ns" : {
          "min" : 0,
          "max" : 0,
          "mean" : 0.000000,
          "stddev" : 0.000000,
          "N" : 0
        },
        "clat_ns" : {
          "min" : 0,
          "max" : 0,
          "mean" : 0.000000,
          "stddev" : 0.000000,
          "N" : 0
        },
        "lat_ns" : {
          "min" : 0,
          "max" : 0,
          "mean" : 0.000000,
          "stddev" : 0.000000,
          "N" : 0
        },
        "bw_min" : 0,
        "bw_max" : 0,
        "bw_agg" : 0.000000,
        "bw_mean" : 0.000000,
        "bw_dev" : 0.000000,
        "bw_samples" : 0,
        "iops_min" : 0,
        "iops_max" : 0,
        "iops_mean" : 0.000000,
        "iops_stddev" : 0.000000,
        "iops_samples" : 0
      },
      "write" : {
        "io_bytes" : 973299712,
        "io_kbytes" : 950488,
        "bw_bytes" : 97320239,
        "bw" : 95039,
        "iops" : 11879.912009,
        "runtime" : 10001,
        "total_ios" : 118811,
        "short_ios" : 0,
        "drop_ios" : 0,
        "slat_ns" : {
          "min" : 12821,
          "max" : 478404,
          "mean" : 18072.452837,
          "stddev" : 6700.593206,
          "N" : 118811
        },
        "clat_ns" : {
          "min" : 2840,
          "max" : 2070659,
          "mean" : 63350.098560,
          "stddev" : 71877.212873,
          "N" : 118811,
          "percentile" : {
            "1.000000" : 54528,
            "5.000000" : 54528,
            "10.000000" : 55040,
            "20.000000" : 55040,
            "30.000000" : 55040,
            "40.000000" : 55552,
            "50.000000" : 55552,
            "60.000000" : 55552,
            "70.000000" : 56064,
            "80.000000" : 56576,
            "90.000000" : 57088,
            "95.000000" : 61184,
            "99.000000" : 407552,
            "99.500000" : 708608,
            "99.900000" : 1073152,
            "99.950000" : 1236992,
            "99.990000" : 1286144
          }
        },
        "lat_ns" : {
          "min" : 68917,
          "max" : 2092968,
          "mean" : 81422.551397,
          "stddev" : 73918.563270,
          "N" : 118811
        },
        "bw_min" : 93936,
        "bw_max" : 96528,
        "bw_agg" : 100.000000,
        "bw_mean" : 95172.210526,
        "bw_dev" : 731.713938,
        "bw_samples" : 19,
        "iops_min" : 11742,
        "iops_max" : 12066,
        "iops_mean" : 11896.526316,
        "iops_stddev" : 91.464242,
        "iops_samples" : 19
      },
      "trim" : {
        "io_bytes" : 0,
        "io_kbytes" : 0,
        "bw_bytes" : 0,
        "bw" : 0,
        "iops" : 0.000000,
        "runtime" : 0,
        "total_ios" : 0,
        "short_ios" : 0,
        "drop_ios" : 0,
        "slat_ns" : {
          "min" : 0,
          "max" : 0,
          "mean" : 0.000000,
          "stddev" : 0.000000,
          "N" : 0
        },
        "clat_ns" : {
          "min" : 0,
          "max" : 0,
          "mean" : 0.000000,
          "stddev" : 0.000000,
          "N" : 0
        },
        "lat_ns" : {
          "min" : 0,
          "max" : 0,
          "mean" : 0.000000,
          "stddev" : 0.000000,
          "N" : 0
        },
        "bw_min" : 0,
        "bw_max" : 0,
        "bw_agg" : 0.000000,
        "bw_mean" : 0.000000,
        "bw_dev" : 0.000000,
        "bw_samples" : 0,
        "iops_min" : 0,
        "iops_max" : 0,
        "iops_mean" : 0.000000,
        "iops_stddev" : 0.000000,
        "iops_samples" : 0
      },
      "sync" : {
        "total_ios" : 0,
        "lat_ns" : {
          "min" : 0,
          "max" : 0,
          "mean" : 0.000000,
          "stddev" : 0.000000,
          "N" : 0
        }
      },
      "job_runtime" : 10000,
      "usr_cpu" : 9.130000,
      "sys_cpu" : 23.350000,
      "ctx" : 118796,
      "majf" : 0,
      "minf" : 21,
      "iodepth_level" : {
        "1" : 100.000000,
        "2" : 0.000000,
        "4" : 0.000000,
        "8" : 0.000000,
        "16" : 0.000000,
        "32" : 0.000000,
        ">=64" : 0.000000
      },
      "iodepth_submit" : {
        "0" : 0.000000,
        "4" : 100.000000,
        "8" : 0.000000,
        "16" : 0.000000,
        "32" : 0.000000,
        "64" : 0.000000,
        ">=64" : 0.000000
      },
      "iodepth_complete" : {
        "0" : 0.000000,
        "4" : 100.000000,
        "8" : 0.000000,
        "16" : 0.000000,
        "32" : 0.000000,
        "64" : 0.000000,
        ">=64" : 0.000000
      },
      "latency_ns" : {
        "2" : 0.000000,
        "4" : 0.000000,
        "10" : 0.000000,
        "20" : 0.000000,
        "50" : 0.000000,
        "100" : 0.000000,
        "250" : 0.000000,
        "500" : 0.000000,
        "750" : 0.000000,
        "1000" : 0.000000
      },
      "latency_us" : {
        "2" : 0.000000,
        "4" : 0.012625,
        "10" : 0.010000,
        "20" : 0.010000,
        "50" : 0.173385,
        "100" : 98.439538,
        "250" : 0.341719,
        "500" : 0.076592,
        "750" : 0.533621,
        "1000" : 0.297111
      },
      "latency_ms" : {
        "2" : 0.120359,
        "4" : 0.010000,
        "10" : 0.000000,
        "20" : 0.000000,
        "50" : 0.000000,
        "100" : 0.000000,
        "250" : 0.000000,
        "500" : 0.000000,
        "750" : 0.000000,
        "1000" : 0.000000,
        "2000" : 0.000000,
        ">=2000" : 0.000000
      },
      "latency_depth" : 1,
      "latency_target" : 0,
      "latency_percentile" : 100.000000,
      "latency_window" : 0
    }
  ],
  "disk_util" : [
    {
      "name" : "sdb",
      "read_ios" : 0,
      "write_ios" : 129567,
      "read_merges" : 0,
      "write_merges" : 7,
      "read_ticks" : 0,
      "write_ticks" : 16483,
      "in_queue" : 16484,
      "util" : 99.149064
    }
  ]
}
