{
  "fio version" : "fio-3.33",
  "timestamp" : 1747291045,
  "timestamp_ms" : 1747291045501,
  "time" : "Thu May 15 09:37:25 2025",
  "jobs" : [
    {
      "jobname" : "read_B4_Q128_T1",
      "groupid" : 0,
      "error" : 0,
      "eta" : 0,
      "elapsed" : 4,
      "job options" : {
        "rw" : "read",
        "name" : "read_B4_Q128_T1",
        "bs" : "4k",
        "iodepth" : "128",
        "numjobs" : "1",
        "runtime" : "10",
        "direct" : "1",
        "ioengine" : "libaio",
        "size" : "1G",
        "filename" : "/mnt/pve/test/write"
      },
      "read" : {
        "io_bytes" : 1073741824,
        "io_kbytes" : 1048576,
        "bw_bytes" : 279111469,
        "bw" : 272569,
        "iops" : 68142.448661,
        "runtime" : 3847,
        "total_ios" : 262144,
        "short_ios" : 0,
        "drop_ios" : 0,
        "slat_ns" : {
          "min" : 4422,
          "max" : 983322,
          "mean" : 9728.864765,
          "stddev" : 12691.716785,
          "N" : 262144
        },
        "clat_ns" : {
          "min" : 261965,
          "max" : 5658739,
          "mean" : 1866560.287403,
          "stddev" : 414443.701624,
          "N" : 262144,
          "percentile" : {
            "1.000000" : 1089536,
            "5.000000" : 1318912,
            "10.000000" : 1433600,
            "20.000000" : 1564672,
            "30.000000" : 1662976,
            "40.000000" : 1744896,
            "50.000000" : 1810432,
            "60.000000" : 1892352,
            "70.000000" : 1990656,
            "80.000000" : 2113536,
            "90.000000" : 2375680,
            "95.000000" : 2637824,
            "99.000000" : 3162112,
            "99.500000" : 3489792,
            "99.900000" : 4358144,
            "99.950000" : 4816896,
            "99.990000" : 5341184
          }
        },
        "lat_ns" : {
          "min" : 268423,
          "max" : 5665516,
          "mean" : 1876289.152168,
          "stddev" : 413658.839627,
          "N" : 262144
        },
        "bw_min" : 232096,
        "bw_max" : 291960,
        "bw_agg" : 100.000000,
        "bw_mean" : 277073.142857,
        "bw_dev" : 20252.681892,
        "bw_samples" : 7,
        "iops_min" : 58024,
        "iops_max" : 72990,
        "iops_mean" : 69268.285714,
        "iops_stddev" : 5063.170473,
        "iops_samples" : 7
      },
      "write" : {
        "io_bytes" : 0,
        "io_kbytes" : 0,
        "bw_bytes" : 0,
        "bw" : 0,
        "iops" : 0.000000,
        "runtime" : 0,
        "total_ios" : 0,
        "short_ios" : 0,
        "drop_ios" : 0,
        "slat_ns" : {
          "min" : 0,
          "max" : 0,
          "mean" : 0.000000,
          "stddev" : 0.000000,
          "N" : 0
        },
        "clat_ns" : {
          "min" : 0,
          "max" : 0,
          "mean" : 0.000000,
          "stddev" : 0.000000,
          "N" : 0
        },
        "lat_ns" : {
          "min" : 0,
          "max" : 0,
          "mean" : 0.000000,
          "stddev" : 0.000000,
          "N" : 0
        },
        "bw_min" : 0,
        "bw_max" : 0,
        "bw_agg" : 0.000000,
        "bw_mean" : 0.000000,
        "bw_dev" : 0.000000,
        "bw_samples" : 0,
        "iops_min" : 0,
        "iops_max" : 0,
        "iops_mean" : 0.000000,
        "iops_stddev" : 0.000000,
        "iops_samples" : 0
      },
      "trim" : {
        "io_bytes" : 0,
        "io_kbytes" : 0,
        "bw_bytes" : 0,
        "bw" : 0,
        "iops" : 0.000000,
        "runtime" : 0,
        "total_ios" : 0,
        "short_ios" : 0,
        "drop_ios" : 0,
        "slat_ns" : {
          "min" : 0,
          "max" : 0,
          "mean" : 0.000000,
          "stddev" : 0.000000,
          "N" : 0
        },
        "clat_ns" : {
          "min" : 0,
          "max" : 0,
          "mean" : 0.000000,
          "stddev" : 0.000000,
          "N" : 0
        },
        "lat_ns" : {
          "min" : 0,
          "max" : 0,
          "mean" : 0.000000,
          "stddev" : 0.000000,
          "N" : 0
        },
        "bw_min" : 0,
        "bw_max" : 0,
        "bw_agg" : 0.000000,
        "bw_mean" : 0.000000,
        "bw_dev" : 0.000000,
        "bw_samples" : 0,
        "iops_min" : 0,
        "iops_max" : 0,
        "iops_mean" : 0.000000,
        "iops_stddev" : 0.000000,
        "iops_samples" : 0
      },
      "sync" : {
        "total_ios" : 0,
        "lat_ns" : {
          "min" : 0,
          "max" : 0,
          "mean" : 0.000000,
          "stddev" : 0.000000,
          "N" : 0
        }
      },
      "job_runtime" : 3846,
      "usr_cpu" : 22.230889,
      "sys_cpu" : 59.360374,
      "ctx" : 16791,
      "majf" : 0,
      "minf" : 148,
      "iodepth_level" : {
        "1" : 0.100000,
        "2" : 0.100000,
        "4" : 0.100000,
        "8" : 0.100000,
        "16" : 0.100000,
        "32" : 0.100000,
        ">=64" : 99.975967
      },
      "iodepth_submit" : {
        "0" : 0.000000,
        "4" : 100.000000,
        "8" : 0.000000,
        "16" : 0.000000,
        "32" : 0.000000,
        "64" : 0.000000,
        ">=64" : 0.000000
      },
      "iodepth_complete" : {
        "0" : 0.000000,
        "4" : 99.999618,
        "8" : 0.000000,
        "16" : 0.000000,
        "32" : 0.000000,
        "64" : 0.000000,
        ">=64" : 0.100000
      },
      "latency_ns" : {
        "2" : 0.000000,
        "4" : 0.000000,
        "10" : 0.000000,
        "20" : 0.000000,
        "50" : 0.000000,
        "100" : 0.000000,
        "250" : 0.000000,
        "500" : 0.000000,
        "750" : 0.000000,
        "1000" : 0.000000
      },
      "latency_us" : {
        "2" : 0.000000,
        "4" : 0.000000,
        "10" : 0.000000,
        "20" : 0.000000,
        "50" : 0.000000,
        "100" : 0.000000,
        "250" : 0.000000,
        "500" : 0.010000,
        "750" : 0.100327,
        "1000" : 0.470734
      },
      "latency_ms" : {
        "2" : 70.840073,
        "4" : 28.392029,
        "10" : 0.189590,
        "20" : 0.000000,
        "50" : 0.000000,
        "100" : 0.000000,
        "250" : 0.000000,
        "500" : 0.000000,
        "750" : 0.000000,
        "1000" : 0.000000,
        "2000" : 0.000000,
        ">=2000" : 0.000000
      },
      "latency_depth" : 128,
      "latency_target" : 0,
      "latency_percentile" : 100.000000,
      "latency_window" : 0
    }
  ],
  "disk_util" : [
    {
      "name" : "sdb",
      "read_ios" : 109060,
      "write_ios" : 3906,
      "read_merges" : 141380,
      "write_merges" : 3,
      "read_ticks" : 84460,
      "write_ticks" : 5914,
      "in_queue" : 90373,
      "util" : 97.621593
    }
  ]
}
