{
  "fio version" : "fio-3.33",
  "timestamp" : 1747291265,
  "timestamp_ms" : 1747291265820,
  "time" : "Thu May 15 09:41:05 2025",
  "jobs" : [
    {
      "jobname" : "read_B8_Q128_T1",
      "groupid" : 0,
      "error" : 0,
      "eta" : 0,
      "elapsed" : 4,
      "job options" : {
        "rw" : "read",
        "name" : "read_B8_Q128_T1",
        "bs" : "8k",
        "iodepth" : "128",
        "numjobs" : "1",
        "runtime" : "10",
        "direct" : "1",
        "ioengine" : "libaio",
        "size" : "1G",
        "filename" : "/mnt/pve/test/write"
      },
      "read" : {
        "io_bytes" : 1073741824,
        "io_kbytes" : 1048576,
        "bw_bytes" : 374126071,
        "bw" : 365357,
        "iops" : 45669.686411,
        "runtime" : 2870,
        "total_ios" : 131072,
        "short_ios" : 0,
        "drop_ios" : 0,
        "slat_ns" : {
          "min" : 4722,
          "max" : 720704,
          "mean" : 8079.108650,
          "stddev" : 7924.298374,
          "N" : 131072
        },
        "clat_ns" : {
          "min" : 1137790,
          "max" : 7206997,
          "mean" : 2791640.699608,
          "stddev" : 930342.861941,
          "N" : 131072,
          "percentile" : {
            "1.000000" : 2039808,
            "5.000000" : 2146304,
            "10.000000" : 2179072,
            "20.000000" : 2211840,
            "30.000000" : 2244608,
            "40.000000" : 2277376,
            "50.000000" : 2342912,
            "60.000000" : 2408448,
            "70.000000" : 2572288,
            "80.000000" : 3588096,
            "90.000000" : 4423680,
            "95.000000" : 4816896,
            "99.000000" : 5537792,
            "99.500000" : 6127616,
            "99.900000" : 6717440,
            "99.950000" : 6979584,
            "99.990000" : 7110656
          }
        },
        "lat_ns" : {
          "min" : 1164681,
          "max" : 7211989,
          "mean" : 2799719.808258,
          "stddev" : 930285.847028,
          "N" : 131072
        },
        "bw_min" : 362512,
        "bw_max" : 372528,
        "bw_agg" : 100.000000,
        "bw_mean" : 366838.400000,
        "bw_dev" : 4122.175736,
        "bw_samples" : 5,
        "iops_min" : 45314,
        "iops_max" : 46566,
        "iops_mean" : 45854.800000,
        "iops_stddev" : 515.271967,
        "iops_samples" : 5
      },
      "write" : {
        "io_bytes" : 0,
        "io_kbytes" : 0,
        "bw_bytes" : 0,
        "bw" : 0,
        "iops" : 0.000000,
        "runtime" : 0,
        "total_ios" : 0,
        "short_ios" : 0,
        "drop_ios" : 0,
        "slat_ns" : {
          "min" : 0,
          "max" : 0,
          "mean" : 0.000000,
          "stddev" : 0.000000,
          "N" : 0
        },
        "clat_ns" : {
          "min" : 0,
          "max" : 0,
          "mean" : 0.000000,
          "stddev" : 0.000000,
          "N" : 0
        },
        "lat_ns" : {
          "min" : 0,
          "max" : 0,
          "mean" : 0.000000,
          "stddev" : 0.000000,
          "N" : 0
        },
        "bw_min" : 0,
        "bw_max" : 0,
        "bw_agg" : 0.000000,
        "bw_mean" : 0.000000,
        "bw_dev" : 0.000000,
        "bw_samples" : 0,
        "iops_min" : 0,
        "iops_max" : 0,
        "iops_mean" : 0.000000,
        "iops_stddev" : 0.000000,
        "iops_samples" : 0
      },
      "trim" : {
        "io_bytes" : 0,
        "io_kbytes" : 0,
        "bw_bytes" : 0,
        "bw" : 0,
        "iops" : 0.000000,
        "runtime" : 0,
        "total_ios" : 0,
        "short_ios" : 0,
        "drop_ios" : 0,
        "slat_ns" : {
          "min" : 0,
          "max" : 0,
          "mean" : 0.000000,
          "stddev" : 0.000000,
          "N" : 0
        },
        "clat_ns" : {
          "min" : 0,
          "max" : 0,
          "mean" : 0.000000,
          "stddev" : 0.000000,
          "N" : 0
        },
        "lat_ns" : {
          "min" : 0,
          "max" : 0,
          "mean" : 0.000000,
          "stddev" : 0.000000,
          "N" : 0
        },
        "bw_min" : 0,
        "bw_max" : 0,
        "bw_agg" : 0.000000,
        "bw_mean" : 0.000000,
        "bw_dev" : 0.000000,
        "bw_samples" : 0,
        "iops_min" : 0,
        "iops_max" : 0,
        "iops_mean" : 0.000000,
        "iops_stddev" : 0.000000,
        "iops_samples" : 0
      },
      "sync" : {
        "total_ios" : 0,
        "lat_ns" : {
          "min" : 0,
          "max" : 0,
          "mean" : 0.000000,
          "stddev" : 0.000000,
          "N" : 0
        }
      },
      "job_runtime" : 2869,
      "usr_cpu" : 15.684908,
      "sys_cpu" : 38.027187,
      "ctx" : 17616,
      "majf" : 0,
      "minf" : 365,
      "iodepth_level" : {
        "1" : 0.100000,
        "2" : 0.100000,
        "4" : 0.100000,
        "8" : 0.100000,
        "16" : 0.100000,
        "32" : 0.100000,
        ">=64" : 99.951935
      },
      "iodepth_submit" : {
        "0" : 0.000000,
        "4" : 100.000000,
        "8" : 0.000000,
        "16" : 0.000000,
        "32" : 0.000000,
        "64" : 0.000000,
        ">=64" : 0.000000
      },
      "iodepth_complete" : {
        "0" : 0.000000,
        "4" : 99.999236,
        "8" : 0.000000,
        "16" : 0.000000,
        "32" : 0.000000,
        "64" : 0.000000,
        ">=64" : 0.100000
      },
      "latency_ns" : {
        "2" : 0.000000,
        "4" : 0.000000,
        "10" : 0.000000,
        "20" : 0.000000,
        "50" : 0.000000,
        "100" : 0.000000,
        "250" : 0.000000,
        "500" : 0.000000,
        "750" : 0.000000,
        "1000" : 0.000000
      },
      "latency_us" : {
        "2" : 0.000000,
        "4" : 0.000000,
        "10" : 0.000000,
        "20" : 0.000000,
        "50" : 0.000000,
        "100" : 0.000000,
        "250" : 0.000000,
        "500" : 0.000000,
        "750" : 0.000000,
        "1000" : 0.000000
      },
      "latency_ms" : {
        "2" : 0.731659,
        "4" : 82.432556,
        "10" : 16.835785,
        "20" : 0.000000,
        "50" : 0.000000,
        "100" : 0.000000,
        "250" : 0.000000,
        "500" : 0.000000,
        "750" : 0.000000,
        "1000" : 0.000000,
        "2000" : 0.000000,
        ">=2000" : 0.000000
      },
      "latency_depth" : 128,
      "latency_target" : 0,
      "latency_percentile" : 100.000000,
      "latency_window" : 0
    }
  ],
  "disk_util" : [
    {
      "name" : "sdb",
      "read_ios" : 30422,
      "write_ios" : 1888,
      "read_merges" : 90606,
      "write_merges" : 3,
      "read_ticks" : 83073,
      "write_ticks" : 9674,
      "in_queue" : 92747,
      "util" : 96.790664
    }
  ]
}
