{
  "fio version" : "fio-3.33",
  "timestamp" : 1747285366,
  "timestamp_ms" : 1747285366693,
  "time" : "Thu May 15 08:02:46 2025",
  "jobs" : [
    {
      "jobname" : "randwrite_B4096_Q32_T1",
      "groupid" : 0,
      "error" : 0,
      "eta" : 0,
      "elapsed" : 3,
      "job options" : {
        "rw" : "randwrite",
        "name" : "randwrite_B4096_Q32_T1",
        "bs" : "4096k",
        "iodepth" : "32",
        "numjobs" : "1",
        "runtime" : "10",
        "direct" : "1",
        "ioengine" : "libaio",
        "size" : "1G",
        "filename" : "/mnt/pve/test/write"
      },
      "read" : {
        "io_bytes" : 0,
        "io_kbytes" : 0,
        "bw_bytes" : 0,
        "bw" : 0,
        "iops" : 0.000000,
        "runtime" : 0,
        "total_ios" : 0,
        "short_ios" : 0,
        "drop_ios" : 0,
        "slat_ns" : {
          "min" : 0,
          "max" : 0,
          "mean" : 0.000000,
          "stddev" : 0.000000,
          "N" : 0
        },
        "clat_ns" : {
          "min" : 0,
          "max" : 0,
          "mean" : 0.000000,
          "stddev" : 0.000000,
          "N" : 0
        },
        "lat_ns" : {
          "min" : 0,
          "max" : 0,
          "mean" : 0.000000,
          "stddev" : 0.000000,
          "N" : 0
        },
        "bw_min" : 0,
        "bw_max" : 0,
        "bw_agg" : 0.000000,
        "bw_mean" : 0.000000,
        "bw_dev" : 0.000000,
        "bw_samples" : 0,
        "iops_min" : 0,
        "iops_max" : 0,
        "iops_mean" : 0.000000,
        "iops_stddev" : 0.000000,
        "iops_samples" : 0
      },
      "write" : {
        "io_bytes" : 1073741824,
        "io_kbytes" : 1048576,
        "bw_bytes" : 445720973,
        "bw" : 435274,
        "iops" : 106.268161,
        "runtime" : 2409,
        "total_ios" : 256,
        "short_ios" : 0,
        "drop_ios" : 0,
        "slat_ns" : {
          "min" : 376769,
          "max" : 9984523,
          "mean" : 9323110.898438,
          "stddev" : 813270.765607,
          "N" : 256
        },
        "clat_ns" : {
          "min" : 18823531,
          "max" : 319799075,
          "mean" : 275528504.878906,
          "stddev" : 52635151.056308,
          "N" : 256,
          "percentile" : {
            "1.000000" : 37486592,
            "5.000000" : 131596288,
            "10.000000" : 254803968,
            "20.000000" : 283115520,
            "30.000000" : 283115520,
            "40.000000" : 291504128,
            "50.000000" : 291504128,
            "60.000000" : 291504128,
            "70.000000" : 291504128,
            "80.000000" : 299892736,
            "90.000000" : 299892736,
            "95.000000" : 299892736,
            "99.000000" : 312475648,
            "99.500000" : 312475648,
            "99.900000" : 320864256,
            "99.950000" : 320864256,
            "99.990000" : 320864256
          }
        },
        "lat_ns" : {
          "min" : 27808143,
          "max" : 328794269,
          "mean" : 284851615.777344,
          "stddev" : 52628810.175415,
          "N" : 256
        },
        "bw_min" : 196608,
        "bw_max" : 434176,
        "bw_agg" : 86.102930,
        "bw_mean" : 374784.000000,
        "bw_dev" : 118784.000000,
        "bw_samples" : 4,
        "iops_min" : 48,
        "iops_max" : 106,
        "iops_mean" : 91.500000,
        "iops_stddev" : 29.000000,
        "iops_samples" : 4
      },
      "trim" : {
        "io_bytes" : 0,
        "io_kbytes" : 0,
        "bw_bytes" : 0,
        "bw" : 0,
        "iops" : 0.000000,
        "runtime" : 0,
        "total_ios" : 0,
        "short_ios" : 0,
        "drop_ios" : 0,
        "slat_ns" : {
          "min" : 0,
          "max" : 0,
          "mean" : 0.000000,
          "stddev" : 0.000000,
          "N" : 0
        },
        "clat_ns" : {
          "min" : 0,
          "max" : 0,
          "mean" : 0.000000,
          "stddev" : 0.000000,
          "N" : 0
        },
        "lat_ns" : {
          "min" : 0,
          "max" : 0,
          "mean" : 0.000000,
          "stddev" : 0.000000,
          "N" : 0
        },
        "bw_min" : 0,
        "bw_max" : 0,
        "bw_agg" : 0.000000,
        "bw_mean" : 0.000000,
        "bw_dev" : 0.000000,
        "bw_samples" : 0,
        "iops_min" : 0,
        "iops_max" : 0,
        "iops_mean" : 0.000000,
        "iops_stddev" : 0.000000,
        "iops_samples" : 0
      },
      "sync" : {
        "total_ios" : 0,
        "lat_ns" : {
          "min" : 0,
          "max" : 0,
          "mean" : 0.000000,
          "stddev" : 0.000000,
          "N" : 0
        }
      },
      "job_runtime" : 2408,
      "usr_cpu" : 3.903654,
      "sys_cpu" : 7.308970,
      "ctx" : 3796,
      "majf" : 0,
      "minf" : 10,
      "iodepth_level" : {
        "1" : 0.390625,
        "2" : 0.781250,
        "4" : 1.562500,
        "8" : 3.125000,
        "16" : 6.250000,
        "32" : 87.890625,
        ">=64" : 0.000000
      },
      "iodepth_submit" : {
        "0" : 0.000000,
        "4" : 100.000000,
        "8" : 0.000000,
        "16" : 0.000000,
        "32" : 0.000000,
        "64" : 0.000000,
        ">=64" : 0.000000
      },
      "iodepth_complete" : {
        "0" : 0.000000,
        "4" : 99.557522,
        "8" : 0.000000,
        "16" : 0.000000,
        "32" : 0.442478,
        "64" : 0.000000,
        ">=64" : 0.000000
      },
      "latency_ns" : {
        "2" : 0.000000,
        "4" : 0.000000,
        "10" : 0.000000,
        "20" : 0.000000,
        "50" : 0.000000,
        "100" : 0.000000,
        "250" : 0.000000,
        "500" : 0.000000,
        "750" : 0.000000,
        "1000" : 0.000000
      },
      "latency_us" : {
        "2" : 0.000000,
        "4" : 0.000000,
        "10" : 0.000000,
        "20" : 0.000000,
        "50" : 0.000000,
        "100" : 0.000000,
        "250" : 0.000000,
        "500" : 0.000000,
        "750" : 0.000000,
        "1000" : 0.000000
      },
      "latency_ms" : {
        "2" : 0.000000,
        "4" : 0.000000,
        "10" : 0.000000,
        "20" : 0.390625,
        "50" : 1.171875,
        "100" : 1.953125,
        "250" : 6.250000,
        "500" : 90.234375,
        "750" : 0.000000,
        "1000" : 0.000000,
        "2000" : 0.000000,
        ">=2000" : 0.000000
      },
      "latency_depth" : 32,
      "latency_target" : 0,
      "latency_percentile" : 100.000000,
      "latency_window" : 0
    }
  ],
  "disk_util" : [
    {
      "name" : "sdb",
      "read_ios" : 0,
      "write_ios" : 29624,
      "read_merges" : 0,
      "write_merges" : 28,
      "read_ticks" : 0,
      "write_ticks" : 542897,
      "in_queue" : 542898,
      "util" : 87.254509
    }
  ]
}
