{
  "fio version" : "fio-3.33",
  "timestamp" : 1747285156,
  "timestamp_ms" : 1747285156627,
  "time" : "Thu May 15 07:59:16 2025",
  "jobs" : [
    {
      "jobname" : "randread_B8_Q128_T1",
      "groupid" : 0,
      "error" : 0,
      "eta" : 0,
      "elapsed" : 4,
      "job options" : {
        "rw" : "randread",
        "name" : "randread_B8_Q128_T1",
        "bs" : "8k",
        "iodepth" : "128",
        "numjobs" : "1",
        "runtime" : "10",
        "direct" : "1",
        "ioengine" : "libaio",
        "size" : "1G",
        "filename" : "/mnt/pve/test/write"
      },
      "read" : {
        "io_bytes" : 1073741824,
        "io_kbytes" : 1048576,
        "bw_bytes" : 334499010,
        "bw" : 326659,
        "iops" : 40832.398754,
        "runtime" : 3210,
        "total_ios" : 131072,
        "short_ios" : 0,
        "drop_ios" : 0,
        "slat_ns" : {
          "min" : 4973,
          "max" : 739347,
          "mean" : 12752.344826,
          "stddev" : 15149.951403,
          "N" : 131072
        },
        "clat_ns" : {
          "min" : 257293,
          "max" : 34310519,
          "mean" : 3118256.153534,
          "stddev" : 1663374.593154,
          "N" : 131072,
          "percentile" : {
            "1.000000" : 733184,
            "5.000000" : 962560,
            "10.000000" : 1220608,
            "20.000000" : 1728512,
            "30.000000" : 2211840,
            "40.000000" : 2703360,
            "50.000000" : 3031040,
            "60.000000" : 3325952,
            "70.000000" : 3817472,
            "80.000000" : 4358144,
            "90.000000" : 4882432,
            "95.000000" : 5210112,
            "99.000000" : 7831552,
            "99.500000" : 11337728,
            "99.900000" : 18219008,
            "99.950000" : 21364736,
            "99.990000" : 27656192
          }
        },
        "lat_ns" : {
          "min" : 264608,
          "max" : 34317761,
          "mean" : 3131008.498360,
          "stddev" : 1663264.556589,
          "N" : 131072
        },
        "bw_min" : 324592,
        "bw_max" : 328256,
        "bw_agg" : 99.834938,
        "bw_mean" : 326120.000000,
        "bw_dev" : 1568.481559,
        "bw_samples" : 6,
        "iops_min" : 40574,
        "iops_max" : 41032,
        "iops_mean" : 40765.000000,
        "iops_stddev" : 196.060195,
        "iops_samples" : 6
      },
      "write" : {
        "io_bytes" : 0,
        "io_kbytes" : 0,
        "bw_bytes" : 0,
        "bw" : 0,
        "iops" : 0.000000,
        "runtime" : 0,
        "total_ios" : 0,
        "short_ios" : 0,
        "drop_ios" : 0,
        "slat_ns" : {
          "min" : 0,
          "max" : 0,
          "mean" : 0.000000,
          "stddev" : 0.000000,
          "N" : 0
        },
        "clat_ns" : {
          "min" : 0,
          "max" : 0,
          "mean" : 0.000000,
          "stddev" : 0.000000,
          "N" : 0
        },
        "lat_ns" : {
          "min" : 0,
          "max" : 0,
          "mean" : 0.000000,
          "stddev" : 0.000000,
          "N" : 0
        },
        "bw_min" : 0,
        "bw_max" : 0,
        "bw_agg" : 0.000000,
        "bw_mean" : 0.000000,
        "bw_dev" : 0.000000,
        "bw_samples" : 0,
        "iops_min" : 0,
        "iops_max" : 0,
        "iops_mean" : 0.000000,
        "iops_stddev" : 0.000000,
        "iops_samples" : 0
      },
      "trim" : {
        "io_bytes" : 0,
        "io_kbytes" : 0,
        "bw_bytes" : 0,
        "bw" : 0,
        "iops" : 0.000000,
        "runtime" : 0,
        "total_ios" : 0,
        "short_ios" : 0,
        "drop_ios" : 0,
        "slat_ns" : {
          "min" : 0,
          "max" : 0,
          "mean" : 0.000000,
          "stddev" : 0.000000,
          "N" : 0
        },
        "clat_ns" : {
          "min" : 0,
          "max" : 0,
          "mean" : 0.000000,
          "stddev" : 0.000000,
          "N" : 0
        },
        "lat_ns" : {
          "min" : 0,
          "max" : 0,
          "mean" : 0.000000,
          "stddev" : 0.000000,
          "N" : 0
        },
        "bw_min" : 0,
        "bw_max" : 0,
        "bw_agg" : 0.000000,
        "bw_mean" : 0.000000,
        "bw_dev" : 0.000000,
        "bw_samples" : 0,
        "iops_min" : 0,
        "iops_max" : 0,
        "iops_mean" : 0.000000,
        "iops_stddev" : 0.000000,
        "iops_samples" : 0
      },
      "sync" : {
        "total_ios" : 0,
        "lat_ns" : {
          "min" : 0,
          "max" : 0,
          "mean" : 0.000000,
          "stddev" : 0.000000,
          "N" : 0
        }
      },
      "job_runtime" : 3209,
      "usr_cpu" : 14.054222,
      "sys_cpu" : 52.072297,
      "ctx" : 20650,
      "majf" : 0,
      "minf" : 272,
      "iodepth_level" : {
        "1" : 0.100000,
        "2" : 0.100000,
        "4" : 0.100000,
        "8" : 0.100000,
        "16" : 0.100000,
        "32" : 0.100000,
        ">=64" : 99.951935
      },
      "iodepth_submit" : {
        "0" : 0.000000,
        "4" : 100.000000,
        "8" : 0.000000,
        "16" : 0.000000,
        "32" : 0.000000,
        "64" : 0.000000,
        ">=64" : 0.000000
      },
      "iodepth_complete" : {
        "0" : 0.000000,
        "4" : 99.999236,
        "8" : 0.000000,
        "16" : 0.000000,
        "32" : 0.000000,
        "64" : 0.000000,
        ">=64" : 0.100000
      },
      "latency_ns" : {
        "2" : 0.000000,
        "4" : 0.000000,
        "10" : 0.000000,
        "20" : 0.000000,
        "50" : 0.000000,
        "100" : 0.000000,
        "250" : 0.000000,
        "500" : 0.000000,
        "750" : 0.000000,
        "1000" : 0.000000
      },
      "latency_us" : {
        "2" : 0.000000,
        "4" : 0.000000,
        "10" : 0.000000,
        "20" : 0.000000,
        "50" : 0.000000,
        "100" : 0.000000,
        "250" : 0.000000,
        "500" : 0.010000,
        "750" : 1.250458,
        "1000" : 4.501343
      },
      "latency_ms" : {
        "2" : 20.020294,
        "4" : 47.776031,
        "10" : 25.820160,
        "20" : 0.557709,
        "50" : 0.073242,
        "100" : 0.000000,
        "250" : 0.000000,
        "500" : 0.000000,
        "750" : 0.000000,
        "1000" : 0.000000,
        "2000" : 0.000000,
        ">=2000" : 0.000000
      },
      "latency_depth" : 128,
      "latency_target" : 0,
      "latency_percentile" : 100.000000,
      "latency_window" : 0
    }
  ],
  "disk_util" : [
    {
      "name" : "sdb",
      "read_ios" : 126918,
      "write_ios" : 0,
      "read_merges" : 1246,
      "write_merges" : 0,
      "read_ticks" : 361813,
      "write_ticks" : 0,
      "in_queue" : 361813,
      "util" : 96.947271
    }
  ]
}
