{
  "fio version" : "fio-3.33",
  "timestamp" : 1747286114,
  "timestamp_ms" : 1747286114252,
  "time" : "Thu May 15 08:15:14 2025",
  "jobs" : [
    {
      "jobname" : "randwrite_B4_Q128_T1",
      "groupid" : 0,
      "error" : 0,
      "eta" : 0,
      "elapsed" : 6,
      "job options" : {
        "rw" : "randwrite",
        "name" : "randwrite_B4_Q128_T1",
        "bs" : "4k",
        "iodepth" : "128",
        "numjobs" : "1",
        "runtime" : "10",
        "direct" : "1",
        "ioengine" : "libaio",
        "size" : "1G",
        "filename" : "/mnt/pve/test/write"
      },
      "read" : {
        "io_bytes" : 0,
        "io_kbytes" : 0,
        "bw_bytes" : 0,
        "bw" : 0,
        "iops" : 0.000000,
        "runtime" : 0,
        "total_ios" : 0,
        "short_ios" : 0,
        "drop_ios" : 0,
        "slat_ns" : {
          "min" : 0,
          "max" : 0,
          "mean" : 0.000000,
          "stddev" : 0.000000,
          "N" : 0
        },
        "clat_ns" : {
          "min" : 0,
          "max" : 0,
          "mean" : 0.000000,
          "stddev" : 0.000000,
          "N" : 0
        },
        "lat_ns" : {
          "min" : 0,
          "max" : 0,
          "mean" : 0.000000,
          "stddev" : 0.000000,
          "N" : 0
        },
        "bw_min" : 0,
        "bw_max" : 0,
        "bw_agg" : 0.000000,
        "bw_mean" : 0.000000,
        "bw_dev" : 0.000000,
        "bw_samples" : 0,
        "iops_min" : 0,
        "iops_max" : 0,
        "iops_mean" : 0.000000,
        "iops_stddev" : 0.000000,
        "iops_samples" : 0
      },
      "write" : {
        "io_bytes" : 1073741824,
        "io_kbytes" : 1048576,
        "bw_bytes" : 184523427,
        "bw" : 180198,
        "iops" : 45049.664891,
        "runtime" : 5819,
        "total_ios" : 262144,
        "short_ios" : 0,
        "drop_ios" : 0,
        "slat_ns" : {
          "min" : 1964,
          "max" : 604678,
          "mean" : 16005.298225,
          "stddev" : 10461.121404,
          "N" : 262144
        },
        "clat_ns" : {
          "min" : 44899,
          "max" : 14468521,
          "mean" : 2822085.713936,
          "stddev" : 765367.162775,
          "N" : 262144,
          "percentile" : {
            "1.000000" : 1351680,
            "5.000000" : 2211840,
            "10.000000" : 2310144,
            "20.000000" : 2342912,
            "30.000000" : 2342912,
            "40.000000" : 2342912,
            "50.000000" : 2441216,
            "60.000000" : 2506752,
            "70.000000" : 2932736,
            "80.000000" : 3817472,
            "90.000000" : 4145152,
            "95.000000" : 4227072,
            "99.000000" : 4358144,
            "99.500000" : 4423680,
            "99.900000" : 5144576,
            "99.950000" : 5996544,
            "99.990000" : 9109504
          }
        },
        "lat_ns" : {
          "min" : 72251,
          "max" : 14472312,
          "mean" : 2838091.012161,
          "stddev" : 768912.521181,
          "N" : 262144
        },
        "bw_min" : 130880,
        "bw_max" : 217360,
        "bw_agg" : 100.000000,
        "bw_mean" : 180407.272727,
        "bw_dev" : 28028.092982,
        "bw_samples" : 11,
        "iops_min" : 32720,
        "iops_max" : 54340,
        "iops_mean" : 45102.000000,
        "iops_stddev" : 7007.009519,
        "iops_samples" : 11
      },
      "trim" : {
        "io_bytes" : 0,
        "io_kbytes" : 0,
        "bw_bytes" : 0,
        "bw" : 0,
        "iops" : 0.000000,
        "runtime" : 0,
        "total_ios" : 0,
        "short_ios" : 0,
        "drop_ios" : 0,
        "slat_ns" : {
          "min" : 0,
          "max" : 0,
          "mean" : 0.000000,
          "stddev" : 0.000000,
          "N" : 0
        },
        "clat_ns" : {
          "min" : 0,
          "max" : 0,
          "mean" : 0.000000,
          "stddev" : 0.000000,
          "N" : 0
        },
        "lat_ns" : {
          "min" : 0,
          "max" : 0,
          "mean" : 0.000000,
          "stddev" : 0.000000,
          "N" : 0
        },
        "bw_min" : 0,
        "bw_max" : 0,
        "bw_agg" : 0.000000,
        "bw_mean" : 0.000000,
        "bw_dev" : 0.000000,
        "bw_samples" : 0,
        "iops_min" : 0,
        "iops_max" : 0,
        "iops_mean" : 0.000000,
        "iops_stddev" : 0.000000,
        "iops_samples" : 0
      },
      "sync" : {
        "total_ios" : 0,
        "lat_ns" : {
          "min" : 0,
          "max" : 0,
          "mean" : 0.000000,
          "stddev" : 0.000000,
          "N" : 0
        }
      },
      "job_runtime" : 5818,
      "usr_cpu" : 15.022344,
      "sys_cpu" : 60.484703,
      "ctx" : 195911,
      "majf" : 0,
      "minf" : 14,
      "iodepth_level" : {
        "1" : 0.100000,
        "2" : 0.100000,
        "4" : 0.100000,
        "8" : 0.100000,
        "16" : 0.100000,
        "32" : 0.100000,
        ">=64" : 99.975967
      },
      "iodepth_submit" : {
        "0" : 0.000000,
        "4" : 100.000000,
        "8" : 0.000000,
        "16" : 0.000000,
        "32" : 0.000000,
        "64" : 0.000000,
        ">=64" : 0.000000
      },
      "iodepth_complete" : {
        "0" : 0.000000,
        "4" : 99.999618,
        "8" : 0.000000,
        "16" : 0.000000,
        "32" : 0.000000,
        "64" : 0.000000,
        ">=64" : 0.100000
      },
      "latency_ns" : {
        "2" : 0.000000,
        "4" : 0.000000,
        "10" : 0.000000,
        "20" : 0.000000,
        "50" : 0.000000,
        "100" : 0.000000,
        "250" : 0.000000,
        "500" : 0.000000,
        "750" : 0.000000,
        "1000" : 0.000000
      },
      "latency_us" : {
        "2" : 0.000000,
        "4" : 0.000000,
        "10" : 0.000000,
        "20" : 0.000000,
        "50" : 0.010000,
        "100" : 0.010000,
        "250" : 0.010000,
        "500" : 0.010000,
        "750" : 0.194168,
        "1000" : 0.274658
      },
      "latency_ms" : {
        "2" : 1.676559,
        "4" : 81.971741,
        "10" : 15.872955,
        "20" : 0.010000,
        "50" : 0.000000,
        "100" : 0.000000,
        "250" : 0.000000,
        "500" : 0.000000,
        "750" : 0.000000,
        "1000" : 0.000000,
        "2000" : 0.000000,
        ">=2000" : 0.000000
      },
      "latency_depth" : 128,
      "latency_target" : 0,
      "latency_percentile" : 100.000000,
      "latency_window" : 0
    }
  ],
  "disk_util" : [
    {
      "name" : "sdb",
      "read_ios" : 0,
      "write_ios" : 255749,
      "read_merges" : 0,
      "write_merges" : 31,
      "read_ticks" : 0,
      "write_ticks" : 88001,
      "in_queue" : 88002,
      "util" : 98.310987
    }
  ]
}
