{
  "fio version" : "fio-3.33",
  "timestamp" : 1747286199,
  "timestamp_ms" : 1747286199196,
  "time" : "Thu May 15 08:16:39 2025",
  "jobs" : [
    {
      "jobname" : "randwrite_B8_Q128_T1",
      "groupid" : 0,
      "error" : 0,
      "eta" : 0,
      "elapsed" : 4,
      "job options" : {
        "rw" : "randwrite",
        "name" : "randwrite_B8_Q128_T1",
        "bs" : "8k",
        "iodepth" : "128",
        "numjobs" : "1",
        "runtime" : "10",
        "direct" : "1",
        "ioengine" : "libaio",
        "size" : "1G",
        "filename" : "/mnt/pve/test/write"
      },
      "read" : {
        "io_bytes" : 0,
        "io_kbytes" : 0,
        "bw_bytes" : 0,
        "bw" : 0,
        "iops" : 0.000000,
        "runtime" : 0,
        "total_ios" : 0,
        "short_ios" : 0,
        "drop_ios" : 0,
        "slat_ns" : {
          "min" : 0,
          "max" : 0,
          "mean" : 0.000000,
          "stddev" : 0.000000,
          "N" : 0
        },
        "clat_ns" : {
          "min" : 0,
          "max" : 0,
          "mean" : 0.000000,
          "stddev" : 0.000000,
          "N" : 0
        },
        "lat_ns" : {
          "min" : 0,
          "max" : 0,
          "mean" : 0.000000,
          "stddev" : 0.000000,
          "N" : 0
        },
        "bw_min" : 0,
        "bw_max" : 0,
        "bw_agg" : 0.000000,
        "bw_mean" : 0.000000,
        "bw_dev" : 0.000000,
        "bw_samples" : 0,
        "iops_min" : 0,
        "iops_max" : 0,
        "iops_mean" : 0.000000,
        "iops_stddev" : 0.000000,
        "iops_samples" : 0
      },
      "write" : {
        "io_bytes" : 1073741824,
        "io_kbytes" : 1048576,
        "bw_bytes" : 323124232,
        "bw" : 315551,
        "iops" : 39443.876016,
        "runtime" : 3323,
        "total_ios" : 131072,
        "short_ios" : 0,
        "drop_ios" : 0,
        "slat_ns" : {
          "min" : 5346,
          "max" : 768181,
          "mean" : 13956.303368,
          "stddev" : 17255.234408,
          "N" : 131072
        },
        "clat_ns" : {
          "min" : 605839,
          "max" : 47584915,
          "mean" : 3227365.795952,
          "stddev" : 1772963.894613,
          "N" : 131072,
          "percentile" : {
            "1.000000" : 757760,
            "5.000000" : 978944,
            "10.000000" : 1220608,
            "20.000000" : 1679360,
            "30.000000" : 2179072,
            "40.000000" : 2670592,
            "50.000000" : 3129344,
            "60.000000" : 3588096,
            "70.000000" : 4079616,
            "80.000000" : 4554752,
            "90.000000" : 5079040,
            "95.000000" : 5472256,
            "99.000000" : 8585216,
            "99.500000" : 11862016,
            "99.900000" : 17956864,
            "99.950000" : 20578304,
            "99.990000" : 31326208
          }
        },
        "lat_ns" : {
          "min" : 648672,
          "max" : 47648926,
          "mean" : 3241322.099319,
          "stddev" : 1772954.295344,
          "N" : 131072
        },
        "bw_min" : 313424,
        "bw_max" : 315152,
        "bw_agg" : 99.717000,
        "bw_mean" : 314658.666667,
        "bw_dev" : 643.463959,
        "bw_samples" : 6,
        "iops_min" : 39178,
        "iops_max" : 39394,
        "iops_mean" : 39332.333333,
        "iops_stddev" : 80.432995,
        "iops_samples" : 6
      },
      "trim" : {
        "io_bytes" : 0,
        "io_kbytes" : 0,
        "bw_bytes" : 0,
        "bw" : 0,
        "iops" : 0.000000,
        "runtime" : 0,
        "total_ios" : 0,
        "short_ios" : 0,
        "drop_ios" : 0,
        "slat_ns" : {
          "min" : 0,
          "max" : 0,
          "mean" : 0.000000,
          "stddev" : 0.000000,
          "N" : 0
        },
        "clat_ns" : {
          "min" : 0,
          "max" : 0,
          "mean" : 0.000000,
          "stddev" : 0.000000,
          "N" : 0
        },
        "lat_ns" : {
          "min" : 0,
          "max" : 0,
          "mean" : 0.000000,
          "stddev" : 0.000000,
          "N" : 0
        },
        "bw_min" : 0,
        "bw_max" : 0,
        "bw_agg" : 0.000000,
        "bw_mean" : 0.000000,
        "bw_dev" : 0.000000,
        "bw_samples" : 0,
        "iops_min" : 0,
        "iops_max" : 0,
        "iops_mean" : 0.000000,
        "iops_stddev" : 0.000000,
        "iops_samples" : 0
      },
      "sync" : {
        "total_ios" : 0,
        "lat_ns" : {
          "min" : 0,
          "max" : 0,
          "mean" : 0.000000,
          "stddev" : 0.000000,
          "N" : 0
        }
      },
      "job_runtime" : 3322,
      "usr_cpu" : 17.429259,
      "sys_cpu" : 44.280554,
      "ctx" : 25879,
      "majf" : 0,
      "minf" : 12,
      "iodepth_level" : {
        "1" : 0.100000,
        "2" : 0.100000,
        "4" : 0.100000,
        "8" : 0.100000,
        "16" : 0.100000,
        "32" : 0.100000,
        ">=64" : 99.951935
      },
      "iodepth_submit" : {
        "0" : 0.000000,
        "4" : 100.000000,
        "8" : 0.000000,
        "16" : 0.000000,
        "32" : 0.000000,
        "64" : 0.000000,
        ">=64" : 0.000000
      },
      "iodepth_complete" : {
        "0" : 0.000000,
        "4" : 99.999236,
        "8" : 0.000000,
        "16" : 0.000000,
        "32" : 0.000000,
        "64" : 0.000000,
        ">=64" : 0.100000
      },
      "latency_ns" : {
        "2" : 0.000000,
        "4" : 0.000000,
        "10" : 0.000000,
        "20" : 0.000000,
        "50" : 0.000000,
        "100" : 0.000000,
        "250" : 0.000000,
        "500" : 0.000000,
        "750" : 0.000000,
        "1000" : 0.000000
      },
      "latency_us" : {
        "2" : 0.000000,
        "4" : 0.000000,
        "10" : 0.000000,
        "20" : 0.000000,
        "50" : 0.000000,
        "100" : 0.000000,
        "250" : 0.000000,
        "500" : 0.000000,
        "750" : 0.779724,
        "1000" : 4.821777
      },
      "latency_ms" : {
        "2" : 20.527649,
        "4" : 42.202759,
        "10" : 30.958557,
        "20" : 0.650787,
        "50" : 0.058746,
        "100" : 0.000000,
        "250" : 0.000000,
        "500" : 0.000000,
        "750" : 0.000000,
        "1000" : 0.000000,
        "2000" : 0.000000,
        ">=2000" : 0.000000
      },
      "latency_depth" : 128,
      "latency_target" : 0,
      "latency_percentile" : 100.000000,
      "latency_window" : 0
    }
  ],
  "disk_util" : [
    {
      "name" : "sdb",
      "read_ios" : 0,
      "write_ios" : 122795,
      "read_merges" : 0,
      "write_merges" : 744,
      "read_ticks" : 0,
      "write_ticks" : 385046,
      "in_queue" : 385046,
      "util" : 96.885600
    }
  ]
}
