{
  "fio version" : "fio-3.33",
  "timestamp" : 1747286435,
  "timestamp_ms" : 1747286435435,
  "time" : "Thu May 15 08:20:35 2025",
  "jobs" : [
    {
      "jobname" : "randread_B4_Q128_T1",
      "groupid" : 0,
      "error" : 0,
      "eta" : 0,
      "elapsed" : 5,
      "job options" : {
        "rw" : "randread",
        "name" : "randread_B4_Q128_T1",
        "bs" : "4k",
        "iodepth" : "128",
        "numjobs" : "1",
        "runtime" : "10",
        "direct" : "1",
        "ioengine" : "libaio",
        "size" : "1G",
        "filename" : "/mnt/pve/test/write"
      },
      "read" : {
        "io_bytes" : 1073741824,
        "io_kbytes" : 1048576,
        "bw_bytes" : 246045330,
        "bw" : 240278,
        "iops" : 60069.660862,
        "runtime" : 4364,
        "total_ios" : 262144,
        "short_ios" : 0,
        "drop_ios" : 0,
        "slat_ns" : {
          "min" : 2349,
          "max" : 527959,
          "mean" : 12126.519775,
          "stddev" : 10770.564689,
          "N" : 262144
        },
        "clat_ns" : {
          "min" : 316710,
          "max" : 15431245,
          "mean" : 2115864.165161,
          "stddev" : 464094.228288,
          "N" : 262144,
          "percentile" : {
            "1.000000" : 765952,
            "5.000000" : 1384448,
            "10.000000" : 1613824,
            "20.000000" : 1843200,
            "30.000000" : 1908736,
            "40.000000" : 2072576,
            "50.000000" : 2277376,
            "60.000000" : 2310144,
            "70.000000" : 2342912,
            "80.000000" : 2375680,
            "90.000000" : 2408448,
            "95.000000" : 2539520,
            "99.000000" : 3227648,
            "99.500000" : 3751936,
            "99.900000" : 5734400,
            "99.950000" : 7307264,
            "99.990000" : 11206656
          }
        },
        "lat_ns" : {
          "min" : 326880,
          "max" : 15435208,
          "mean" : 2127990.684937,
          "stddev" : 464996.065466,
          "N" : 262144
        },
        "bw_min" : 231560,
        "bw_max" : 254424,
        "bw_agg" : 100.000000,
        "bw_mean" : 240551.000000,
        "bw_dev" : 7883.737402,
        "bw_samples" : 8,
        "iops_min" : 57890,
        "iops_max" : 63606,
        "iops_mean" : 60137.750000,
        "iops_stddev" : 1970.934351,
        "iops_samples" : 8
      },
      "write" : {
        "io_bytes" : 0,
        "io_kbytes" : 0,
        "bw_bytes" : 0,
        "bw" : 0,
        "iops" : 0.000000,
        "runtime" : 0,
        "total_ios" : 0,
        "short_ios" : 0,
        "drop_ios" : 0,
        "slat_ns" : {
          "min" : 0,
          "max" : 0,
          "mean" : 0.000000,
          "stddev" : 0.000000,
          "N" : 0
        },
        "clat_ns" : {
          "min" : 0,
          "max" : 0,
          "mean" : 0.000000,
          "stddev" : 0.000000,
          "N" : 0
        },
        "lat_ns" : {
          "min" : 0,
          "max" : 0,
          "mean" : 0.000000,
          "stddev" : 0.000000,
          "N" : 0
        },
        "bw_min" : 0,
        "bw_max" : 0,
        "bw_agg" : 0.000000,
        "bw_mean" : 0.000000,
        "bw_dev" : 0.000000,
        "bw_samples" : 0,
        "iops_min" : 0,
        "iops_max" : 0,
        "iops_mean" : 0.000000,
        "iops_stddev" : 0.000000,
        "iops_samples" : 0
      },
      "trim" : {
        "io_bytes" : 0,
        "io_kbytes" : 0,
        "bw_bytes" : 0,
        "bw" : 0,
        "iops" : 0.000000,
        "runtime" : 0,
        "total_ios" : 0,
        "short_ios" : 0,
        "drop_ios" : 0,
        "slat_ns" : {
          "min" : 0,
          "max" : 0,
          "mean" : 0.000000,
          "stddev" : 0.000000,
          "N" : 0
        },
        "clat_ns" : {
          "min" : 0,
          "max" : 0,
          "mean" : 0.000000,
          "stddev" : 0.000000,
          "N" : 0
        },
        "lat_ns" : {
          "min" : 0,
          "max" : 0,
          "mean" : 0.000000,
          "stddev" : 0.000000,
          "N" : 0
        },
        "bw_min" : 0,
        "bw_max" : 0,
        "bw_agg" : 0.000000,
        "bw_mean" : 0.000000,
        "bw_dev" : 0.000000,
        "bw_samples" : 0,
        "iops_min" : 0,
        "iops_max" : 0,
        "iops_mean" : 0.000000,
        "iops_stddev" : 0.000000,
        "iops_samples" : 0
      },
      "sync" : {
        "total_ios" : 0,
        "lat_ns" : {
          "min" : 0,
          "max" : 0,
          "mean" : 0.000000,
          "stddev" : 0.000000,
          "N" : 0
        }
      },
      "job_runtime" : 4363,
      "usr_cpu" : 17.235847,
      "sys_cpu" : 67.682787,
      "ctx" : 98619,
      "majf" : 0,
      "minf" : 297,
      "iodepth_level" : {
        "1" : 0.100000,
        "2" : 0.100000,
        "4" : 0.100000,
        "8" : 0.100000,
        "16" : 0.100000,
        "32" : 0.100000,
        ">=64" : 99.975967
      },
      "iodepth_submit" : {
        "0" : 0.000000,
        "4" : 100.000000,
        "8" : 0.000000,
        "16" : 0.000000,
        "32" : 0.000000,
        "64" : 0.000000,
        ">=64" : 0.000000
      },
      "iodepth_complete" : {
        "0" : 0.000000,
        "4" : 99.999618,
        "8" : 0.000000,
        "16" : 0.000000,
        "32" : 0.000000,
        "64" : 0.000000,
        ">=64" : 0.100000
      },
      "latency_ns" : {
        "2" : 0.000000,
        "4" : 0.000000,
        "10" : 0.000000,
        "20" : 0.000000,
        "50" : 0.000000,
        "100" : 0.000000,
        "250" : 0.000000,
        "500" : 0.000000,
        "750" : 0.000000,
        "1000" : 0.000000
      },
      "latency_us" : {
        "2" : 0.000000,
        "4" : 0.000000,
        "10" : 0.000000,
        "20" : 0.000000,
        "50" : 0.000000,
        "100" : 0.000000,
        "250" : 0.000000,
        "500" : 0.184250,
        "750" : 0.723267,
        "1000" : 0.959778
      },
      "latency_ms" : {
        "2" : 35.800552,
        "4" : 61.948395,
        "10" : 0.368118,
        "20" : 0.015640,
        "50" : 0.000000,
        "100" : 0.000000,
        "250" : 0.000000,
        "500" : 0.000000,
        "750" : 0.000000,
        "1000" : 0.000000,
        "2000" : 0.000000,
        ">=2000" : 0.000000
      },
      "latency_depth" : 128,
      "latency_target" : 0,
      "latency_percentile" : 100.000000,
      "latency_window" : 0
    }
  ],
  "disk_util" : [
    {
      "name" : "sdb",
      "read_ios" : 248854,
      "write_ios" : 0,
      "read_merges" : 137,
      "write_merges" : 0,
      "read_ticks" : 140942,
      "write_ticks" : 0,
      "in_queue" : 140942,
      "util" : 97.689769
    }
  ]
}
