{
  "fio version" : "fio-3.33",
  "timestamp" : 1747290159,
  "timestamp_ms" : 1747290159188,
  "time" : "Thu May 15 09:22:39 2025",
  "jobs" : [
    {
      "jobname" : "randread_B4096_Q32_T1",
      "groupid" : 0,
      "error" : 0,
      "eta" : 0,
      "elapsed" : 3,
      "job options" : {
        "rw" : "randread",
        "name" : "randread_B4096_Q32_T1",
        "bs" : "4096k",
        "iodepth" : "32",
        "numjobs" : "1",
        "runtime" : "10",
        "direct" : "1",
        "ioengine" : "libaio",
        "size" : "1G",
        "filename" : "/mnt/pve/test/write"
      },
      "read" : {
        "io_bytes" : 1073741824,
        "io_kbytes" : 1048576,
        "bw_bytes" : 410294927,
        "bw" : 400678,
        "iops" : 97.821934,
        "runtime" : 2617,
        "total_ios" : 256,
        "short_ios" : 0,
        "drop_ios" : 0,
        "slat_ns" : {
          "min" : 5257572,
          "max" : 12757455,
          "mean" : 10170040.339844,
          "stddev" : 788418.826303,
          "N" : 256
        },
        "clat_ns" : {
          "min" : 9887674,
          "max" : 367316310,
          "mean" : 295300003.441406,
          "stddev" : 60670403.828747,
          "N" : 256,
          "percentile" : {
            "1.000000" : 29491200,
            "5.000000" : 129499136,
            "10.000000" : 258998272,
            "20.000000" : 308281344,
            "30.000000" : 308281344,
            "40.000000" : 308281344,
            "50.000000" : 308281344,
            "60.000000" : 308281344,
            "70.000000" : 308281344,
            "80.000000" : 312475648,
            "90.000000" : 320864256,
            "95.000000" : 350224384,
            "99.000000" : 367001600,
            "99.500000" : 367001600,
            "99.900000" : 367001600,
            "99.950000" : 367001600,
            "99.990000" : 367001600
          }
        },
        "lat_ns" : {
          "min" : 19691282,
          "max" : 376918546,
          "mean" : 305470043.781250,
          "stddev" : 60813281.915611,
          "N" : 256
        },
        "bw_min" : 114688,
        "bw_max" : 409600,
        "bw_agg" : 87.505788,
        "bw_mean" : 350617.600000,
        "bw_dev" : 131888.655876,
        "bw_samples" : 5,
        "iops_min" : 28,
        "iops_max" : 100,
        "iops_mean" : 85.600000,
        "iops_stddev" : 32.199379,
        "iops_samples" : 5
      },
      "write" : {
        "io_bytes" : 0,
        "io_kbytes" : 0,
        "bw_bytes" : 0,
        "bw" : 0,
        "iops" : 0.000000,
        "runtime" : 0,
        "total_ios" : 0,
        "short_ios" : 0,
        "drop_ios" : 0,
        "slat_ns" : {
          "min" : 0,
          "max" : 0,
          "mean" : 0.000000,
          "stddev" : 0.000000,
          "N" : 0
        },
        "clat_ns" : {
          "min" : 0,
          "max" : 0,
          "mean" : 0.000000,
          "stddev" : 0.000000,
          "N" : 0
        },
        "lat_ns" : {
          "min" : 0,
          "max" : 0,
          "mean" : 0.000000,
          "stddev" : 0.000000,
          "N" : 0
        },
        "bw_min" : 0,
        "bw_max" : 0,
        "bw_agg" : 0.000000,
        "bw_mean" : 0.000000,
        "bw_dev" : 0.000000,
        "bw_samples" : 0,
        "iops_min" : 0,
        "iops_max" : 0,
        "iops_mean" : 0.000000,
        "iops_stddev" : 0.000000,
        "iops_samples" : 0
      },
      "trim" : {
        "io_bytes" : 0,
        "io_kbytes" : 0,
        "bw_bytes" : 0,
        "bw" : 0,
        "iops" : 0.000000,
        "runtime" : 0,
        "total_ios" : 0,
        "short_ios" : 0,
        "drop_ios" : 0,
        "slat_ns" : {
          "min" : 0,
          "max" : 0,
          "mean" : 0.000000,
          "stddev" : 0.000000,
          "N" : 0
        },
        "clat_ns" : {
          "min" : 0,
          "max" : 0,
          "mean" : 0.000000,
          "stddev" : 0.000000,
          "N" : 0
        },
        "lat_ns" : {
          "min" : 0,
          "max" : 0,
          "mean" : 0.000000,
          "stddev" : 0.000000,
          "N" : 0
        },
        "bw_min" : 0,
        "bw_max" : 0,
        "bw_agg" : 0.000000,
        "bw_mean" : 0.000000,
        "bw_dev" : 0.000000,
        "bw_samples" : 0,
        "iops_min" : 0,
        "iops_max" : 0,
        "iops_mean" : 0.000000,
        "iops_stddev" : 0.000000,
        "iops_samples" : 0
      },
      "sync" : {
        "total_ios" : 0,
        "lat_ns" : {
          "min" : 0,
          "max" : 0,
          "mean" : 0.000000,
          "stddev" : 0.000000,
          "N" : 0
        }
      },
      "job_runtime" : 2616,
      "usr_cpu" : 0.114679,
      "sys_cpu" : 16.246177,
      "ctx" : 7890,
      "majf" : 0,
      "minf" : 32779,
      "iodepth_level" : {
        "1" : 0.390625,
        "2" : 0.781250,
        "4" : 1.562500,
        "8" : 3.125000,
        "16" : 6.250000,
        "32" : 87.890625,
        ">=64" : 0.000000
      },
      "iodepth_submit" : {
        "0" : 0.000000,
        "4" : 100.000000,
        "8" : 0.000000,
        "16" : 0.000000,
        "32" : 0.000000,
        "64" : 0.000000,
        ">=64" : 0.000000
      },
      "iodepth_complete" : {
        "0" : 0.000000,
        "4" : 99.557522,
        "8" : 0.000000,
        "16" : 0.000000,
        "32" : 0.442478,
        "64" : 0.000000,
        ">=64" : 0.000000
      },
      "latency_ns" : {
        "2" : 0.000000,
        "4" : 0.000000,
        "10" : 0.000000,
        "20" : 0.000000,
        "50" : 0.000000,
        "100" : 0.000000,
        "250" : 0.000000,
        "500" : 0.000000,
        "750" : 0.000000,
        "1000" : 0.000000
      },
      "latency_us" : {
        "2" : 0.000000,
        "4" : 0.000000,
        "10" : 0.000000,
        "20" : 0.000000,
        "50" : 0.000000,
        "100" : 0.000000,
        "250" : 0.000000,
        "500" : 0.000000,
        "750" : 0.000000,
        "1000" : 0.000000
      },
      "latency_ms" : {
        "2" : 0.000000,
        "4" : 0.000000,
        "10" : 0.390625,
        "20" : 0.390625,
        "50" : 1.171875,
        "100" : 1.953125,
        "250" : 5.859375,
        "500" : 90.234375,
        "750" : 0.000000,
        "1000" : 0.000000,
        "2000" : 0.000000,
        ">=2000" : 0.000000
      },
      "latency_depth" : 32,
      "latency_target" : 0,
      "latency_percentile" : 100.000000,
      "latency_window" : 0
    }
  ],
  "disk_util" : [
    {
      "name" : "sdb",
      "read_ios" : 59852,
      "write_ios" : 9,
      "read_merges" : 0,
      "write_merges" : 24,
      "read_ticks" : 599002,
      "write_ticks" : 22,
      "in_queue" : 599024,
      "util" : 95.470942
    }
  ]
}
