{
  "fio version" : "fio-3.33",
  "timestamp" : 1747290533,
  "timestamp_ms" : 1747290533236,
  "time" : "Thu May 15 09:28:53 2025",
  "jobs" : [
    {
      "jobname" : "randread_B8_Q32_T1",
      "groupid" : 0,
      "error" : 0,
      "eta" : 0,
      "elapsed" : 4,
      "job options" : {
        "rw" : "randread",
        "name" : "randread_B8_Q32_T1",
        "bs" : "8k",
        "iodepth" : "32",
        "numjobs" : "1",
        "runtime" : "10",
        "direct" : "1",
        "ioengine" : "libaio",
        "size" : "1G",
        "filename" : "/mnt/pve/test/write"
      },
      "read" : {
        "io_bytes" : 1073741824,
        "io_kbytes" : 1048576,
        "bw_bytes" : 357080752,
        "bw" : 348711,
        "iops" : 43588.959095,
        "runtime" : 3007,
        "total_ios" : 131072,
        "short_ios" : 0,
        "drop_ios" : 0,
        "slat_ns" : {
          "min" : 3202,
          "max" : 597636,
          "mean" : 14895.494598,
          "stddev" : 12234.164427,
          "N" : 131072
        },
        "clat_ns" : {
          "min" : 156559,
          "max" : 1695788,
          "mean" : 717062.082291,
          "stddev" : 92246.016312,
          "N" : 131072,
          "percentile" : {
            "1.000000" : 536576,
            "5.000000" : 593920,
            "10.000000" : 618496,
            "20.000000" : 651264,
            "30.000000" : 675840,
            "40.000000" : 692224,
            "50.000000" : 700416,
            "60.000000" : 716800,
            "70.000000" : 741376,
            "80.000000" : 774144,
            "90.000000" : 831488,
            "95.000000" : 880640,
            "99.000000" : 1011712,
            "99.500000" : 1105920,
            "99.900000" : 1253376,
            "99.950000" : 1302528,
            "99.990000" : 1466368
          }
        },
        "lat_ns" : {
          "min" : 166952,
          "max" : 1705383,
          "mean" : 731957.576889,
          "stddev" : 90864.309029,
          "N" : 131072
        },
        "bw_min" : 345984,
        "bw_max" : 349744,
        "bw_agg" : 100.000000,
        "bw_mean" : 349029.333333,
        "bw_dev" : 1492.918037,
        "bw_samples" : 6,
        "iops_min" : 43248,
        "iops_max" : 43718,
        "iops_mean" : 43628.666667,
        "iops_stddev" : 186.614755,
        "iops_samples" : 6
      },
      "write" : {
        "io_bytes" : 0,
        "io_kbytes" : 0,
        "bw_bytes" : 0,
        "bw" : 0,
        "iops" : 0.000000,
        "runtime" : 0,
        "total_ios" : 0,
        "short_ios" : 0,
        "drop_ios" : 0,
        "slat_ns" : {
          "min" : 0,
          "max" : 0,
          "mean" : 0.000000,
          "stddev" : 0.000000,
          "N" : 0
        },
        "clat_ns" : {
          "min" : 0,
          "max" : 0,
          "mean" : 0.000000,
          "stddev" : 0.000000,
          "N" : 0
        },
        "lat_ns" : {
          "min" : 0,
          "max" : 0,
          "mean" : 0.000000,
          "stddev" : 0.000000,
          "N" : 0
        },
        "bw_min" : 0,
        "bw_max" : 0,
        "bw_agg" : 0.000000,
        "bw_mean" : 0.000000,
        "bw_dev" : 0.000000,
        "bw_samples" : 0,
        "iops_min" : 0,
        "iops_max" : 0,
        "iops_mean" : 0.000000,
        "iops_stddev" : 0.000000,
        "iops_samples" : 0
      },
      "trim" : {
        "io_bytes" : 0,
        "io_kbytes" : 0,
        "bw_bytes" : 0,
        "bw" : 0,
        "iops" : 0.000000,
        "runtime" : 0,
        "total_ios" : 0,
        "short_ios" : 0,
        "drop_ios" : 0,
        "slat_ns" : {
          "min" : 0,
          "max" : 0,
          "mean" : 0.000000,
          "stddev" : 0.000000,
          "N" : 0
        },
        "clat_ns" : {
          "min" : 0,
          "max" : 0,
          "mean" : 0.000000,
          "stddev" : 0.000000,
          "N" : 0
        },
        "lat_ns" : {
          "min" : 0,
          "max" : 0,
          "mean" : 0.000000,
          "stddev" : 0.000000,
          "N" : 0
        },
        "bw_min" : 0,
        "bw_max" : 0,
        "bw_agg" : 0.000000,
        "bw_mean" : 0.000000,
        "bw_dev" : 0.000000,
        "bw_samples" : 0,
        "iops_min" : 0,
        "iops_max" : 0,
        "iops_mean" : 0.000000,
        "iops_stddev" : 0.000000,
        "iops_samples" : 0
      },
      "sync" : {
        "total_ios" : 0,
        "lat_ns" : {
          "min" : 0,
          "max" : 0,
          "mean" : 0.000000,
          "stddev" : 0.000000,
          "N" : 0
        }
      },
      "job_runtime" : 3006,
      "usr_cpu" : 16.766467,
      "sys_cpu" : 65.369261,
      "ctx" : 22210,
      "majf" : 0,
      "minf" : 76,
      "iodepth_level" : {
        "1" : 0.100000,
        "2" : 0.100000,
        "4" : 0.100000,
        "8" : 0.100000,
        "16" : 0.100000,
        "32" : 99.976349,
        ">=64" : 0.000000
      },
      "iodepth_submit" : {
        "0" : 0.000000,
        "4" : 100.000000,
        "8" : 0.000000,
        "16" : 0.000000,
        "32" : 0.000000,
        "64" : 0.000000,
        ">=64" : 0.000000
      },
      "iodepth_complete" : {
        "0" : 0.000000,
        "4" : 99.999237,
        "8" : 0.000000,
        "16" : 0.000000,
        "32" : 0.100000,
        "64" : 0.000000,
        ">=64" : 0.000000
      },
      "latency_ns" : {
        "2" : 0.000000,
        "4" : 0.000000,
        "10" : 0.000000,
        "20" : 0.000000,
        "50" : 0.000000,
        "100" : 0.000000,
        "250" : 0.000000,
        "500" : 0.000000,
        "750" : 0.000000,
        "1000" : 0.000000
      },
      "latency_us" : {
        "2" : 0.000000,
        "4" : 0.000000,
        "10" : 0.000000,
        "20" : 0.000000,
        "50" : 0.000000,
        "100" : 0.000000,
        "250" : 0.010000,
        "500" : 0.238037,
        "750" : 73.075104,
        "1000" : 25.597382
      },
      "latency_ms" : {
        "2" : 1.081848,
        "4" : 0.000000,
        "10" : 0.000000,
        "20" : 0.000000,
        "50" : 0.000000,
        "100" : 0.000000,
        "250" : 0.000000,
        "500" : 0.000000,
        "750" : 0.000000,
        "1000" : 0.000000,
        "2000" : 0.000000,
        ">=2000" : 0.000000
      },
      "latency_depth" : 32,
      "latency_target" : 0,
      "latency_percentile" : 100.000000,
      "latency_window" : 0
    }
  ],
  "disk_util" : [
    {
      "name" : "sdb",
      "read_ios" : 126172,
      "write_ios" : 0,
      "read_merges" : 26,
      "write_merges" : 0,
      "read_ticks" : 75332,
      "write_ticks" : 0,
      "in_queue" : 75332,
      "util" : 96.692282
    }
  ]
}
