{
  "fio version" : "fio-3.33",
  "timestamp" : 1747290508,
  "timestamp_ms" : 1747290508708,
  "time" : "Thu May 15 09:28:28 2025",
  "jobs" : [
    {
      "jobname" : "randwrite_B8_Q128_T1",
      "groupid" : 0,
      "error" : 0,
      "eta" : 0,
      "elapsed" : 4,
      "job options" : {
        "rw" : "randwrite",
        "name" : "randwrite_B8_Q128_T1",
        "bs" : "8k",
        "iodepth" : "128",
        "numjobs" : "1",
        "runtime" : "10",
        "direct" : "1",
        "ioengine" : "libaio",
        "size" : "1G",
        "filename" : "/mnt/pve/test/write"
      },
      "read" : {
        "io_bytes" : 0,
        "io_kbytes" : 0,
        "bw_bytes" : 0,
        "bw" : 0,
        "iops" : 0.000000,
        "runtime" : 0,
        "total_ios" : 0,
        "short_ios" : 0,
        "drop_ios" : 0,
        "slat_ns" : {
          "min" : 0,
          "max" : 0,
          "mean" : 0.000000,
          "stddev" : 0.000000,
          "N" : 0
        },
        "clat_ns" : {
          "min" : 0,
          "max" : 0,
          "mean" : 0.000000,
          "stddev" : 0.000000,
          "N" : 0
        },
        "lat_ns" : {
          "min" : 0,
          "max" : 0,
          "mean" : 0.000000,
          "stddev" : 0.000000,
          "N" : 0
        },
        "bw_min" : 0,
        "bw_max" : 0,
        "bw_agg" : 0.000000,
        "bw_mean" : 0.000000,
        "bw_dev" : 0.000000,
        "bw_samples" : 0,
        "iops_min" : 0,
        "iops_max" : 0,
        "iops_mean" : 0.000000,
        "iops_stddev" : 0.000000,
        "iops_samples" : 0
      },
      "write" : {
        "io_bytes" : 1073741824,
        "io_kbytes" : 1048576,
        "bw_bytes" : 287866440,
        "bw" : 281119,
        "iops" : 35139.946381,
        "runtime" : 3730,
        "total_ios" : 131072,
        "short_ios" : 0,
        "drop_ios" : 0,
        "slat_ns" : {
          "min" : 3675,
          "max" : 727454,
          "mean" : 18721.562798,
          "stddev" : 16374.636891,
          "N" : 131072
        },
        "clat_ns" : {
          "min" : 607151,
          "max" : 42731513,
          "mean" : 3619535.074509,
          "stddev" : 1463562.733080,
          "N" : 131072,
          "percentile" : {
            "1.000000" : 798720,
            "5.000000" : 1171456,
            "10.000000" : 1597440,
            "20.000000" : 2375680,
            "30.000000" : 3031040,
            "40.000000" : 3588096,
            "50.000000" : 4177920,
            "60.000000" : 4292608,
            "70.000000" : 4358144,
            "80.000000" : 4358144,
            "90.000000" : 4751360,
            "95.000000" : 5210112,
            "99.000000" : 6520832,
            "99.500000" : 8978432,
            "99.900000" : 16449536,
            "99.950000" : 19791872,
            "99.990000" : 27394048
          }
        },
        "lat_ns" : {
          "min" : 648288,
          "max" : 42741221,
          "mean" : 3638256.637306,
          "stddev" : 1465598.468916,
          "N" : 131072
        },
        "bw_min" : 245744,
        "bw_max" : 315984,
        "bw_agg" : 99.005558,
        "bw_mean" : 278324.571429,
        "bw_dev" : 34403.018428,
        "bw_samples" : 7,
        "iops_min" : 30718,
        "iops_max" : 39498,
        "iops_mean" : 34790.571429,
        "iops_stddev" : 4300.377303,
        "iops_samples" : 7
      },
      "trim" : {
        "io_bytes" : 0,
        "io_kbytes" : 0,
        "bw_bytes" : 0,
        "bw" : 0,
        "iops" : 0.000000,
        "runtime" : 0,
        "total_ios" : 0,
        "short_ios" : 0,
        "drop_ios" : 0,
        "slat_ns" : {
          "min" : 0,
          "max" : 0,
          "mean" : 0.000000,
          "stddev" : 0.000000,
          "N" : 0
        },
        "clat_ns" : {
          "min" : 0,
          "max" : 0,
          "mean" : 0.000000,
          "stddev" : 0.000000,
          "N" : 0
        },
        "lat_ns" : {
          "min" : 0,
          "max" : 0,
          "mean" : 0.000000,
          "stddev" : 0.000000,
          "N" : 0
        },
        "bw_min" : 0,
        "bw_max" : 0,
        "bw_agg" : 0.000000,
        "bw_mean" : 0.000000,
        "bw_dev" : 0.000000,
        "bw_samples" : 0,
        "iops_min" : 0,
        "iops_max" : 0,
        "iops_mean" : 0.000000,
        "iops_stddev" : 0.000000,
        "iops_samples" : 0
      },
      "sync" : {
        "total_ios" : 0,
        "lat_ns" : {
          "min" : 0,
          "max" : 0,
          "mean" : 0.000000,
          "stddev" : 0.000000,
          "N" : 0
        }
      },
      "job_runtime" : 3729,
      "usr_cpu" : 15.661035,
      "sys_cpu" : 54.062751,
      "ctx" : 70953,
      "majf" : 0,
      "minf" : 11,
      "iodepth_level" : {
        "1" : 0.100000,
        "2" : 0.100000,
        "4" : 0.100000,
        "8" : 0.100000,
        "16" : 0.100000,
        "32" : 0.100000,
        ">=64" : 99.951935
      },
      "iodepth_submit" : {
        "0" : 0.000000,
        "4" : 100.000000,
        "8" : 0.000000,
        "16" : 0.000000,
        "32" : 0.000000,
        "64" : 0.000000,
        ">=64" : 0.000000
      },
      "iodepth_complete" : {
        "0" : 0.000000,
        "4" : 99.999236,
        "8" : 0.000000,
        "16" : 0.000000,
        "32" : 0.000000,
        "64" : 0.000000,
        ">=64" : 0.100000
      },
      "latency_ns" : {
        "2" : 0.000000,
        "4" : 0.000000,
        "10" : 0.000000,
        "20" : 0.000000,
        "50" : 0.000000,
        "100" : 0.000000,
        "250" : 0.000000,
        "500" : 0.000000,
        "750" : 0.000000,
        "1000" : 0.000000
      },
      "latency_us" : {
        "2" : 0.000000,
        "4" : 0.000000,
        "10" : 0.000000,
        "20" : 0.000000,
        "50" : 0.000000,
        "100" : 0.000000,
        "250" : 0.000000,
        "500" : 0.000000,
        "750" : 0.427246,
        "1000" : 2.536774
      },
      "latency_ms" : {
        "2" : 12.097931,
        "4" : 30.923462,
        "10" : 53.622437,
        "20" : 0.343323,
        "50" : 0.048828,
        "100" : 0.000000,
        "250" : 0.000000,
        "500" : 0.000000,
        "750" : 0.000000,
        "1000" : 0.000000,
        "2000" : 0.000000,
        ">=2000" : 0.000000
      },
      "latency_depth" : 128,
      "latency_target" : 0,
      "latency_percentile" : 100.000000,
      "latency_window" : 0
    }
  ],
  "disk_util" : [
    {
      "name" : "sdb",
      "read_ios" : 0,
      "write_ios" : 126458,
      "read_merges" : 0,
      "write_merges" : 938,
      "read_ticks" : 0,
      "write_ticks" : 232247,
      "in_queue" : 232247,
      "util" : 97.328346
    }
  ]
}
