{
  "fio version" : "fio-3.33",
  "timestamp" : 1747290352,
  "timestamp_ms" : 1747290352364,
  "time" : "Thu May 15 09:25:52 2025",
  "jobs" : [
    {
      "jobname" : "randread_B8_Q128_T1",
      "groupid" : 0,
      "error" : 0,
      "eta" : 0,
      "elapsed" : 4,
      "job options" : {
        "rw" : "randread",
        "name" : "randread_B8_Q128_T1",
        "bs" : "8k",
        "iodepth" : "128",
        "numjobs" : "1",
        "runtime" : "10",
        "direct" : "1",
        "ioengine" : "libaio",
        "size" : "1G",
        "filename" : "/mnt/pve/test/write"
      },
      "read" : {
        "io_bytes" : 1073741824,
        "io_kbytes" : 1048576,
        "bw_bytes" : 338399566,
        "bw" : 330468,
        "iops" : 41308.540813,
        "runtime" : 3173,
        "total_ios" : 131072,
        "short_ios" : 0,
        "drop_ios" : 0,
        "slat_ns" : {
          "min" : 3376,
          "max" : 694642,
          "mean" : 13576.329567,
          "stddev" : 16025.853377,
          "N" : 131072
        },
        "clat_ns" : {
          "min" : 326043,
          "max" : 26480853,
          "mean" : 3081417.362068,
          "stddev" : 1563178.746907,
          "N" : 131072,
          "percentile" : {
            "1.000000" : 733184,
            "5.000000" : 970752,
            "10.000000" : 1236992,
            "20.000000" : 1744896,
            "30.000000" : 2244608,
            "40.000000" : 2768896,
            "50.000000" : 2998272,
            "60.000000" : 3227648,
            "70.000000" : 3719168,
            "80.000000" : 4227072,
            "90.000000" : 4816896,
            "95.000000" : 5144576,
            "99.000000" : 7569408,
            "99.500000" : 10420224,
            "99.900000" : 16711680,
            "99.950000" : 18481152,
            "99.990000" : 22675456
          }
        },
        "lat_ns" : {
          "min" : 329944,
          "max" : 26488125,
          "mean" : 3094993.691635,
          "stddev" : 1563005.187928,
          "N" : 131072
        },
        "bw_min" : 325568,
        "bw_max" : 335664,
        "bw_agg" : 99.893688,
        "bw_mean" : 330117.333333,
        "bw_dev" : 3721.693091,
        "bw_samples" : 6,
        "iops_min" : 40696,
        "iops_max" : 41958,
        "iops_mean" : 41264.666667,
        "iops_stddev" : 465.211636,
        "iops_samples" : 6
      },
      "write" : {
        "io_bytes" : 0,
        "io_kbytes" : 0,
        "bw_bytes" : 0,
        "bw" : 0,
        "iops" : 0.000000,
        "runtime" : 0,
        "total_ios" : 0,
        "short_ios" : 0,
        "drop_ios" : 0,
        "slat_ns" : {
          "min" : 0,
          "max" : 0,
          "mean" : 0.000000,
          "stddev" : 0.000000,
          "N" : 0
        },
        "clat_ns" : {
          "min" : 0,
          "max" : 0,
          "mean" : 0.000000,
          "stddev" : 0.000000,
          "N" : 0
        },
        "lat_ns" : {
          "min" : 0,
          "max" : 0,
          "mean" : 0.000000,
          "stddev" : 0.000000,
          "N" : 0
        },
        "bw_min" : 0,
        "bw_max" : 0,
        "bw_agg" : 0.000000,
        "bw_mean" : 0.000000,
        "bw_dev" : 0.000000,
        "bw_samples" : 0,
        "iops_min" : 0,
        "iops_max" : 0,
        "iops_mean" : 0.000000,
        "iops_stddev" : 0.000000,
        "iops_samples" : 0
      },
      "trim" : {
        "io_bytes" : 0,
        "io_kbytes" : 0,
        "bw_bytes" : 0,
        "bw" : 0,
        "iops" : 0.000000,
        "runtime" : 0,
        "total_ios" : 0,
        "short_ios" : 0,
        "drop_ios" : 0,
        "slat_ns" : {
          "min" : 0,
          "max" : 0,
          "mean" : 0.000000,
          "stddev" : 0.000000,
          "N" : 0
        },
        "clat_ns" : {
          "min" : 0,
          "max" : 0,
          "mean" : 0.000000,
          "stddev" : 0.000000,
          "N" : 0
        },
        "lat_ns" : {
          "min" : 0,
          "max" : 0,
          "mean" : 0.000000,
          "stddev" : 0.000000,
          "N" : 0
        },
        "bw_min" : 0,
        "bw_max" : 0,
        "bw_agg" : 0.000000,
        "bw_mean" : 0.000000,
        "bw_dev" : 0.000000,
        "bw_samples" : 0,
        "iops_min" : 0,
        "iops_max" : 0,
        "iops_mean" : 0.000000,
        "iops_stddev" : 0.000000,
        "iops_samples" : 0
      },
      "sync" : {
        "total_ios" : 0,
        "lat_ns" : {
          "min" : 0,
          "max" : 0,
          "mean" : 0.000000,
          "stddev" : 0.000000,
          "N" : 0
        }
      },
      "job_runtime" : 3172,
      "usr_cpu" : 15.825977,
      "sys_cpu" : 50.945776,
      "ctx" : 29806,
      "majf" : 0,
      "minf" : 268,
      "iodepth_level" : {
        "1" : 0.100000,
        "2" : 0.100000,
        "4" : 0.100000,
        "8" : 0.100000,
        "16" : 0.100000,
        "32" : 0.100000,
        ">=64" : 99.951935
      },
      "iodepth_submit" : {
        "0" : 0.000000,
        "4" : 100.000000,
        "8" : 0.000000,
        "16" : 0.000000,
        "32" : 0.000000,
        "64" : 0.000000,
        ">=64" : 0.000000
      },
      "iodepth_complete" : {
        "0" : 0.000000,
        "4" : 99.999236,
        "8" : 0.000000,
        "16" : 0.000000,
        "32" : 0.000000,
        "64" : 0.000000,
        ">=64" : 0.100000
      },
      "latency_ns" : {
        "2" : 0.000000,
        "4" : 0.000000,
        "10" : 0.000000,
        "20" : 0.000000,
        "50" : 0.000000,
        "100" : 0.000000,
        "250" : 0.000000,
        "500" : 0.000000,
        "750" : 0.000000,
        "1000" : 0.000000
      },
      "latency_us" : {
        "2" : 0.000000,
        "4" : 0.000000,
        "10" : 0.000000,
        "20" : 0.000000,
        "50" : 0.000000,
        "100" : 0.000000,
        "250" : 0.000000,
        "500" : 0.010000,
        "750" : 1.237488,
        "1000" : 4.273224
      },
      "latency_ms" : {
        "2" : 19.659424,
        "4" : 50.101471,
        "10" : 24.176788,
        "20" : 0.517273,
        "50" : 0.030518,
        "100" : 0.000000,
        "250" : 0.000000,
        "500" : 0.000000,
        "750" : 0.000000,
        "1000" : 0.000000,
        "2000" : 0.000000,
        ">=2000" : 0.000000
      },
      "latency_depth" : 128,
      "latency_target" : 0,
      "latency_percentile" : 100.000000,
      "latency_window" : 0
    }
  ],
  "disk_util" : [
    {
      "name" : "sdb",
      "read_ios" : 128502,
      "write_ios" : 2,
      "read_merges" : 1412,
      "write_merges" : 1,
      "read_ticks" : 348454,
      "write_ticks" : 0,
      "in_queue" : 348455,
      "util" : 96.949153
    }
  ]
}
