{
  "fio version" : "fio-3.33",
  "timestamp" : 1747290338,
  "timestamp_ms" : 1747290338428,
  "time" : "Thu May 15 09:25:38 2025",
  "jobs" : [
    {
      "jobname" : "read_B4096_Q1_T1",
      "groupid" : 0,
      "error" : 0,
      "eta" : 0,
      "elapsed" : 3,
      "job options" : {
        "rw" : "read",
        "name" : "read_B4096_Q1_T1",
        "bs" : "4096k",
        "iodepth" : "1",
        "numjobs" : "1",
        "runtime" : "10",
        "direct" : "1",
        "ioengine" : "libaio",
        "size" : "1G",
        "filename" : "/mnt/pve/test/write"
      },
      "read" : {
        "io_bytes" : 1073741824,
        "io_kbytes" : 1048576,
        "bw_bytes" : 389460219,
        "bw" : 380332,
        "iops" : 92.854552,
        "runtime" : 2757,
        "total_ios" : 256,
        "short_ios" : 0,
        "drop_ios" : 0,
        "slat_ns" : {
          "min" : 784607,
          "max" : 4511212,
          "mean" : 850742.617188,
          "stddev" : 232658.576800,
          "N" : 256
        },
        "clat_ns" : {
          "min" : 7793366,
          "max" : 10535520,
          "mean" : 9913268.035156,
          "stddev" : 261564.571232,
          "N" : 256,
          "percentile" : {
            "1.000000" : 9240576,
            "5.000000" : 9633792,
            "10.000000" : 9633792,
            "20.000000" : 9764864,
            "30.000000" : 9764864,
            "40.000000" : 9764864,
            "50.000000" : 9895936,
            "60.000000" : 10027008,
            "70.000000" : 10027008,
            "80.000000" : 10158080,
            "90.000000" : 10158080,
            "95.000000" : 10289152,
            "99.000000" : 10420224,
            "99.500000" : 10420224,
            "99.900000" : 10551296,
            "99.950000" : 10551296,
            "99.990000" : 10551296
          }
        },
        "lat_ns" : {
          "min" : 10069374,
          "max" : 12304578,
          "mean" : 10764010.652344,
          "stddev" : 235292.402192,
          "N" : 256
        },
        "bw_min" : 376832,
        "bw_max" : 393216,
        "bw_agg" : 99.941040,
        "bw_mean" : 380108.800000,
        "bw_dev" : 7327.147549,
        "bw_samples" : 5,
        "iops_min" : 92,
        "iops_max" : 96,
        "iops_mean" : 92.800000,
        "iops_stddev" : 1.788854,
        "iops_samples" : 5
      },
      "write" : {
        "io_bytes" : 0,
        "io_kbytes" : 0,
        "bw_bytes" : 0,
        "bw" : 0,
        "iops" : 0.000000,
        "runtime" : 0,
        "total_ios" : 0,
        "short_ios" : 0,
        "drop_ios" : 0,
        "slat_ns" : {
          "min" : 0,
          "max" : 0,
          "mean" : 0.000000,
          "stddev" : 0.000000,
          "N" : 0
        },
        "clat_ns" : {
          "min" : 0,
          "max" : 0,
          "mean" : 0.000000,
          "stddev" : 0.000000,
          "N" : 0
        },
        "lat_ns" : {
          "min" : 0,
          "max" : 0,
          "mean" : 0.000000,
          "stddev" : 0.000000,
          "N" : 0
        },
        "bw_min" : 0,
        "bw_max" : 0,
        "bw_agg" : 0.000000,
        "bw_mean" : 0.000000,
        "bw_dev" : 0.000000,
        "bw_samples" : 0,
        "iops_min" : 0,
        "iops_max" : 0,
        "iops_mean" : 0.000000,
        "iops_stddev" : 0.000000,
        "iops_samples" : 0
      },
      "trim" : {
        "io_bytes" : 0,
        "io_kbytes" : 0,
        "bw_bytes" : 0,
        "bw" : 0,
        "iops" : 0.000000,
        "runtime" : 0,
        "total_ios" : 0,
        "short_ios" : 0,
        "drop_ios" : 0,
        "slat_ns" : {
          "min" : 0,
          "max" : 0,
          "mean" : 0.000000,
          "stddev" : 0.000000,
          "N" : 0
        },
        "clat_ns" : {
          "min" : 0,
          "max" : 0,
          "mean" : 0.000000,
          "stddev" : 0.000000,
          "N" : 0
        },
        "lat_ns" : {
          "min" : 0,
          "max" : 0,
          "mean" : 0.000000,
          "stddev" : 0.000000,
          "N" : 0
        },
        "bw_min" : 0,
        "bw_max" : 0,
        "bw_agg" : 0.000000,
        "bw_mean" : 0.000000,
        "bw_dev" : 0.000000,
        "bw_samples" : 0,
        "iops_min" : 0,
        "iops_max" : 0,
        "iops_mean" : 0.000000,
        "iops_stddev" : 0.000000,
        "iops_samples" : 0
      },
      "sync" : {
        "total_ios" : 0,
        "lat_ns" : {
          "min" : 0,
          "max" : 0,
          "mean" : 0.000000,
          "stddev" : 0.000000,
          "N" : 0
        }
      },
      "job_runtime" : 2756,
      "usr_cpu" : 0.108853,
      "sys_cpu" : 8.417997,
      "ctx" : 265,
      "majf" : 0,
      "minf" : 1034,
      "iodepth_level" : {
        "1" : 100.000000,
        "2" : 0.000000,
        "4" : 0.000000,
        "8" : 0.000000,
        "16" : 0.000000,
        "32" : 0.000000,
        ">=64" : 0.000000
      },
      "iodepth_submit" : {
        "0" : 0.000000,
        "4" : 100.000000,
        "8" : 0.000000,
        "16" : 0.000000,
        "32" : 0.000000,
        "64" : 0.000000,
        ">=64" : 0.000000
      },
      "iodepth_complete" : {
        "0" : 0.000000,
        "4" : 100.000000,
        "8" : 0.000000,
        "16" : 0.000000,
        "32" : 0.000000,
        "64" : 0.000000,
        ">=64" : 0.000000
      },
      "latency_ns" : {
        "2" : 0.000000,
        "4" : 0.000000,
        "10" : 0.000000,
        "20" : 0.000000,
        "50" : 0.000000,
        "100" : 0.000000,
        "250" : 0.000000,
        "500" : 0.000000,
        "750" : 0.000000,
        "1000" : 0.000000
      },
      "latency_us" : {
        "2" : 0.000000,
        "4" : 0.000000,
        "10" : 0.000000,
        "20" : 0.000000,
        "50" : 0.000000,
        "100" : 0.000000,
        "250" : 0.000000,
        "500" : 0.000000,
        "750" : 0.000000,
        "1000" : 0.000000
      },
      "latency_ms" : {
        "2" : 0.000000,
        "4" : 0.000000,
        "10" : 61.328125,
        "20" : 38.671875,
        "50" : 0.000000,
        "100" : 0.000000,
        "250" : 0.000000,
        "500" : 0.000000,
        "750" : 0.000000,
        "1000" : 0.000000,
        "2000" : 0.000000,
        ">=2000" : 0.000000
      },
      "latency_depth" : 1,
      "latency_target" : 0,
      "latency_percentile" : 100.000000,
      "latency_window" : 0
    }
  ],
  "disk_util" : [
    {
      "name" : "sdb",
      "read_ios" : 63154,
      "write_ios" : 2,
      "read_merges" : 0,
      "write_merges" : 1,
      "read_ticks" : 322301,
      "write_ticks" : 5,
      "in_queue" : 322306,
      "util" : 96.357013
    }
  ]
}
