{
  "fio version" : "fio-3.33",
  "timestamp" : 1747290460,
  "timestamp_ms" : 1747290460015,
  "time" : "Thu May 15 09:27:40 2025",
  "jobs" : [
    {
      "jobname" : "read_B4_Q128_T1",
      "groupid" : 0,
      "error" : 0,
      "eta" : 0,
      "elapsed" : 4,
      "job options" : {
        "rw" : "read",
        "name" : "read_B4_Q128_T1",
        "bs" : "4k",
        "iodepth" : "128",
        "numjobs" : "1",
        "runtime" : "10",
        "direct" : "1",
        "ioengine" : "libaio",
        "size" : "1G",
        "filename" : "/mnt/pve/test/write"
      },
      "read" : {
        "io_bytes" : 1073741824,
        "io_kbytes" : 1048576,
        "bw_bytes" : 286178524,
        "bw" : 279471,
        "iops" : 69867.803838,
        "runtime" : 3752,
        "total_ios" : 262144,
        "short_ios" : 0,
        "drop_ios" : 0,
        "slat_ns" : {
          "min" : 2245,
          "max" : 604631,
          "mean" : 9536.830891,
          "stddev" : 12344.931400,
          "N" : 262144
        },
        "clat_ns" : {
          "min" : 199826,
          "max" : 3645111,
          "mean" : 1820764.740665,
          "stddev" : 487098.065741,
          "N" : 262144,
          "percentile" : {
            "1.000000" : 929792,
            "5.000000" : 1155072,
            "10.000000" : 1236992,
            "20.000000" : 1335296,
            "30.000000" : 1466368,
            "40.000000" : 1646592,
            "50.000000" : 1794048,
            "60.000000" : 1957888,
            "70.000000" : 2088960,
            "80.000000" : 2244608,
            "90.000000" : 2506752,
            "95.000000" : 2703360,
            "99.000000" : 2932736,
            "99.500000" : 2998272,
            "99.900000" : 3129344,
            "99.950000" : 3227648,
            "99.990000" : 3391488
          }
        },
        "lat_ns" : {
          "min" : 210498,
          "max" : 3654795,
          "mean" : 1830301.571556,
          "stddev" : 489485.620753,
          "N" : 262144
        },
        "bw_min" : 228240,
        "bw_max" : 322664,
        "bw_agg" : 100.000000,
        "bw_mean" : 282675.428571,
        "bw_dev" : 33653.473277,
        "bw_samples" : 7,
        "iops_min" : 57060,
        "iops_max" : 80666,
        "iops_mean" : 70668.571429,
        "iops_stddev" : 8413.740168,
        "iops_samples" : 7
      },
      "write" : {
        "io_bytes" : 0,
        "io_kbytes" : 0,
        "bw_bytes" : 0,
        "bw" : 0,
        "iops" : 0.000000,
        "runtime" : 0,
        "total_ios" : 0,
        "short_ios" : 0,
        "drop_ios" : 0,
        "slat_ns" : {
          "min" : 0,
          "max" : 0,
          "mean" : 0.000000,
          "stddev" : 0.000000,
          "N" : 0
        },
        "clat_ns" : {
          "min" : 0,
          "max" : 0,
          "mean" : 0.000000,
          "stddev" : 0.000000,
          "N" : 0
        },
        "lat_ns" : {
          "min" : 0,
          "max" : 0,
          "mean" : 0.000000,
          "stddev" : 0.000000,
          "N" : 0
        },
        "bw_min" : 0,
        "bw_max" : 0,
        "bw_agg" : 0.000000,
        "bw_mean" : 0.000000,
        "bw_dev" : 0.000000,
        "bw_samples" : 0,
        "iops_min" : 0,
        "iops_max" : 0,
        "iops_mean" : 0.000000,
        "iops_stddev" : 0.000000,
        "iops_samples" : 0
      },
      "trim" : {
        "io_bytes" : 0,
        "io_kbytes" : 0,
        "bw_bytes" : 0,
        "bw" : 0,
        "iops" : 0.000000,
        "runtime" : 0,
        "total_ios" : 0,
        "short_ios" : 0,
        "drop_ios" : 0,
        "slat_ns" : {
          "min" : 0,
          "max" : 0,
          "mean" : 0.000000,
          "stddev" : 0.000000,
          "N" : 0
        },
        "clat_ns" : {
          "min" : 0,
          "max" : 0,
          "mean" : 0.000000,
          "stddev" : 0.000000,
          "N" : 0
        },
        "lat_ns" : {
          "min" : 0,
          "max" : 0,
          "mean" : 0.000000,
          "stddev" : 0.000000,
          "N" : 0
        },
        "bw_min" : 0,
        "bw_max" : 0,
        "bw_agg" : 0.000000,
        "bw_mean" : 0.000000,
        "bw_dev" : 0.000000,
        "bw_samples" : 0,
        "iops_min" : 0,
        "iops_max" : 0,
        "iops_mean" : 0.000000,
        "iops_stddev" : 0.000000,
        "iops_samples" : 0
      },
      "sync" : {
        "total_ios" : 0,
        "lat_ns" : {
          "min" : 0,
          "max" : 0,
          "mean" : 0.000000,
          "stddev" : 0.000000,
          "N" : 0
        }
      },
      "job_runtime" : 3751,
      "usr_cpu" : 19.434817,
      "sys_cpu" : 60.597174,
      "ctx" : 23606,
      "majf" : 0,
      "minf" : 142,
      "iodepth_level" : {
        "1" : 0.100000,
        "2" : 0.100000,
        "4" : 0.100000,
        "8" : 0.100000,
        "16" : 0.100000,
        "32" : 0.100000,
        ">=64" : 99.975967
      },
      "iodepth_submit" : {
        "0" : 0.000000,
        "4" : 100.000000,
        "8" : 0.000000,
        "16" : 0.000000,
        "32" : 0.000000,
        "64" : 0.000000,
        ">=64" : 0.000000
      },
      "iodepth_complete" : {
        "0" : 0.000000,
        "4" : 99.999618,
        "8" : 0.000000,
        "16" : 0.000000,
        "32" : 0.000000,
        "64" : 0.000000,
        ">=64" : 0.100000
      },
      "latency_ns" : {
        "2" : 0.000000,
        "4" : 0.000000,
        "10" : 0.000000,
        "20" : 0.000000,
        "50" : 0.000000,
        "100" : 0.000000,
        "250" : 0.000000,
        "500" : 0.000000,
        "750" : 0.000000,
        "1000" : 0.000000
      },
      "latency_us" : {
        "2" : 0.000000,
        "4" : 0.000000,
        "10" : 0.000000,
        "20" : 0.000000,
        "50" : 0.000000,
        "100" : 0.000000,
        "250" : 0.010000,
        "500" : 0.024796,
        "750" : 0.273895,
        "1000" : 1.386261
      },
      "latency_ms" : {
        "2" : 61.674500,
        "4" : 36.640167,
        "10" : 0.000000,
        "20" : 0.000000,
        "50" : 0.000000,
        "100" : 0.000000,
        "250" : 0.000000,
        "500" : 0.000000,
        "750" : 0.000000,
        "1000" : 0.000000,
        "2000" : 0.000000,
        ">=2000" : 0.000000
      },
      "latency_depth" : 128,
      "latency_target" : 0,
      "latency_percentile" : 100.000000,
      "latency_window" : 0
    }
  ],
  "disk_util" : [
    {
      "name" : "sdb",
      "read_ios" : 136987,
      "write_ios" : 2,
      "read_merges" : 118141,
      "write_merges" : 1,
      "read_ticks" : 93492,
      "write_ticks" : 1,
      "in_queue" : 93492,
      "util" : 97.383178
    }
  ]
}
