{
  "fio version" : "fio-3.33",
  "timestamp" : 1747290543,
  "timestamp_ms" : 1747290543613,
  "time" : "Thu May 15 09:29:03 2025",
  "jobs" : [
    {
      "jobname" : "read_B4_Q1_T1",
      "groupid" : 0,
      "error" : 0,
      "eta" : 0,
      "elapsed" : 11,
      "job options" : {
        "rw" : "read",
        "name" : "read_B4_Q1_T1",
        "bs" : "4k",
        "iodepth" : "1",
        "numjobs" : "1",
        "runtime" : "10",
        "direct" : "1",
        "ioengine" : "libaio",
        "size" : "1G",
        "filename" : "/mnt/pve/test/write"
      },
      "read" : {
        "io_bytes" : 288141312,
        "io_kbytes" : 281388,
        "bw_bytes" : 28811250,
        "bw" : 28135,
        "iops" : 7033.996600,
        "runtime" : 10001,
        "total_ios" : 70347,
        "short_ios" : 0,
        "drop_ios" : 0,
        "slat_ns" : {
          "min" : 13546,
          "max" : 456007,
          "mean" : 15164.814193,
          "stddev" : 5291.141913,
          "N" : 70347
        },
        "clat_ns" : {
          "min" : 4369,
          "max" : 2305358,
          "mean" : 125155.485678,
          "stddev" : 25474.622940,
          "N" : 70347,
          "percentile" : {
            "1.000000" : 99840,
            "5.000000" : 100864,
            "10.000000" : 100864,
            "20.000000" : 101888,
            "30.000000" : 103936,
            "40.000000" : 130560,
            "50.000000" : 132096,
            "60.000000" : 132096,
            "70.000000" : 134144,
            "80.000000" : 134144,
            "90.000000" : 136192,
            "95.000000" : 136192,
            "99.000000" : 236544,
            "99.500000" : 254976,
            "99.900000" : 452608,
            "99.950000" : 514048,
            "99.990000" : 569344
          }
        },
        "lat_ns" : {
          "min" : 113135,
          "max" : 2327867,
          "mean" : 140320.299871,
          "stddev" : 26268.931451,
          "N" : 70347
        },
        "bw_min" : 21112,
        "bw_max" : 28672,
        "bw_agg" : 99.992940,
        "bw_mean" : 28134.315789,
        "bw_dev" : 1702.019880,
        "bw_samples" : 19,
        "iops_min" : 5278,
        "iops_max" : 7168,
        "iops_mean" : 7033.578947,
        "iops_stddev" : 425.504970,
        "iops_samples" : 19
      },
      "write" : {
        "io_bytes" : 0,
        "io_kbytes" : 0,
        "bw_bytes" : 0,
        "bw" : 0,
        "iops" : 0.000000,
        "runtime" : 0,
        "total_ios" : 0,
        "short_ios" : 0,
        "drop_ios" : 0,
        "slat_ns" : {
          "min" : 0,
          "max" : 0,
          "mean" : 0.000000,
          "stddev" : 0.000000,
          "N" : 0
        },
        "clat_ns" : {
          "min" : 0,
          "max" : 0,
          "mean" : 0.000000,
          "stddev" : 0.000000,
          "N" : 0
        },
        "lat_ns" : {
          "min" : 0,
          "max" : 0,
          "mean" : 0.000000,
          "stddev" : 0.000000,
          "N" : 0
        },
        "bw_min" : 0,
        "bw_max" : 0,
        "bw_agg" : 0.000000,
        "bw_mean" : 0.000000,
        "bw_dev" : 0.000000,
        "bw_samples" : 0,
        "iops_min" : 0,
        "iops_max" : 0,
        "iops_mean" : 0.000000,
        "iops_stddev" : 0.000000,
        "iops_samples" : 0
      },
      "trim" : {
        "io_bytes" : 0,
        "io_kbytes" : 0,
        "bw_bytes" : 0,
        "bw" : 0,
        "iops" : 0.000000,
        "runtime" : 0,
        "total_ios" : 0,
        "short_ios" : 0,
        "drop_ios" : 0,
        "slat_ns" : {
          "min" : 0,
          "max" : 0,
          "mean" : 0.000000,
          "stddev" : 0.000000,
          "N" : 0
        },
        "clat_ns" : {
          "min" : 0,
          "max" : 0,
          "mean" : 0.000000,
          "stddev" : 0.000000,
          "N" : 0
        },
        "lat_ns" : {
          "min" : 0,
          "max" : 0,
          "mean" : 0.000000,
          "stddev" : 0.000000,
          "N" : 0
        },
        "bw_min" : 0,
        "bw_max" : 0,
        "bw_agg" : 0.000000,
        "bw_mean" : 0.000000,
        "bw_dev" : 0.000000,
        "bw_samples" : 0,
        "iops_min" : 0,
        "iops_max" : 0,
        "iops_mean" : 0.000000,
        "iops_stddev" : 0.000000,
        "iops_samples" : 0
      },
      "sync" : {
        "total_ios" : 0,
        "lat_ns" : {
          "min" : 0,
          "max" : 0,
          "mean" : 0.000000,
          "stddev" : 0.000000,
          "N" : 0
        }
      },
      "job_runtime" : 10000,
      "usr_cpu" : 5.010000,
      "sys_cpu" : 14.510000,
      "ctx" : 70345,
      "majf" : 0,
      "minf" : 14,
      "iodepth_level" : {
        "1" : 100.000000,
        "2" : 0.000000,
        "4" : 0.000000,
        "8" : 0.000000,
        "16" : 0.000000,
        "32" : 0.000000,
        ">=64" : 0.000000
      },
      "iodepth_submit" : {
        "0" : 0.000000,
        "4" : 100.000000,
        "8" : 0.000000,
        "16" : 0.000000,
        "32" : 0.000000,
        "64" : 0.000000,
        ">=64" : 0.000000
      },
      "iodepth_complete" : {
        "0" : 0.000000,
        "4" : 100.000000,
        "8" : 0.000000,
        "16" : 0.000000,
        "32" : 0.000000,
        "64" : 0.000000,
        ">=64" : 0.000000
      },
      "latency_ns" : {
        "2" : 0.000000,
        "4" : 0.000000,
        "10" : 0.000000,
        "20" : 0.000000,
        "50" : 0.000000,
        "100" : 0.000000,
        "250" : 0.000000,
        "500" : 0.000000,
        "750" : 0.000000,
        "1000" : 0.000000
      },
      "latency_us" : {
        "2" : 0.000000,
        "4" : 0.000000,
        "10" : 0.010000,
        "20" : 0.010000,
        "50" : 0.000000,
        "100" : 1.242413,
        "250" : 98.183291,
        "500" : 0.503220,
        "750" : 0.066812,
        "1000" : 0.000000
      },
      "latency_ms" : {
        "2" : 0.000000,
        "4" : 0.010000,
        "10" : 0.000000,
        "20" : 0.000000,
        "50" : 0.000000,
        "100" : 0.000000,
        "250" : 0.000000,
        "500" : 0.000000,
        "750" : 0.000000,
        "1000" : 0.000000,
        "2000" : 0.000000,
        ">=2000" : 0.000000
      },
      "latency_depth" : 1,
      "latency_target" : 0,
      "latency_percentile" : 100.000000,
      "latency_window" : 0
    }
  ],
  "disk_util" : [
    {
      "name" : "sdb",
      "read_ios" : 69584,
      "write_ios" : 131,
      "read_merges" : 0,
      "write_merges" : 1,
      "read_ticks" : 8886,
      "write_ticks" : 40,
      "in_queue" : 8927,
      "util" : 99.068883
    }
  ]
}
