{
  "fio version" : "fio-3.33",
  "timestamp" : 1747290470,
  "timestamp_ms" : 1747290470380,
  "time" : "Thu May 15 09:27:50 2025",
  "jobs" : [
    {
      "jobname" : "read_B8_Q1_T1",
      "groupid" : 0,
      "error" : 0,
      "eta" : 0,
      "elapsed" : 11,
      "job options" : {
        "rw" : "read",
        "name" : "read_B8_Q1_T1",
        "bs" : "8k",
        "iodepth" : "1",
        "numjobs" : "1",
        "runtime" : "10",
        "direct" : "1",
        "ioengine" : "libaio",
        "size" : "1G",
        "filename" : "/mnt/pve/test/write"
      },
      "read" : {
        "io_bytes" : 508436480,
        "io_kbytes" : 496520,
        "bw_bytes" : 50838564,
        "bw" : 49647,
        "iops" : 6205.879412,
        "runtime" : 10001,
        "total_ios" : 62065,
        "short_ios" : 0,
        "drop_ios" : 0,
        "slat_ns" : {
          "min" : 14286,
          "max" : 482152,
          "mean" : 15828.592766,
          "stddev" : 5458.920629,
          "N" : 62065
        },
        "clat_ns" : {
          "min" : 14073,
          "max" : 2299561,
          "mean" : 143608.869927,
          "stddev" : 25406.940994,
          "N" : 62065,
          "percentile" : {
            "1.000000" : 117248,
            "5.000000" : 118272,
            "10.000000" : 119296,
            "20.000000" : 120320,
            "30.000000" : 122368,
            "40.000000" : 148480,
            "50.000000" : 150528,
            "60.000000" : 150528,
            "70.000000" : 150528,
            "80.000000" : 152576,
            "90.000000" : 152576,
            "95.000000" : 156672,
            "99.000000" : 216064,
            "99.500000" : 218112,
            "99.900000" : 481280,
            "99.950000" : 552960,
            "99.990000" : 602112
          }
        },
        "lat_ns" : {
          "min" : 131119,
          "max" : 2339257,
          "mean" : 159437.462692,
          "stddev" : 26020.759902,
          "N" : 62065
        },
        "bw_min" : 48944,
        "bw_max" : 50576,
        "bw_agg" : 100.000000,
        "bw_mean" : 49706.105263,
        "bw_dev" : 416.929237,
        "bw_samples" : 19,
        "iops_min" : 6118,
        "iops_max" : 6322,
        "iops_mean" : 6213.263158,
        "iops_stddev" : 52.116155,
        "iops_samples" : 19
      },
      "write" : {
        "io_bytes" : 0,
        "io_kbytes" : 0,
        "bw_bytes" : 0,
        "bw" : 0,
        "iops" : 0.000000,
        "runtime" : 0,
        "total_ios" : 0,
        "short_ios" : 0,
        "drop_ios" : 0,
        "slat_ns" : {
          "min" : 0,
          "max" : 0,
          "mean" : 0.000000,
          "stddev" : 0.000000,
          "N" : 0
        },
        "clat_ns" : {
          "min" : 0,
          "max" : 0,
          "mean" : 0.000000,
          "stddev" : 0.000000,
          "N" : 0
        },
        "lat_ns" : {
          "min" : 0,
          "max" : 0,
          "mean" : 0.000000,
          "stddev" : 0.000000,
          "N" : 0
        },
        "bw_min" : 0,
        "bw_max" : 0,
        "bw_agg" : 0.000000,
        "bw_mean" : 0.000000,
        "bw_dev" : 0.000000,
        "bw_samples" : 0,
        "iops_min" : 0,
        "iops_max" : 0,
        "iops_mean" : 0.000000,
        "iops_stddev" : 0.000000,
        "iops_samples" : 0
      },
      "trim" : {
        "io_bytes" : 0,
        "io_kbytes" : 0,
        "bw_bytes" : 0,
        "bw" : 0,
        "iops" : 0.000000,
        "runtime" : 0,
        "total_ios" : 0,
        "short_ios" : 0,
        "drop_ios" : 0,
        "slat_ns" : {
          "min" : 0,
          "max" : 0,
          "mean" : 0.000000,
          "stddev" : 0.000000,
          "N" : 0
        },
        "clat_ns" : {
          "min" : 0,
          "max" : 0,
          "mean" : 0.000000,
          "stddev" : 0.000000,
          "N" : 0
        },
        "lat_ns" : {
          "min" : 0,
          "max" : 0,
          "mean" : 0.000000,
          "stddev" : 0.000000,
          "N" : 0
        },
        "bw_min" : 0,
        "bw_max" : 0,
        "bw_agg" : 0.000000,
        "bw_mean" : 0.000000,
        "bw_dev" : 0.000000,
        "bw_samples" : 0,
        "iops_min" : 0,
        "iops_max" : 0,
        "iops_mean" : 0.000000,
        "iops_stddev" : 0.000000,
        "iops_samples" : 0
      },
      "sync" : {
        "total_ios" : 0,
        "lat_ns" : {
          "min" : 0,
          "max" : 0,
          "mean" : 0.000000,
          "stddev" : 0.000000,
          "N" : 0
        }
      },
      "job_runtime" : 10000,
      "usr_cpu" : 4.100000,
      "sys_cpu" : 13.650000,
      "ctx" : 62064,
      "majf" : 0,
      "minf" : 15,
      "iodepth_level" : {
        "1" : 100.000000,
        "2" : 0.000000,
        "4" : 0.000000,
        "8" : 0.000000,
        "16" : 0.000000,
        "32" : 0.000000,
        ">=64" : 0.000000
      },
      "iodepth_submit" : {
        "0" : 0.000000,
        "4" : 100.000000,
        "8" : 0.000000,
        "16" : 0.000000,
        "32" : 0.000000,
        "64" : 0.000000,
        ">=64" : 0.000000
      },
      "iodepth_complete" : {
        "0" : 0.000000,
        "4" : 100.000000,
        "8" : 0.000000,
        "16" : 0.000000,
        "32" : 0.000000,
        "64" : 0.000000,
        ">=64" : 0.000000
      },
      "latency_ns" : {
        "2" : 0.000000,
        "4" : 0.000000,
        "10" : 0.000000,
        "20" : 0.000000,
        "50" : 0.000000,
        "100" : 0.000000,
        "250" : 0.000000,
        "500" : 0.000000,
        "750" : 0.000000,
        "1000" : 0.000000
      },
      "latency_us" : {
        "2" : 0.000000,
        "4" : 0.000000,
        "10" : 0.000000,
        "20" : 0.010000,
        "50" : 0.000000,
        "100" : 0.010000,
        "250" : 99.851768,
        "500" : 0.054781,
        "750" : 0.087006,
        "1000" : 0.000000
      },
      "latency_ms" : {
        "2" : 0.000000,
        "4" : 0.010000,
        "10" : 0.000000,
        "20" : 0.000000,
        "50" : 0.000000,
        "100" : 0.000000,
        "250" : 0.000000,
        "500" : 0.000000,
        "750" : 0.000000,
        "1000" : 0.000000,
        "2000" : 0.000000,
        ">=2000" : 0.000000
      },
      "latency_depth" : 1,
      "latency_target" : 0,
      "latency_percentile" : 100.000000,
      "latency_window" : 0
    }
  ],
  "disk_util" : [
    {
      "name" : "sdb",
      "read_ios" : 61425,
      "write_ios" : 132,
      "read_merges" : 0,
      "write_merges" : 1,
      "read_ticks" : 8977,
      "write_ticks" : 46,
      "in_queue" : 9023,
      "util" : 99.069069
    }
  ]
}
