{
  "fio version" : "fio-3.33",
  "timestamp" : 1747290649,
  "timestamp_ms" : 1747290649177,
  "time" : "Thu May 15 09:30:49 2025",
  "jobs" : [
    {
      "jobname" : "read_B4096_Q128_T1",
      "groupid" : 0,
      "error" : 0,
      "eta" : 0,
      "elapsed" : 4,
      "job options" : {
        "rw" : "read",
        "name" : "read_B4096_Q128_T1",
        "bs" : "4096k",
        "iodepth" : "128",
        "numjobs" : "1",
        "runtime" : "10",
        "direct" : "1",
        "ioengine" : "libaio",
        "size" : "1G",
        "filename" : "/mnt/pve/test/write"
      },
      "read" : {
        "io_bytes" : 1073741824,
        "io_kbytes" : 1048576,
        "bw_bytes" : 364474482,
        "bw" : 355932,
        "iops" : 86.897488,
        "runtime" : 2946,
        "total_ios" : 256,
        "short_ios" : 0,
        "drop_ios" : 0,
        "slat_ns" : {
          "min" : 4266684,
          "max" : 14966639,
          "mean" : 11457573.613281,
          "stddev" : 1216861.927234,
          "N" : 256
        },
        "clat_ns" : {
          "min" : 9623415,
          "max" : 1539697421,
          "mean" : 1080537268.070312,
          "stddev" : 475899686.958532,
          "N" : 256,
          "percentile" : {
            "1.000000" : 30801920,
            "5.000000" : 139460608,
            "10.000000" : 283115520,
            "20.000000" : 566231040,
            "30.000000" : 843055104,
            "40.000000" : 1115684864,
            "50.000000" : 1384120320,
            "60.000000" : 1417674752,
            "70.000000" : 1451229184,
            "80.000000" : 1468006400,
            "90.000000" : 1518338048,
            "95.000000" : 1518338048,
            "99.000000" : 1535115264,
            "99.500000" : 1535115264,
            "99.900000" : 1535115264,
            "99.950000" : 1535115264,
            "99.990000" : 1535115264
          }
        },
        "lat_ns" : {
          "min" : 19855231,
          "max" : 1551821158,
          "mean" : 1091994841.683594,
          "stddev" : 476363337.060850,
          "N" : 256
        },
        "bw_min" : 352256,
        "bw_max" : 376832,
        "bw_agg" : 100.000000,
        "bw_mean" : 364544.000000,
        "bw_dev" : 17377.856254,
        "bw_samples" : 2,
        "iops_min" : 86,
        "iops_max" : 92,
        "iops_mean" : 89.000000,
        "iops_stddev" : 4.242641,
        "iops_samples" : 2
      },
      "write" : {
        "io_bytes" : 0,
        "io_kbytes" : 0,
        "bw_bytes" : 0,
        "bw" : 0,
        "iops" : 0.000000,
        "runtime" : 0,
        "total_ios" : 0,
        "short_ios" : 0,
        "drop_ios" : 0,
        "slat_ns" : {
          "min" : 0,
          "max" : 0,
          "mean" : 0.000000,
          "stddev" : 0.000000,
          "N" : 0
        },
        "clat_ns" : {
          "min" : 0,
          "max" : 0,
          "mean" : 0.000000,
          "stddev" : 0.000000,
          "N" : 0
        },
        "lat_ns" : {
          "min" : 0,
          "max" : 0,
          "mean" : 0.000000,
          "stddev" : 0.000000,
          "N" : 0
        },
        "bw_min" : 0,
        "bw_max" : 0,
        "bw_agg" : 0.000000,
        "bw_mean" : 0.000000,
        "bw_dev" : 0.000000,
        "bw_samples" : 0,
        "iops_min" : 0,
        "iops_max" : 0,
        "iops_mean" : 0.000000,
        "iops_stddev" : 0.000000,
        "iops_samples" : 0
      },
      "trim" : {
        "io_bytes" : 0,
        "io_kbytes" : 0,
        "bw_bytes" : 0,
        "bw" : 0,
        "iops" : 0.000000,
        "runtime" : 0,
        "total_ios" : 0,
        "short_ios" : 0,
        "drop_ios" : 0,
        "slat_ns" : {
          "min" : 0,
          "max" : 0,
          "mean" : 0.000000,
          "stddev" : 0.000000,
          "N" : 0
        },
        "clat_ns" : {
          "min" : 0,
          "max" : 0,
          "mean" : 0.000000,
          "stddev" : 0.000000,
          "N" : 0
        },
        "lat_ns" : {
          "min" : 0,
          "max" : 0,
          "mean" : 0.000000,
          "stddev" : 0.000000,
          "N" : 0
        },
        "bw_min" : 0,
        "bw_max" : 0,
        "bw_agg" : 0.000000,
        "bw_mean" : 0.000000,
        "bw_dev" : 0.000000,
        "bw_samples" : 0,
        "iops_min" : 0,
        "iops_max" : 0,
        "iops_mean" : 0.000000,
        "iops_stddev" : 0.000000,
        "iops_samples" : 0
      },
      "sync" : {
        "total_ios" : 0,
        "lat_ns" : {
          "min" : 0,
          "max" : 0,
          "mean" : 0.000000,
          "stddev" : 0.000000,
          "N" : 0
        }
      },
      "job_runtime" : 2945,
      "usr_cpu" : 0.101868,
      "sys_cpu" : 24.991511,
      "ctx" : 7572,
      "majf" : 0,
      "minf" : 131084,
      "iodepth_level" : {
        "1" : 0.390625,
        "2" : 0.781250,
        "4" : 1.562500,
        "8" : 3.125000,
        "16" : 6.250000,
        "32" : 12.500000,
        ">=64" : 75.390625
      },
      "iodepth_submit" : {
        "0" : 0.000000,
        "4" : 100.000000,
        "8" : 0.000000,
        "16" : 0.000000,
        "32" : 0.000000,
        "64" : 0.000000,
        ">=64" : 0.000000
      },
      "iodepth_complete" : {
        "0" : 0.000000,
        "4" : 99.230769,
        "8" : 0.000000,
        "16" : 0.000000,
        "32" : 0.000000,
        "64" : 0.000000,
        ">=64" : 0.769231
      },
      "latency_ns" : {
        "2" : 0.000000,
        "4" : 0.000000,
        "10" : 0.000000,
        "20" : 0.000000,
        "50" : 0.000000,
        "100" : 0.000000,
        "250" : 0.000000,
        "500" : 0.000000,
        "750" : 0.000000,
        "1000" : 0.000000
      },
      "latency_us" : {
        "2" : 0.000000,
        "4" : 0.000000,
        "10" : 0.000000,
        "20" : 0.000000,
        "50" : 0.000000,
        "100" : 0.000000,
        "250" : 0.000000,
        "500" : 0.000000,
        "750" : 0.000000,
        "1000" : 0.000000
      },
      "latency_ms" : {
        "2" : 0.000000,
        "4" : 0.000000,
        "10" : 0.390625,
        "20" : 0.390625,
        "50" : 0.781250,
        "100" : 1.953125,
        "250" : 5.078125,
        "500" : 9.375000,
        "750" : 8.593750,
        "1000" : 9.375000,
        "2000" : 64.062500,
        ">=2000" : 0.000000
      },
      "latency_depth" : 128,
      "latency_target" : 0,
      "latency_percentile" : 100.000000,
      "latency_window" : 0
    }
  ],
  "disk_util" : [
    {
      "name" : "sdb",
      "read_ios" : 64346,
      "write_ios" : 129,
      "read_merges" : 2,
      "write_merges" : 0,
      "read_ticks" : 713996,
      "write_ticks" : 326,
      "in_queue" : 714321,
      "util" : 95.559265
    }
  ]
}
