{
  "fio version" : "fio-3.33",
  "timestamp" : 1747290400,
  "timestamp_ms" : 1747290400618,
  "time" : "Thu May 15 09:26:40 2025",
  "jobs" : [
    {
      "jobname" : "write_B4_Q128_T1",
      "groupid" : 0,
      "error" : 0,
      "eta" : 0,
      "elapsed" : 6,
      "job options" : {
        "rw" : "write",
        "name" : "write_B4_Q128_T1",
        "bs" : "4k",
        "iodepth" : "128",
        "numjobs" : "1",
        "runtime" : "10",
        "direct" : "1",
        "ioengine" : "libaio",
        "size" : "1G",
        "filename" : "/mnt/pve/test/write"
      },
      "read" : {
        "io_bytes" : 0,
        "io_kbytes" : 0,
        "bw_bytes" : 0,
        "bw" : 0,
        "iops" : 0.000000,
        "runtime" : 0,
        "total_ios" : 0,
        "short_ios" : 0,
        "drop_ios" : 0,
        "slat_ns" : {
          "min" : 0,
          "max" : 0,
          "mean" : 0.000000,
          "stddev" : 0.000000,
          "N" : 0
        },
        "clat_ns" : {
          "min" : 0,
          "max" : 0,
          "mean" : 0.000000,
          "stddev" : 0.000000,
          "N" : 0
        },
        "lat_ns" : {
          "min" : 0,
          "max" : 0,
          "mean" : 0.000000,
          "stddev" : 0.000000,
          "N" : 0
        },
        "bw_min" : 0,
        "bw_max" : 0,
        "bw_agg" : 0.000000,
        "bw_mean" : 0.000000,
        "bw_dev" : 0.000000,
        "bw_samples" : 0,
        "iops_min" : 0,
        "iops_max" : 0,
        "iops_mean" : 0.000000,
        "iops_stddev" : 0.000000,
        "iops_samples" : 0
      },
      "write" : {
        "io_bytes" : 1073741824,
        "io_kbytes" : 1048576,
        "bw_bytes" : 200138271,
        "bw" : 195447,
        "iops" : 48861.882572,
        "runtime" : 5365,
        "total_ios" : 262144,
        "short_ios" : 0,
        "drop_ios" : 0,
        "slat_ns" : {
          "min" : 2425,
          "max" : 549152,
          "mean" : 14329.477272,
          "stddev" : 12380.274430,
          "N" : 262144
        },
        "clat_ns" : {
          "min" : 43044,
          "max" : 5095633,
          "mean" : 2602840.787846,
          "stddev" : 1197236.316822,
          "N" : 262144,
          "percentile" : {
            "1.000000" : 978944,
            "5.000000" : 1089536,
            "10.000000" : 1187840,
            "20.000000" : 1286144,
            "30.000000" : 1335296,
            "40.000000" : 2244608,
            "50.000000" : 2506752,
            "60.000000" : 2998272,
            "70.000000" : 3719168,
            "80.000000" : 4046848,
            "90.000000" : 4177920,
            "95.000000" : 4227072,
            "99.000000" : 4358144,
            "99.500000" : 4554752,
            "99.900000" : 4685824,
            "99.950000" : 4685824,
            "99.990000" : 4751360
          }
        },
        "lat_ns" : {
          "min" : 69221,
          "max" : 5101657,
          "mean" : 2617170.265118,
          "stddev" : 1204770.808906,
          "N" : 262144
        },
        "bw_min" : 142040,
        "bw_max" : 285528,
        "bw_agg" : 99.732649,
        "bw_mean" : 194925.600000,
        "bw_dev" : 44088.650581,
        "bw_samples" : 10,
        "iops_min" : 35510,
        "iops_max" : 71382,
        "iops_mean" : 48731.400000,
        "iops_stddev" : 11022.162645,
        "iops_samples" : 10
      },
      "trim" : {
        "io_bytes" : 0,
        "io_kbytes" : 0,
        "bw_bytes" : 0,
        "bw" : 0,
        "iops" : 0.000000,
        "runtime" : 0,
        "total_ios" : 0,
        "short_ios" : 0,
        "drop_ios" : 0,
        "slat_ns" : {
          "min" : 0,
          "max" : 0,
          "mean" : 0.000000,
          "stddev" : 0.000000,
          "N" : 0
        },
        "clat_ns" : {
          "min" : 0,
          "max" : 0,
          "mean" : 0.000000,
          "stddev" : 0.000000,
          "N" : 0
        },
        "lat_ns" : {
          "min" : 0,
          "max" : 0,
          "mean" : 0.000000,
          "stddev" : 0.000000,
          "N" : 0
        },
        "bw_min" : 0,
        "bw_max" : 0,
        "bw_agg" : 0.000000,
        "bw_mean" : 0.000000,
        "bw_dev" : 0.000000,
        "bw_samples" : 0,
        "iops_min" : 0,
        "iops_max" : 0,
        "iops_mean" : 0.000000,
        "iops_stddev" : 0.000000,
        "iops_samples" : 0
      },
      "sync" : {
        "total_ios" : 0,
        "lat_ns" : {
          "min" : 0,
          "max" : 0,
          "mean" : 0.000000,
          "stddev" : 0.000000,
          "N" : 0
        }
      },
      "job_runtime" : 5364,
      "usr_cpu" : 16.629381,
      "sys_cpu" : 61.838180,
      "ctx" : 124186,
      "majf" : 0,
      "minf" : 13,
      "iodepth_level" : {
        "1" : 0.100000,
        "2" : 0.100000,
        "4" : 0.100000,
        "8" : 0.100000,
        "16" : 0.100000,
        "32" : 0.100000,
        ">=64" : 99.975967
      },
      "iodepth_submit" : {
        "0" : 0.000000,
        "4" : 100.000000,
        "8" : 0.000000,
        "16" : 0.000000,
        "32" : 0.000000,
        "64" : 0.000000,
        ">=64" : 0.000000
      },
      "iodepth_complete" : {
        "0" : 0.000000,
        "4" : 99.999618,
        "8" : 0.000000,
        "16" : 0.000000,
        "32" : 0.000000,
        "64" : 0.000000,
        ">=64" : 0.100000
      },
      "latency_ns" : {
        "2" : 0.000000,
        "4" : 0.000000,
        "10" : 0.000000,
        "20" : 0.000000,
        "50" : 0.000000,
        "100" : 0.000000,
        "250" : 0.000000,
        "500" : 0.000000,
        "750" : 0.000000,
        "1000" : 0.000000
      },
      "latency_us" : {
        "2" : 0.000000,
        "4" : 0.000000,
        "10" : 0.000000,
        "20" : 0.000000,
        "50" : 0.010000,
        "100" : 0.010000,
        "250" : 0.010000,
        "500" : 0.010000,
        "750" : 0.077057,
        "1000" : 1.177597
      },
      "latency_ms" : {
        "2" : 36.177826,
        "4" : 40.415955,
        "10" : 22.145081,
        "20" : 0.000000,
        "50" : 0.000000,
        "100" : 0.000000,
        "250" : 0.000000,
        "500" : 0.000000,
        "750" : 0.000000,
        "1000" : 0.000000,
        "2000" : 0.000000,
        ">=2000" : 0.000000
      },
      "latency_depth" : 128,
      "latency_target" : 0,
      "latency_percentile" : 100.000000,
      "latency_window" : 0
    }
  ],
  "disk_util" : [
    {
      "name" : "sdb",
      "read_ios" : 0,
      "write_ios" : 182428,
      "read_merges" : 0,
      "write_merges" : 66416,
      "read_ticks" : 0,
      "write_ticks" : 40218,
      "in_queue" : 40218,
      "util" : 98.130128
    }
  ]
}
