{
  "fio version" : "fio-3.33",
  "timestamp" : 1747285311,
  "timestamp_ms" : 1747285311969,
  "time" : "Thu May 15 08:01:51 2025",
  "jobs" : [
    {
      "jobname" : "randread_B4_Q128_T1",
      "groupid" : 0,
      "error" : 0,
      "eta" : 0,
      "elapsed" : 5,
      "job options" : {
        "rw" : "randread",
        "name" : "randread_B4_Q128_T1",
        "bs" : "4k",
        "iodepth" : "128",
        "numjobs" : "1",
        "runtime" : "10",
        "direct" : "1",
        "ioengine" : "libaio",
        "size" : "1G",
        "filename" : "/mnt/pve/test/write"
      },
      "read" : {
        "io_bytes" : 1073741824,
        "io_kbytes" : 1048576,
        "bw_bytes" : 249591311,
        "bw" : 243741,
        "iops" : 60935.378894,
        "runtime" : 4302,
        "total_ios" : 262144,
        "short_ios" : 0,
        "drop_ios" : 0,
        "slat_ns" : {
          "min" : 2422,
          "max" : 542810,
          "mean" : 11102.189445,
          "stddev" : 10372.449845,
          "N" : 262144
        },
        "clat_ns" : {
          "min" : 292671,
          "max" : 18814885,
          "mean" : 2087198.941147,
          "stddev" : 624156.703414,
          "N" : 262144,
          "percentile" : {
            "1.000000" : 585728,
            "5.000000" : 1036288,
            "10.000000" : 1384448,
            "20.000000" : 1810432,
            "30.000000" : 1908736,
            "40.000000" : 2088960,
            "50.000000" : 2211840,
            "60.000000" : 2277376,
            "70.000000" : 2277376,
            "80.000000" : 2310144,
            "90.000000" : 2408448,
            "95.000000" : 2768896,
            "99.000000" : 3457024,
            "99.500000" : 4292608,
            "99.900000" : 8847360,
            "99.950000" : 10551296,
            "99.990000" : 14352384
          }
        },
        "lat_ns" : {
          "min" : 302172,
          "max" : 18819259,
          "mean" : 2098301.130592,
          "stddev" : 624801.624763,
          "N" : 262144
        },
        "bw_min" : 227456,
        "bw_max" : 256928,
        "bw_agg" : 99.823783,
        "bw_mean" : 243312.000000,
        "bw_dev" : 11962.658090,
        "bw_samples" : 8,
        "iops_min" : 56864,
        "iops_max" : 64232,
        "iops_mean" : 60828.000000,
        "iops_stddev" : 2990.664522,
        "iops_samples" : 8
      },
      "write" : {
        "io_bytes" : 0,
        "io_kbytes" : 0,
        "bw_bytes" : 0,
        "bw" : 0,
        "iops" : 0.000000,
        "runtime" : 0,
        "total_ios" : 0,
        "short_ios" : 0,
        "drop_ios" : 0,
        "slat_ns" : {
          "min" : 0,
          "max" : 0,
          "mean" : 0.000000,
          "stddev" : 0.000000,
          "N" : 0
        },
        "clat_ns" : {
          "min" : 0,
          "max" : 0,
          "mean" : 0.000000,
          "stddev" : 0.000000,
          "N" : 0
        },
        "lat_ns" : {
          "min" : 0,
          "max" : 0,
          "mean" : 0.000000,
          "stddev" : 0.000000,
          "N" : 0
        },
        "bw_min" : 0,
        "bw_max" : 0,
        "bw_agg" : 0.000000,
        "bw_mean" : 0.000000,
        "bw_dev" : 0.000000,
        "bw_samples" : 0,
        "iops_min" : 0,
        "iops_max" : 0,
        "iops_mean" : 0.000000,
        "iops_stddev" : 0.000000,
        "iops_samples" : 0
      },
      "trim" : {
        "io_bytes" : 0,
        "io_kbytes" : 0,
        "bw_bytes" : 0,
        "bw" : 0,
        "iops" : 0.000000,
        "runtime" : 0,
        "total_ios" : 0,
        "short_ios" : 0,
        "drop_ios" : 0,
        "slat_ns" : {
          "min" : 0,
          "max" : 0,
          "mean" : 0.000000,
          "stddev" : 0.000000,
          "N" : 0
        },
        "clat_ns" : {
          "min" : 0,
          "max" : 0,
          "mean" : 0.000000,
          "stddev" : 0.000000,
          "N" : 0
        },
        "lat_ns" : {
          "min" : 0,
          "max" : 0,
          "mean" : 0.000000,
          "stddev" : 0.000000,
          "N" : 0
        },
        "bw_min" : 0,
        "bw_max" : 0,
        "bw_agg" : 0.000000,
        "bw_mean" : 0.000000,
        "bw_dev" : 0.000000,
        "bw_samples" : 0,
        "iops_min" : 0,
        "iops_max" : 0,
        "iops_mean" : 0.000000,
        "iops_stddev" : 0.000000,
        "iops_samples" : 0
      },
      "sync" : {
        "total_ios" : 0,
        "lat_ns" : {
          "min" : 0,
          "max" : 0,
          "mean" : 0.000000,
          "stddev" : 0.000000,
          "N" : 0
        }
      },
      "job_runtime" : 4301,
      "usr_cpu" : 18.623576,
      "sys_cpu" : 62.543595,
      "ctx" : 70249,
      "majf" : 0,
      "minf" : 297,
      "iodepth_level" : {
        "1" : 0.100000,
        "2" : 0.100000,
        "4" : 0.100000,
        "8" : 0.100000,
        "16" : 0.100000,
        "32" : 0.100000,
        ">=64" : 99.975967
      },
      "iodepth_submit" : {
        "0" : 0.000000,
        "4" : 100.000000,
        "8" : 0.000000,
        "16" : 0.000000,
        "32" : 0.000000,
        "64" : 0.000000,
        ">=64" : 0.000000
      },
      "iodepth_complete" : {
        "0" : 0.000000,
        "4" : 99.999618,
        "8" : 0.000000,
        "16" : 0.000000,
        "32" : 0.000000,
        "64" : 0.000000,
        ">=64" : 0.100000
      },
      "latency_ns" : {
        "2" : 0.000000,
        "4" : 0.000000,
        "10" : 0.000000,
        "20" : 0.000000,
        "50" : 0.000000,
        "100" : 0.000000,
        "250" : 0.000000,
        "500" : 0.000000,
        "750" : 0.000000,
        "1000" : 0.000000
      },
      "latency_us" : {
        "2" : 0.000000,
        "4" : 0.000000,
        "10" : 0.000000,
        "20" : 0.000000,
        "50" : 0.000000,
        "100" : 0.000000,
        "250" : 0.000000,
        "500" : 0.408936,
        "750" : 1.994324,
        "1000" : 2.180481
      },
      "latency_ms" : {
        "2" : 31.108093,
        "4" : 63.707733,
        "10" : 0.535965,
        "20" : 0.064468,
        "50" : 0.000000,
        "100" : 0.000000,
        "250" : 0.000000,
        "500" : 0.000000,
        "750" : 0.000000,
        "1000" : 0.000000,
        "2000" : 0.000000,
        ">=2000" : 0.000000
      },
      "latency_depth" : 128,
      "latency_target" : 0,
      "latency_percentile" : 100.000000,
      "latency_window" : 0
    }
  ],
  "disk_util" : [
    {
      "name" : "sdb",
      "read_ios" : 252370,
      "write_ios" : 0,
      "read_merges" : 427,
      "write_merges" : 0,
      "read_ticks" : 191515,
      "write_ticks" : 0,
      "in_queue" : 191515,
      "util" : 97.689769
    }
  ]
}
