{
  "fio version" : "fio-3.33",
  "timestamp" : 1747284993,
  "timestamp_ms" : 1747284993191,
  "time" : "Thu May 15 07:56:33 2025",
  "jobs" : [
    {
      "jobname" : "write_B4096_Q32_T1",
      "groupid" : 0,
      "error" : 0,
      "eta" : 0,
      "elapsed" : 3,
      "job options" : {
        "rw" : "write",
        "name" : "write_B4096_Q32_T1",
        "bs" : "4096k",
        "iodepth" : "32",
        "numjobs" : "1",
        "runtime" : "10",
        "direct" : "1",
        "ioengine" : "libaio",
        "size" : "1G",
        "filename" : "/mnt/pve/test/write"
      },
      "read" : {
        "io_bytes" : 0,
        "io_kbytes" : 0,
        "bw_bytes" : 0,
        "bw" : 0,
        "iops" : 0.000000,
        "runtime" : 0,
        "total_ios" : 0,
        "short_ios" : 0,
        "drop_ios" : 0,
        "slat_ns" : {
          "min" : 0,
          "max" : 0,
          "mean" : 0.000000,
          "stddev" : 0.000000,
          "N" : 0
        },
        "clat_ns" : {
          "min" : 0,
          "max" : 0,
          "mean" : 0.000000,
          "stddev" : 0.000000,
          "N" : 0
        },
        "lat_ns" : {
          "min" : 0,
          "max" : 0,
          "mean" : 0.000000,
          "stddev" : 0.000000,
          "N" : 0
        },
        "bw_min" : 0,
        "bw_max" : 0,
        "bw_agg" : 0.000000,
        "bw_mean" : 0.000000,
        "bw_dev" : 0.000000,
        "bw_samples" : 0,
        "iops_min" : 0,
        "iops_max" : 0,
        "iops_mean" : 0.000000,
        "iops_stddev" : 0.000000,
        "iops_samples" : 0
      },
      "write" : {
        "io_bytes" : 1073741824,
        "io_kbytes" : 1048576,
        "bw_bytes" : 445906073,
        "bw" : 435455,
        "iops" : 106.312292,
        "runtime" : 2408,
        "total_ios" : 256,
        "short_ios" : 0,
        "drop_ios" : 0,
        "slat_ns" : {
          "min" : 468270,
          "max" : 9989642,
          "mean" : 9321921.335938,
          "stddev" : 807966.501094,
          "N" : 256
        },
        "clat_ns" : {
          "min" : 18450097,
          "max" : 300570459,
          "mean" : 275441248.593750,
          "stddev" : 52146288.977236,
          "N" : 256,
          "percentile" : {
            "1.000000" : 36962304,
            "5.000000" : 131596288,
            "10.000000" : 252706816,
            "20.000000" : 291504128,
            "30.000000" : 291504128,
            "40.000000" : 291504128,
            "50.000000" : 291504128,
            "60.000000" : 291504128,
            "70.000000" : 291504128,
            "80.000000" : 291504128,
            "90.000000" : 291504128,
            "95.000000" : 291504128,
            "99.000000" : 291504128,
            "99.500000" : 291504128,
            "99.900000" : 299892736,
            "99.950000" : 299892736,
            "99.990000" : 299892736
          }
        },
        "lat_ns" : {
          "min" : 28011851,
          "max" : 309912073,
          "mean" : 284763169.929688,
          "stddev" : 52136341.979573,
          "N" : 256
        },
        "bw_min" : 196215,
        "bw_max" : 434176,
        "bw_agg" : 86.044453,
        "bw_mean" : 374685.750000,
        "bw_dev" : 118980.500000,
        "bw_samples" : 4,
        "iops_min" : 47,
        "iops_max" : 106,
        "iops_mean" : 91.250000,
        "iops_stddev" : 29.500000,
        "iops_samples" : 4
      },
      "trim" : {
        "io_bytes" : 0,
        "io_kbytes" : 0,
        "bw_bytes" : 0,
        "bw" : 0,
        "iops" : 0.000000,
        "runtime" : 0,
        "total_ios" : 0,
        "short_ios" : 0,
        "drop_ios" : 0,
        "slat_ns" : {
          "min" : 0,
          "max" : 0,
          "mean" : 0.000000,
          "stddev" : 0.000000,
          "N" : 0
        },
        "clat_ns" : {
          "min" : 0,
          "max" : 0,
          "mean" : 0.000000,
          "stddev" : 0.000000,
          "N" : 0
        },
        "lat_ns" : {
          "min" : 0,
          "max" : 0,
          "mean" : 0.000000,
          "stddev" : 0.000000,
          "N" : 0
        },
        "bw_min" : 0,
        "bw_max" : 0,
        "bw_agg" : 0.000000,
        "bw_mean" : 0.000000,
        "bw_dev" : 0.000000,
        "bw_samples" : 0,
        "iops_min" : 0,
        "iops_max" : 0,
        "iops_mean" : 0.000000,
        "iops_stddev" : 0.000000,
        "iops_samples" : 0
      },
      "sync" : {
        "total_ios" : 0,
        "lat_ns" : {
          "min" : 0,
          "max" : 0,
          "mean" : 0.000000,
          "stddev" : 0.000000,
          "N" : 0
        }
      },
      "job_runtime" : 2407,
      "usr_cpu" : 3.448276,
      "sys_cpu" : 7.478189,
      "ctx" : 3807,
      "majf" : 0,
      "minf" : 11,
      "iodepth_level" : {
        "1" : 0.390625,
        "2" : 0.781250,
        "4" : 1.562500,
        "8" : 3.125000,
        "16" : 6.250000,
        "32" : 87.890625,
        ">=64" : 0.000000
      },
      "iodepth_submit" : {
        "0" : 0.000000,
        "4" : 100.000000,
        "8" : 0.000000,
        "16" : 0.000000,
        "32" : 0.000000,
        "64" : 0.000000,
        ">=64" : 0.000000
      },
      "iodepth_complete" : {
        "0" : 0.000000,
        "4" : 99.557522,
        "8" : 0.000000,
        "16" : 0.000000,
        "32" : 0.442478,
        "64" : 0.000000,
        ">=64" : 0.000000
      },
      "latency_ns" : {
        "2" : 0.000000,
        "4" : 0.000000,
        "10" : 0.000000,
        "20" : 0.000000,
        "50" : 0.000000,
        "100" : 0.000000,
        "250" : 0.000000,
        "500" : 0.000000,
        "750" : 0.000000,
        "1000" : 0.000000
      },
      "latency_us" : {
        "2" : 0.000000,
        "4" : 0.000000,
        "10" : 0.000000,
        "20" : 0.000000,
        "50" : 0.000000,
        "100" : 0.000000,
        "250" : 0.000000,
        "500" : 0.000000,
        "750" : 0.000000,
        "1000" : 0.000000
      },
      "latency_ms" : {
        "2" : 0.000000,
        "4" : 0.000000,
        "10" : 0.000000,
        "20" : 0.390625,
        "50" : 1.171875,
        "100" : 1.953125,
        "250" : 6.250000,
        "500" : 90.234375,
        "750" : 0.000000,
        "1000" : 0.000000,
        "2000" : 0.000000,
        ">=2000" : 0.000000
      },
      "latency_depth" : 32,
      "latency_target" : 0,
      "latency_percentile" : 100.000000,
      "latency_window" : 0
    }
  ],
  "disk_util" : [
    {
      "name" : "sdb",
      "read_ios" : 0,
      "write_ios" : 29518,
      "read_merges" : 0,
      "write_merges" : 28,
      "read_ticks" : 0,
      "write_ticks" : 543347,
      "in_queue" : 543346,
      "util" : 86.923385
    }
  ]
}
