{
  "fio version" : "fio-3.33",
  "timestamp" : 1747285221,
  "timestamp_ms" : 1747285221216,
  "time" : "Thu May 15 08:00:21 2025",
  "jobs" : [
    {
      "jobname" : "write_B8_Q128_T1",
      "groupid" : 0,
      "error" : 0,
      "eta" : 0,
      "elapsed" : 3,
      "job options" : {
        "rw" : "write",
        "name" : "write_B8_Q128_T1",
        "bs" : "8k",
        "iodepth" : "128",
        "numjobs" : "1",
        "runtime" : "10",
        "direct" : "1",
        "ioengine" : "libaio",
        "size" : "1G",
        "filename" : "/mnt/pve/test/write"
      },
      "read" : {
        "io_bytes" : 0,
        "io_kbytes" : 0,
        "bw_bytes" : 0,
        "bw" : 0,
        "iops" : 0.000000,
        "runtime" : 0,
        "total_ios" : 0,
        "short_ios" : 0,
        "drop_ios" : 0,
        "slat_ns" : {
          "min" : 0,
          "max" : 0,
          "mean" : 0.000000,
          "stddev" : 0.000000,
          "N" : 0
        },
        "clat_ns" : {
          "min" : 0,
          "max" : 0,
          "mean" : 0.000000,
          "stddev" : 0.000000,
          "N" : 0
        },
        "lat_ns" : {
          "min" : 0,
          "max" : 0,
          "mean" : 0.000000,
          "stddev" : 0.000000,
          "N" : 0
        },
        "bw_min" : 0,
        "bw_max" : 0,
        "bw_agg" : 0.000000,
        "bw_mean" : 0.000000,
        "bw_dev" : 0.000000,
        "bw_samples" : 0,
        "iops_min" : 0,
        "iops_max" : 0,
        "iops_mean" : 0.000000,
        "iops_stddev" : 0.000000,
        "iops_samples" : 0
      },
      "write" : {
        "io_bytes" : 1073741824,
        "io_kbytes" : 1048576,
        "bw_bytes" : 443328581,
        "bw" : 432938,
        "iops" : 54117.258464,
        "runtime" : 2422,
        "total_ios" : 131072,
        "short_ios" : 0,
        "drop_ios" : 0,
        "slat_ns" : {
          "min" : 2510,
          "max" : 626873,
          "mean" : 9528.586296,
          "stddev" : 11044.690964,
          "N" : 131072
        },
        "clat_ns" : {
          "min" : 1108150,
          "max" : 5216794,
          "mean" : 2352801.138046,
          "stddev" : 420780.660795,
          "N" : 131072,
          "percentile" : {
            "1.000000" : 1875968,
            "5.000000" : 2023424,
            "10.000000" : 2088960,
            "20.000000" : 2146304,
            "30.000000" : 2211840,
            "40.000000" : 2277376,
            "50.000000" : 2310144,
            "60.000000" : 2310144,
            "70.000000" : 2342912,
            "80.000000" : 2375680,
            "90.000000" : 2441216,
            "95.000000" : 3096576,
            "99.000000" : 4292608,
            "99.500000" : 4292608,
            "99.900000" : 4751360,
            "99.950000" : 4816896,
            "99.990000" : 5013504
          }
        },
        "lat_ns" : {
          "min" : 1123636,
          "max" : 5222257,
          "mean" : 2362329.724342,
          "stddev" : 423983.247015,
          "N" : 131072
        },
        "bw_min" : 362704,
        "bw_max" : 463520,
        "bw_agg" : 99.787945,
        "bw_mean" : 432020.000000,
        "bw_dev" : 46685.467375,
        "bw_samples" : 4,
        "iops_min" : 45338,
        "iops_max" : 57940,
        "iops_mean" : 54002.500000,
        "iops_stddev" : 5835.683422,
        "iops_samples" : 4
      },
      "trim" : {
        "io_bytes" : 0,
        "io_kbytes" : 0,
        "bw_bytes" : 0,
        "bw" : 0,
        "iops" : 0.000000,
        "runtime" : 0,
        "total_ios" : 0,
        "short_ios" : 0,
        "drop_ios" : 0,
        "slat_ns" : {
          "min" : 0,
          "max" : 0,
          "mean" : 0.000000,
          "stddev" : 0.000000,
          "N" : 0
        },
        "clat_ns" : {
          "min" : 0,
          "max" : 0,
          "mean" : 0.000000,
          "stddev" : 0.000000,
          "N" : 0
        },
        "lat_ns" : {
          "min" : 0,
          "max" : 0,
          "mean" : 0.000000,
          "stddev" : 0.000000,
          "N" : 0
        },
        "bw_min" : 0,
        "bw_max" : 0,
        "bw_agg" : 0.000000,
        "bw_mean" : 0.000000,
        "bw_dev" : 0.000000,
        "bw_samples" : 0,
        "iops_min" : 0,
        "iops_max" : 0,
        "iops_mean" : 0.000000,
        "iops_stddev" : 0.000000,
        "iops_samples" : 0
      },
      "sync" : {
        "total_ios" : 0,
        "lat_ns" : {
          "min" : 0,
          "max" : 0,
          "mean" : 0.000000,
          "stddev" : 0.000000,
          "N" : 0
        }
      },
      "job_runtime" : 2421,
      "usr_cpu" : 19.496076,
      "sys_cpu" : 44.816192,
      "ctx" : 24912,
      "majf" : 0,
      "minf" : 13,
      "iodepth_level" : {
        "1" : 0.100000,
        "2" : 0.100000,
        "4" : 0.100000,
        "8" : 0.100000,
        "16" : 0.100000,
        "32" : 0.100000,
        ">=64" : 99.951935
      },
      "iodepth_submit" : {
        "0" : 0.000000,
        "4" : 100.000000,
        "8" : 0.000000,
        "16" : 0.000000,
        "32" : 0.000000,
        "64" : 0.000000,
        ">=64" : 0.000000
      },
      "iodepth_complete" : {
        "0" : 0.000000,
        "4" : 99.999236,
        "8" : 0.000000,
        "16" : 0.000000,
        "32" : 0.000000,
        "64" : 0.000000,
        ">=64" : 0.100000
      },
      "latency_ns" : {
        "2" : 0.000000,
        "4" : 0.000000,
        "10" : 0.000000,
        "20" : 0.000000,
        "50" : 0.000000,
        "100" : 0.000000,
        "250" : 0.000000,
        "500" : 0.000000,
        "750" : 0.000000,
        "1000" : 0.000000
      },
      "latency_us" : {
        "2" : 0.000000,
        "4" : 0.000000,
        "10" : 0.000000,
        "20" : 0.000000,
        "50" : 0.000000,
        "100" : 0.000000,
        "250" : 0.000000,
        "500" : 0.000000,
        "750" : 0.000000,
        "1000" : 0.000000
      },
      "latency_ms" : {
        "2" : 3.843689,
        "4" : 92.350769,
        "10" : 3.805542,
        "20" : 0.000000,
        "50" : 0.000000,
        "100" : 0.000000,
        "250" : 0.000000,
        "500" : 0.000000,
        "750" : 0.000000,
        "1000" : 0.000000,
        "2000" : 0.000000,
        ">=2000" : 0.000000
      },
      "latency_depth" : 128,
      "latency_target" : 0,
      "latency_percentile" : 100.000000,
      "latency_window" : 0
    }
  ],
  "disk_util" : [
    {
      "name" : "sdb",
      "read_ios" : 0,
      "write_ios" : 37655,
      "read_merges" : 0,
      "write_merges" : 92010,
      "read_ticks" : 0,
      "write_ticks" : 66749,
      "in_queue" : 66749,
      "util" : 95.953526
    }
  ]
}
