{
  "fio version" : "fio-3.33",
  "timestamp" : 1747286877,
  "timestamp_ms" : 1747286877236,
  "time" : "Thu May 15 08:27:57 2025",
  "jobs" : [
    {
      "jobname" : "read_B4_Q1_T1",
      "groupid" : 0,
      "error" : 0,
      "eta" : 0,
      "elapsed" : 11,
      "job options" : {
        "rw" : "read",
        "name" : "read_B4_Q1_T1",
        "bs" : "4k",
        "iodepth" : "1",
        "numjobs" : "1",
        "runtime" : "10",
        "direct" : "1",
        "ioengine" : "libaio",
        "size" : "1G",
        "filename" : "/mnt/pve/test/write"
      },
      "read" : {
        "io_bytes" : 290029568,
        "io_kbytes" : 283232,
        "bw_bytes" : 29000056,
        "bw" : 28320,
        "iops" : 7080.091991,
        "runtime" : 10001,
        "total_ios" : 70808,
        "short_ios" : 0,
        "drop_ios" : 0,
        "slat_ns" : {
          "min" : 13562,
          "max" : 459979,
          "mean" : 14954.512852,
          "stddev" : 4030.638814,
          "N" : 70808
        },
        "clat_ns" : {
          "min" : 47896,
          "max" : 2421860,
          "mean" : 124352.953169,
          "stddev" : 22852.501281,
          "N" : 70808,
          "percentile" : {
            "1.000000" : 61184,
            "5.000000" : 102912,
            "10.000000" : 102912,
            "20.000000" : 103936,
            "30.000000" : 105984,
            "40.000000" : 132096,
            "50.000000" : 134144,
            "60.000000" : 134144,
            "70.000000" : 136192,
            "80.000000" : 136192,
            "90.000000" : 138240,
            "95.000000" : 138240,
            "99.000000" : 142336,
            "99.500000" : 146432,
            "99.900000" : 464896,
            "99.950000" : 509952,
            "99.990000" : 561152
          }
        },
        "lat_ns" : {
          "min" : 71673,
          "max" : 2460505,
          "mean" : 139307.466021,
          "stddev" : 23233.099337,
          "N" : 70808
        },
        "bw_min" : 28040,
        "bw_max" : 28648,
        "bw_agg" : 100.000000,
        "bw_mean" : 28336.842105,
        "bw_dev" : 149.092538,
        "bw_samples" : 19,
        "iops_min" : 7010,
        "iops_max" : 7162,
        "iops_mean" : 7084.210526,
        "iops_stddev" : 37.273134,
        "iops_samples" : 19
      },
      "write" : {
        "io_bytes" : 0,
        "io_kbytes" : 0,
        "bw_bytes" : 0,
        "bw" : 0,
        "iops" : 0.000000,
        "runtime" : 0,
        "total_ios" : 0,
        "short_ios" : 0,
        "drop_ios" : 0,
        "slat_ns" : {
          "min" : 0,
          "max" : 0,
          "mean" : 0.000000,
          "stddev" : 0.000000,
          "N" : 0
        },
        "clat_ns" : {
          "min" : 0,
          "max" : 0,
          "mean" : 0.000000,
          "stddev" : 0.000000,
          "N" : 0
        },
        "lat_ns" : {
          "min" : 0,
          "max" : 0,
          "mean" : 0.000000,
          "stddev" : 0.000000,
          "N" : 0
        },
        "bw_min" : 0,
        "bw_max" : 0,
        "bw_agg" : 0.000000,
        "bw_mean" : 0.000000,
        "bw_dev" : 0.000000,
        "bw_samples" : 0,
        "iops_min" : 0,
        "iops_max" : 0,
        "iops_mean" : 0.000000,
        "iops_stddev" : 0.000000,
        "iops_samples" : 0
      },
      "trim" : {
        "io_bytes" : 0,
        "io_kbytes" : 0,
        "bw_bytes" : 0,
        "bw" : 0,
        "iops" : 0.000000,
        "runtime" : 0,
        "total_ios" : 0,
        "short_ios" : 0,
        "drop_ios" : 0,
        "slat_ns" : {
          "min" : 0,
          "max" : 0,
          "mean" : 0.000000,
          "stddev" : 0.000000,
          "N" : 0
        },
        "clat_ns" : {
          "min" : 0,
          "max" : 0,
          "mean" : 0.000000,
          "stddev" : 0.000000,
          "N" : 0
        },
        "lat_ns" : {
          "min" : 0,
          "max" : 0,
          "mean" : 0.000000,
          "stddev" : 0.000000,
          "N" : 0
        },
        "bw_min" : 0,
        "bw_max" : 0,
        "bw_agg" : 0.000000,
        "bw_mean" : 0.000000,
        "bw_dev" : 0.000000,
        "bw_samples" : 0,
        "iops_min" : 0,
        "iops_max" : 0,
        "iops_mean" : 0.000000,
        "iops_stddev" : 0.000000,
        "iops_samples" : 0
      },
      "sync" : {
        "total_ios" : 0,
        "lat_ns" : {
          "min" : 0,
          "max" : 0,
          "mean" : 0.000000,
          "stddev" : 0.000000,
          "N" : 0
        }
      },
      "job_runtime" : 10000,
      "usr_cpu" : 4.900000,
      "sys_cpu" : 14.520000,
      "ctx" : 70811,
      "majf" : 0,
      "minf" : 15,
      "iodepth_level" : {
        "1" : 100.000000,
        "2" : 0.000000,
        "4" : 0.000000,
        "8" : 0.000000,
        "16" : 0.000000,
        "32" : 0.000000,
        ">=64" : 0.000000
      },
      "iodepth_submit" : {
        "0" : 0.000000,
        "4" : 100.000000,
        "8" : 0.000000,
        "16" : 0.000000,
        "32" : 0.000000,
        "64" : 0.000000,
        ">=64" : 0.000000
      },
      "iodepth_complete" : {
        "0" : 0.000000,
        "4" : 100.000000,
        "8" : 0.000000,
        "16" : 0.000000,
        "32" : 0.000000,
        "64" : 0.000000,
        ">=64" : 0.000000
      },
      "latency_ns" : {
        "2" : 0.000000,
        "4" : 0.000000,
        "10" : 0.000000,
        "20" : 0.000000,
        "50" : 0.000000,
        "100" : 0.000000,
        "250" : 0.000000,
        "500" : 0.000000,
        "750" : 0.000000,
        "1000" : 0.000000
      },
      "latency_us" : {
        "2" : 0.000000,
        "4" : 0.000000,
        "10" : 0.000000,
        "20" : 0.000000,
        "50" : 0.010000,
        "100" : 1.745565,
        "250" : 98.141453,
        "500" : 0.052254,
        "750" : 0.057903,
        "1000" : 0.000000
      },
      "latency_ms" : {
        "2" : 0.000000,
        "4" : 0.010000,
        "10" : 0.000000,
        "20" : 0.000000,
        "50" : 0.000000,
        "100" : 0.000000,
        "250" : 0.000000,
        "500" : 0.000000,
        "750" : 0.000000,
        "1000" : 0.000000,
        "2000" : 0.000000,
        ">=2000" : 0.000000
      },
      "latency_depth" : 1,
      "latency_target" : 0,
      "latency_percentile" : 100.000000,
      "latency_window" : 0
    }
  ],
  "disk_util" : [
    {
      "name" : "sdb",
      "read_ios" : 70073,
      "write_ios" : 2,
      "read_merges" : 0,
      "write_merges" : 0,
      "read_ticks" : 8864,
      "write_ticks" : 1,
      "in_queue" : 8865,
      "util" : 99.059153
    }
  ]
}
