{
  "fio version" : "fio-3.33",
  "timestamp" : 1747286742,
  "timestamp_ms" : 1747286742885,
  "time" : "Thu May 15 08:25:42 2025",
  "jobs" : [
    {
      "jobname" : "write_B4_Q128_T1",
      "groupid" : 0,
      "error" : 0,
      "eta" : 0,
      "elapsed" : 5,
      "job options" : {
        "rw" : "write",
        "name" : "write_B4_Q128_T1",
        "bs" : "4k",
        "iodepth" : "128",
        "numjobs" : "1",
        "runtime" : "10",
        "direct" : "1",
        "ioengine" : "libaio",
        "size" : "1G",
        "filename" : "/mnt/pve/test/write"
      },
      "read" : {
        "io_bytes" : 0,
        "io_kbytes" : 0,
        "bw_bytes" : 0,
        "bw" : 0,
        "iops" : 0.000000,
        "runtime" : 0,
        "total_ios" : 0,
        "short_ios" : 0,
        "drop_ios" : 0,
        "slat_ns" : {
          "min" : 0,
          "max" : 0,
          "mean" : 0.000000,
          "stddev" : 0.000000,
          "N" : 0
        },
        "clat_ns" : {
          "min" : 0,
          "max" : 0,
          "mean" : 0.000000,
          "stddev" : 0.000000,
          "N" : 0
        },
        "lat_ns" : {
          "min" : 0,
          "max" : 0,
          "mean" : 0.000000,
          "stddev" : 0.000000,
          "N" : 0
        },
        "bw_min" : 0,
        "bw_max" : 0,
        "bw_agg" : 0.000000,
        "bw_mean" : 0.000000,
        "bw_dev" : 0.000000,
        "bw_samples" : 0,
        "iops_min" : 0,
        "iops_max" : 0,
        "iops_mean" : 0.000000,
        "iops_stddev" : 0.000000,
        "iops_samples" : 0
      },
      "write" : {
        "io_bytes" : 1073741824,
        "io_kbytes" : 1048576,
        "bw_bytes" : 246837200,
        "bw" : 241051,
        "iops" : 60262.988506,
        "runtime" : 4350,
        "total_ios" : 262144,
        "short_ios" : 0,
        "drop_ios" : 0,
        "slat_ns" : {
          "min" : 2351,
          "max" : 533034,
          "mean" : 11296.653797,
          "stddev" : 11870.885666,
          "N" : 262144
        },
        "clat_ns" : {
          "min" : 656616,
          "max" : 4614723,
          "mean" : 2110932.939205,
          "stddev" : 833273.112070,
          "N" : 262144,
          "percentile" : {
            "1.000000" : 1003520,
            "5.000000" : 1187840,
            "10.000000" : 1269760,
            "20.000000" : 1318912,
            "30.000000" : 1351680,
            "40.000000" : 1466368,
            "50.000000" : 2342912,
            "60.000000" : 2441216,
            "70.000000" : 2473984,
            "80.000000" : 2506752,
            "90.000000" : 3391488,
            "95.000000" : 3981312,
            "99.000000" : 4177920,
            "99.500000" : 4227072,
            "99.900000" : 4423680,
            "99.950000" : 4489216,
            "99.990000" : 4554752
          }
        },
        "lat_ns" : {
          "min" : 662563,
          "max" : 4643527,
          "mean" : 2122229.593002,
          "stddev" : 839377.330676,
          "N" : 262144
        },
        "bw_min" : 154704,
        "bw_max" : 270432,
        "bw_agg" : 98.922658,
        "bw_mean" : 238455.000000,
        "bw_dev" : 38305.770919,
        "bw_samples" : 8,
        "iops_min" : 38676,
        "iops_max" : 67608,
        "iops_mean" : 59613.750000,
        "iops_stddev" : 9576.442730,
        "iops_samples" : 8
      },
      "trim" : {
        "io_bytes" : 0,
        "io_kbytes" : 0,
        "bw_bytes" : 0,
        "bw" : 0,
        "iops" : 0.000000,
        "runtime" : 0,
        "total_ios" : 0,
        "short_ios" : 0,
        "drop_ios" : 0,
        "slat_ns" : {
          "min" : 0,
          "max" : 0,
          "mean" : 0.000000,
          "stddev" : 0.000000,
          "N" : 0
        },
        "clat_ns" : {
          "min" : 0,
          "max" : 0,
          "mean" : 0.000000,
          "stddev" : 0.000000,
          "N" : 0
        },
        "lat_ns" : {
          "min" : 0,
          "max" : 0,
          "mean" : 0.000000,
          "stddev" : 0.000000,
          "N" : 0
        },
        "bw_min" : 0,
        "bw_max" : 0,
        "bw_agg" : 0.000000,
        "bw_mean" : 0.000000,
        "bw_dev" : 0.000000,
        "bw_samples" : 0,
        "iops_min" : 0,
        "iops_max" : 0,
        "iops_mean" : 0.000000,
        "iops_stddev" : 0.000000,
        "iops_samples" : 0
      },
      "sync" : {
        "total_ios" : 0,
        "lat_ns" : {
          "min" : 0,
          "max" : 0,
          "mean" : 0.000000,
          "stddev" : 0.000000,
          "N" : 0
        }
      },
      "job_runtime" : 4349,
      "usr_cpu" : 16.854449,
      "sys_cpu" : 60.657622,
      "ctx" : 58095,
      "majf" : 0,
      "minf" : 168,
      "iodepth_level" : {
        "1" : 0.100000,
        "2" : 0.100000,
        "4" : 0.100000,
        "8" : 0.100000,
        "16" : 0.100000,
        "32" : 0.100000,
        ">=64" : 99.975967
      },
      "iodepth_submit" : {
        "0" : 0.000000,
        "4" : 100.000000,
        "8" : 0.000000,
        "16" : 0.000000,
        "32" : 0.000000,
        "64" : 0.000000,
        ">=64" : 0.000000
      },
      "iodepth_complete" : {
        "0" : 0.000000,
        "4" : 99.999618,
        "8" : 0.000000,
        "16" : 0.000000,
        "32" : 0.000000,
        "64" : 0.000000,
        ">=64" : 0.100000
      },
      "latency_ns" : {
        "2" : 0.000000,
        "4" : 0.000000,
        "10" : 0.000000,
        "20" : 0.000000,
        "50" : 0.000000,
        "100" : 0.000000,
        "250" : 0.000000,
        "500" : 0.000000,
        "750" : 0.000000,
        "1000" : 0.000000
      },
      "latency_us" : {
        "2" : 0.000000,
        "4" : 0.000000,
        "10" : 0.000000,
        "20" : 0.000000,
        "50" : 0.000000,
        "100" : 0.000000,
        "250" : 0.000000,
        "500" : 0.000000,
        "750" : 0.010000,
        "1000" : 0.927353
      },
      "latency_ms" : {
        "2" : 43.677521,
        "4" : 51.091766,
        "10" : 4.295731,
        "20" : 0.000000,
        "50" : 0.000000,
        "100" : 0.000000,
        "250" : 0.000000,
        "500" : 0.000000,
        "750" : 0.000000,
        "1000" : 0.000000,
        "2000" : 0.000000,
        ">=2000" : 0.000000
      },
      "latency_depth" : 128,
      "latency_target" : 0,
      "latency_percentile" : 100.000000,
      "latency_window" : 0
    }
  ],
  "disk_util" : [
    {
      "name" : "sdb",
      "read_ios" : 0,
      "write_ios" : 166491,
      "read_merges" : 0,
      "write_merges" : 83321,
      "read_ticks" : 0,
      "write_ticks" : 47225,
      "in_queue" : 47225,
      "util" : 97.666195
    }
  ]
}
