{
  "fio version" : "fio-3.33",
  "timestamp" : 1747286680,
  "timestamp_ms" : 1747286680736,
  "time" : "Thu May 15 08:24:40 2025",
  "jobs" : [
    {
      "jobname" : "write_B4096_Q32_T1",
      "groupid" : 0,
      "error" : 0,
      "eta" : 0,
      "elapsed" : 3,
      "job options" : {
        "rw" : "write",
        "name" : "write_B4096_Q32_T1",
        "bs" : "4096k",
        "iodepth" : "32",
        "numjobs" : "1",
        "runtime" : "10",
        "direct" : "1",
        "ioengine" : "libaio",
        "size" : "1G",
        "filename" : "/mnt/pve/test/write"
      },
      "read" : {
        "io_bytes" : 0,
        "io_kbytes" : 0,
        "bw_bytes" : 0,
        "bw" : 0,
        "iops" : 0.000000,
        "runtime" : 0,
        "total_ios" : 0,
        "short_ios" : 0,
        "drop_ios" : 0,
        "slat_ns" : {
          "min" : 0,
          "max" : 0,
          "mean" : 0.000000,
          "stddev" : 0.000000,
          "N" : 0
        },
        "clat_ns" : {
          "min" : 0,
          "max" : 0,
          "mean" : 0.000000,
          "stddev" : 0.000000,
          "N" : 0
        },
        "lat_ns" : {
          "min" : 0,
          "max" : 0,
          "mean" : 0.000000,
          "stddev" : 0.000000,
          "N" : 0
        },
        "bw_min" : 0,
        "bw_max" : 0,
        "bw_agg" : 0.000000,
        "bw_mean" : 0.000000,
        "bw_dev" : 0.000000,
        "bw_samples" : 0,
        "iops_min" : 0,
        "iops_max" : 0,
        "iops_mean" : 0.000000,
        "iops_stddev" : 0.000000,
        "iops_samples" : 0
      },
      "write" : {
        "io_bytes" : 1073741824,
        "io_kbytes" : 1048576,
        "bw_bytes" : 493674401,
        "bw" : 482103,
        "iops" : 117.701149,
        "runtime" : 2175,
        "total_ios" : 256,
        "short_ios" : 0,
        "drop_ios" : 0,
        "slat_ns" : {
          "min" : 242859,
          "max" : 9344090,
          "mean" : 8229836.687500,
          "stddev" : 1650380.348873,
          "N" : 256
        },
        "clat_ns" : {
          "min" : 64984282,
          "max" : 321819267,
          "mean" : 253949149.285156,
          "stddev" : 35234059.244469,
          "N" : 256,
          "percentile" : {
            "1.000000" : 82313216,
            "5.000000" : 168820736,
            "10.000000" : 238026752,
            "20.000000" : 263192576,
            "30.000000" : 263192576,
            "40.000000" : 263192576,
            "50.000000" : 263192576,
            "60.000000" : 263192576,
            "70.000000" : 263192576,
            "80.000000" : 263192576,
            "90.000000" : 265289728,
            "95.000000" : 265289728,
            "99.000000" : 304087040,
            "99.500000" : 312475648,
            "99.900000" : 320864256,
            "99.950000" : 320864256,
            "99.990000" : 320864256
          }
        },
        "lat_ns" : {
          "min" : 73591177,
          "max" : 328459243,
          "mean" : 262178985.972656,
          "stddev" : 35357824.694492,
          "N" : 256
        },
        "bw_min" : 286720,
        "bw_max" : 483328,
        "bw_agg" : 90.058594,
        "bw_mean" : 434176.000000,
        "bw_dev" : 98304.000000,
        "bw_samples" : 4,
        "iops_min" : 70,
        "iops_max" : 118,
        "iops_mean" : 106.000000,
        "iops_stddev" : 24.000000,
        "iops_samples" : 4
      },
      "trim" : {
        "io_bytes" : 0,
        "io_kbytes" : 0,
        "bw_bytes" : 0,
        "bw" : 0,
        "iops" : 0.000000,
        "runtime" : 0,
        "total_ios" : 0,
        "short_ios" : 0,
        "drop_ios" : 0,
        "slat_ns" : {
          "min" : 0,
          "max" : 0,
          "mean" : 0.000000,
          "stddev" : 0.000000,
          "N" : 0
        },
        "clat_ns" : {
          "min" : 0,
          "max" : 0,
          "mean" : 0.000000,
          "stddev" : 0.000000,
          "N" : 0
        },
        "lat_ns" : {
          "min" : 0,
          "max" : 0,
          "mean" : 0.000000,
          "stddev" : 0.000000,
          "N" : 0
        },
        "bw_min" : 0,
        "bw_max" : 0,
        "bw_agg" : 0.000000,
        "bw_mean" : 0.000000,
        "bw_dev" : 0.000000,
        "bw_samples" : 0,
        "iops_min" : 0,
        "iops_max" : 0,
        "iops_mean" : 0.000000,
        "iops_stddev" : 0.000000,
        "iops_samples" : 0
      },
      "sync" : {
        "total_ios" : 0,
        "lat_ns" : {
          "min" : 0,
          "max" : 0,
          "mean" : 0.000000,
          "stddev" : 0.000000,
          "N" : 0
        }
      },
      "job_runtime" : 2174,
      "usr_cpu" : 3.311868,
      "sys_cpu" : 5.473781,
      "ctx" : 954,
      "majf" : 0,
      "minf" : 10,
      "iodepth_level" : {
        "1" : 0.390625,
        "2" : 0.781250,
        "4" : 1.562500,
        "8" : 3.125000,
        "16" : 6.250000,
        "32" : 87.890625,
        ">=64" : 0.000000
      },
      "iodepth_submit" : {
        "0" : 0.000000,
        "4" : 100.000000,
        "8" : 0.000000,
        "16" : 0.000000,
        "32" : 0.000000,
        "64" : 0.000000,
        ">=64" : 0.000000
      },
      "iodepth_complete" : {
        "0" : 0.000000,
        "4" : 99.557522,
        "8" : 0.000000,
        "16" : 0.000000,
        "32" : 0.442478,
        "64" : 0.000000,
        ">=64" : 0.000000
      },
      "latency_ns" : {
        "2" : 0.000000,
        "4" : 0.000000,
        "10" : 0.000000,
        "20" : 0.000000,
        "50" : 0.000000,
        "100" : 0.000000,
        "250" : 0.000000,
        "500" : 0.000000,
        "750" : 0.000000,
        "1000" : 0.000000
      },
      "latency_us" : {
        "2" : 0.000000,
        "4" : 0.000000,
        "10" : 0.000000,
        "20" : 0.000000,
        "50" : 0.000000,
        "100" : 0.000000,
        "250" : 0.000000,
        "500" : 0.000000,
        "750" : 0.000000,
        "1000" : 0.000000
      },
      "latency_ms" : {
        "2" : 0.000000,
        "4" : 0.000000,
        "10" : 0.000000,
        "20" : 0.000000,
        "50" : 0.000000,
        "100" : 1.562500,
        "250" : 9.375000,
        "500" : 89.062500,
        "750" : 0.000000,
        "1000" : 0.000000,
        "2000" : 0.000000,
        ">=2000" : 0.000000
      },
      "latency_depth" : 32,
      "latency_target" : 0,
      "latency_percentile" : 100.000000,
      "latency_window" : 0
    }
  ],
  "disk_util" : [
    {
      "name" : "sdb",
      "read_ios" : 0,
      "write_ios" : 8227,
      "read_merges" : 0,
      "write_merges" : 24,
      "read_ticks" : 0,
      "write_ticks" : 538919,
      "in_queue" : 538920,
      "util" : 87.123947
    }
  ]
}
