{
  "fio version" : "fio-3.33",
  "timestamp" : 1747284196,
  "timestamp_ms" : 1747284196345,
  "time" : "Thu May 15 07:43:16 2025",
  "jobs" : [
    {
      "jobname" : "randwrite_B4096_Q32_T1",
      "groupid" : 0,
      "error" : 0,
      "eta" : 0,
      "elapsed" : 4,
      "job options" : {
        "rw" : "randwrite",
        "name" : "randwrite_B4096_Q32_T1",
        "bs" : "4096k",
        "iodepth" : "32",
        "numjobs" : "1",
        "runtime" : "10",
        "direct" : "1",
        "ioengine" : "libaio",
        "size" : "1G",
        "filename" : "/mnt/pve/test/write"
      },
      "read" : {
        "io_bytes" : 0,
        "io_kbytes" : 0,
        "bw_bytes" : 0,
        "bw" : 0,
        "iops" : 0.000000,
        "runtime" : 0,
        "total_ios" : 0,
        "short_ios" : 0,
        "drop_ios" : 0,
        "slat_ns" : {
          "min" : 0,
          "max" : 0,
          "mean" : 0.000000,
          "stddev" : 0.000000,
          "N" : 0
        },
        "clat_ns" : {
          "min" : 0,
          "max" : 0,
          "mean" : 0.000000,
          "stddev" : 0.000000,
          "N" : 0
        },
        "lat_ns" : {
          "min" : 0,
          "max" : 0,
          "mean" : 0.000000,
          "stddev" : 0.000000,
          "N" : 0
        },
        "bw_min" : 0,
        "bw_max" : 0,
        "bw_agg" : 0.000000,
        "bw_mean" : 0.000000,
        "bw_dev" : 0.000000,
        "bw_samples" : 0,
        "iops_min" : 0,
        "iops_max" : 0,
        "iops_mean" : 0.000000,
        "iops_stddev" : 0.000000,
        "iops_samples" : 0
      },
      "write" : {
        "io_bytes" : 1073741824,
        "io_kbytes" : 1048576,
        "bw_bytes" : 321191093,
        "bw" : 313663,
        "iops" : 76.577924,
        "runtime" : 3343,
        "total_ios" : 256,
        "short_ios" : 0,
        "drop_ios" : 0,
        "slat_ns" : {
          "min" : 7092111,
          "max" : 13763595,
          "mean" : 13022511.234375,
          "stddev" : 585340.940763,
          "N" : 256
        },
        "clat_ns" : {
          "min" : 5409346,
          "max" : 408889373,
          "mean" : 379848909.714844,
          "stddev" : 78779144.348051,
          "N" : 256,
          "percentile" : {
            "1.000000" : 28966912,
            "5.000000" : 158334976,
            "10.000000" : 329252864,
            "20.000000" : 404750336,
            "30.000000" : 404750336,
            "40.000000" : 404750336,
            "50.000000" : 404750336,
            "60.000000" : 404750336,
            "70.000000" : 404750336,
            "80.000000" : 408944640,
            "90.000000" : 408944640,
            "95.000000" : 408944640,
            "99.000000" : 408944640,
            "99.500000" : 408944640,
            "99.900000" : 408944640,
            "99.950000" : 408944640,
            "99.990000" : 408944640
          }
        },
        "lat_ns" : {
          "min" : 17258156,
          "max" : 421235632,
          "mean" : 392871420.949219,
          "stddev" : 78817543.541848,
          "N" : 256
        },
        "bw_min" : 57344,
        "bw_max" : 319488,
        "bw_agg" : 86.621899,
        "bw_mean" : 271701.333333,
        "bw_dev" : 105089.876069,
        "bw_samples" : 6,
        "iops_min" : 14,
        "iops_max" : 78,
        "iops_mean" : 66.333333,
        "iops_stddev" : 25.656708,
        "iops_samples" : 6
      },
      "trim" : {
        "io_bytes" : 0,
        "io_kbytes" : 0,
        "bw_bytes" : 0,
        "bw" : 0,
        "iops" : 0.000000,
        "runtime" : 0,
        "total_ios" : 0,
        "short_ios" : 0,
        "drop_ios" : 0,
        "slat_ns" : {
          "min" : 0,
          "max" : 0,
          "mean" : 0.000000,
          "stddev" : 0.000000,
          "N" : 0
        },
        "clat_ns" : {
          "min" : 0,
          "max" : 0,
          "mean" : 0.000000,
          "stddev" : 0.000000,
          "N" : 0
        },
        "lat_ns" : {
          "min" : 0,
          "max" : 0,
          "mean" : 0.000000,
          "stddev" : 0.000000,
          "N" : 0
        },
        "bw_min" : 0,
        "bw_max" : 0,
        "bw_agg" : 0.000000,
        "bw_mean" : 0.000000,
        "bw_dev" : 0.000000,
        "bw_samples" : 0,
        "iops_min" : 0,
        "iops_max" : 0,
        "iops_mean" : 0.000000,
        "iops_stddev" : 0.000000,
        "iops_samples" : 0
      },
      "sync" : {
        "total_ios" : 0,
        "lat_ns" : {
          "min" : 0,
          "max" : 0,
          "mean" : 0.000000,
          "stddev" : 0.000000,
          "N" : 0
        }
      },
      "job_runtime" : 3342,
      "usr_cpu" : 3.231598,
      "sys_cpu" : 17.624177,
      "ctx" : 14881,
      "majf" : 0,
      "minf" : 10,
      "iodepth_level" : {
        "1" : 0.390625,
        "2" : 0.781250,
        "4" : 1.562500,
        "8" : 3.125000,
        "16" : 6.250000,
        "32" : 87.890625,
        ">=64" : 0.000000
      },
      "iodepth_submit" : {
        "0" : 0.000000,
        "4" : 100.000000,
        "8" : 0.000000,
        "16" : 0.000000,
        "32" : 0.000000,
        "64" : 0.000000,
        ">=64" : 0.000000
      },
      "iodepth_complete" : {
        "0" : 0.000000,
        "4" : 99.557522,
        "8" : 0.000000,
        "16" : 0.000000,
        "32" : 0.442478,
        "64" : 0.000000,
        ">=64" : 0.000000
      },
      "latency_ns" : {
        "2" : 0.000000,
        "4" : 0.000000,
        "10" : 0.000000,
        "20" : 0.000000,
        "50" : 0.000000,
        "100" : 0.000000,
        "250" : 0.000000,
        "500" : 0.000000,
        "750" : 0.000000,
        "1000" : 0.000000
      },
      "latency_us" : {
        "2" : 0.000000,
        "4" : 0.000000,
        "10" : 0.000000,
        "20" : 0.000000,
        "50" : 0.000000,
        "100" : 0.000000,
        "250" : 0.000000,
        "500" : 0.000000,
        "750" : 0.000000,
        "1000" : 0.000000
      },
      "latency_ms" : {
        "2" : 0.000000,
        "4" : 0.000000,
        "10" : 0.390625,
        "20" : 0.390625,
        "50" : 0.781250,
        "100" : 1.562500,
        "250" : 4.296875,
        "500" : 92.578125,
        "750" : 0.000000,
        "1000" : 0.000000,
        "2000" : 0.000000,
        ">=2000" : 0.000000
      },
      "latency_depth" : 32,
      "latency_target" : 0,
      "latency_percentile" : 100.000000,
      "latency_window" : 0
    }
  ],
  "disk_util" : [
    {
      "name" : "sdb",
      "read_ios" : 0,
      "write_ios" : 123954,
      "read_merges" : 0,
      "write_merges" : 7,
      "read_ticks" : 0,
      "write_ticks" : 796265,
      "in_queue" : 796266,
      "util" : 90.607102
    }
  ]
}
