{
  "fio version" : "fio-3.33",
  "timestamp" : 1747283848,
  "timestamp_ms" : 1747283848259,
  "time" : "Thu May 15 07:37:28 2025",
  "jobs" : [
    {
      "jobname" : "randwrite_B4096_Q128_T1",
      "groupid" : 0,
      "error" : 0,
      "eta" : 0,
      "elapsed" : 5,
      "job options" : {
        "rw" : "randwrite",
        "name" : "randwrite_B4096_Q128_T1",
        "bs" : "4096k",
        "iodepth" : "128",
        "numjobs" : "1",
        "runtime" : "10",
        "direct" : "1",
        "ioengine" : "libaio",
        "size" : "1G",
        "filename" : "/mnt/pve/test/write"
      },
      "read" : {
        "io_bytes" : 0,
        "io_kbytes" : 0,
        "bw_bytes" : 0,
        "bw" : 0,
        "iops" : 0.000000,
        "runtime" : 0,
        "total_ios" : 0,
        "short_ios" : 0,
        "drop_ios" : 0,
        "slat_ns" : {
          "min" : 0,
          "max" : 0,
          "mean" : 0.000000,
          "stddev" : 0.000000,
          "N" : 0
        },
        "clat_ns" : {
          "min" : 0,
          "max" : 0,
          "mean" : 0.000000,
          "stddev" : 0.000000,
          "N" : 0
        },
        "lat_ns" : {
          "min" : 0,
          "max" : 0,
          "mean" : 0.000000,
          "stddev" : 0.000000,
          "N" : 0
        },
        "bw_min" : 0,
        "bw_max" : 0,
        "bw_agg" : 0.000000,
        "bw_mean" : 0.000000,
        "bw_dev" : 0.000000,
        "bw_samples" : 0,
        "iops_min" : 0,
        "iops_max" : 0,
        "iops_mean" : 0.000000,
        "iops_stddev" : 0.000000,
        "iops_samples" : 0
      },
      "write" : {
        "io_bytes" : 1073741824,
        "io_kbytes" : 1048576,
        "bw_bytes" : 320328706,
        "bw" : 312821,
        "iops" : 76.372315,
        "runtime" : 3352,
        "total_ios" : 256,
        "short_ios" : 0,
        "drop_ios" : 0,
        "slat_ns" : {
          "min" : 6955180,
          "max" : 18127297,
          "mean" : 13055083.285156,
          "stddev" : 526990.599819,
          "N" : 256
        },
        "clat_ns" : {
          "min" : 6460063,
          "max" : 1666305953,
          "mean" : 1250331347.226562,
          "stddev" : 537277759.258835,
          "N" : 256,
          "percentile" : {
            "1.000000" : 32636928,
            "5.000000" : 162529280,
            "10.000000" : 333447168,
            "20.000000" : 675282944,
            "30.000000" : 1002438656,
            "40.000000" : 1333788672,
            "50.000000" : 1652555776,
            "60.000000" : 1669332992,
            "70.000000" : 1669332992,
            "80.000000" : 1669332992,
            "90.000000" : 1669332992,
            "95.000000" : 1669332992,
            "99.000000" : 1669332992,
            "99.500000" : 1669332992,
            "99.900000" : 1669332992,
            "99.950000" : 1669332992,
            "99.990000" : 1669332992
          }
        },
        "lat_ns" : {
          "min" : 19358608,
          "max" : 1679301652,
          "mean" : 1263386430.511719,
          "stddev" : 537263963.091698,
          "N" : 256
        },
        "bw_min" : 212992,
        "bw_max" : 311296,
        "bw_agg" : 89.037500,
        "bw_mean" : 278528.000000,
        "bw_dev" : 56755.840862,
        "bw_samples" : 3,
        "iops_min" : 52,
        "iops_max" : 76,
        "iops_mean" : 68.000000,
        "iops_stddev" : 13.856406,
        "iops_samples" : 3
      },
      "trim" : {
        "io_bytes" : 0,
        "io_kbytes" : 0,
        "bw_bytes" : 0,
        "bw" : 0,
        "iops" : 0.000000,
        "runtime" : 0,
        "total_ios" : 0,
        "short_ios" : 0,
        "drop_ios" : 0,
        "slat_ns" : {
          "min" : 0,
          "max" : 0,
          "mean" : 0.000000,
          "stddev" : 0.000000,
          "N" : 0
        },
        "clat_ns" : {
          "min" : 0,
          "max" : 0,
          "mean" : 0.000000,
          "stddev" : 0.000000,
          "N" : 0
        },
        "lat_ns" : {
          "min" : 0,
          "max" : 0,
          "mean" : 0.000000,
          "stddev" : 0.000000,
          "N" : 0
        },
        "bw_min" : 0,
        "bw_max" : 0,
        "bw_agg" : 0.000000,
        "bw_mean" : 0.000000,
        "bw_dev" : 0.000000,
        "bw_samples" : 0,
        "iops_min" : 0,
        "iops_max" : 0,
        "iops_mean" : 0.000000,
        "iops_stddev" : 0.000000,
        "iops_samples" : 0
      },
      "sync" : {
        "total_ios" : 0,
        "lat_ns" : {
          "min" : 0,
          "max" : 0,
          "mean" : 0.000000,
          "stddev" : 0.000000,
          "N" : 0
        }
      },
      "job_runtime" : 3351,
      "usr_cpu" : 2.685765,
      "sys_cpu" : 17.547001,
      "ctx" : 15015,
      "majf" : 0,
      "minf" : 12,
      "iodepth_level" : {
        "1" : 0.390625,
        "2" : 0.781250,
        "4" : 1.562500,
        "8" : 3.125000,
        "16" : 6.250000,
        "32" : 12.500000,
        ">=64" : 75.390625
      },
      "iodepth_submit" : {
        "0" : 0.000000,
        "4" : 100.000000,
        "8" : 0.000000,
        "16" : 0.000000,
        "32" : 0.000000,
        "64" : 0.000000,
        ">=64" : 0.000000
      },
      "iodepth_complete" : {
        "0" : 0.000000,
        "4" : 99.230769,
        "8" : 0.000000,
        "16" : 0.000000,
        "32" : 0.000000,
        "64" : 0.000000,
        ">=64" : 0.769231
      },
      "latency_ns" : {
        "2" : 0.000000,
        "4" : 0.000000,
        "10" : 0.000000,
        "20" : 0.000000,
        "50" : 0.000000,
        "100" : 0.000000,
        "250" : 0.000000,
        "500" : 0.000000,
        "750" : 0.000000,
        "1000" : 0.000000
      },
      "latency_us" : {
        "2" : 0.000000,
        "4" : 0.000000,
        "10" : 0.000000,
        "20" : 0.000000,
        "50" : 0.000000,
        "100" : 0.000000,
        "250" : 0.000000,
        "500" : 0.000000,
        "750" : 0.000000,
        "1000" : 0.000000
      },
      "latency_ms" : {
        "2" : 0.000000,
        "4" : 0.000000,
        "10" : 0.390625,
        "20" : 0.390625,
        "50" : 0.781250,
        "100" : 1.562500,
        "250" : 4.296875,
        "500" : 7.421875,
        "750" : 7.421875,
        "1000" : 7.421875,
        "2000" : 70.312500,
        ">=2000" : 0.000000
      },
      "latency_depth" : 128,
      "latency_target" : 0,
      "latency_percentile" : 100.000000,
      "latency_window" : 0
    }
  ],
  "disk_util" : [
    {
      "name" : "sdb",
      "read_ios" : 0,
      "write_ios" : 128580,
      "read_merges" : 0,
      "write_merges" : 0,
      "read_ticks" : 0,
      "write_ticks" : 827381,
      "in_queue" : 827381,
      "util" : 82.389780
    }
  ]
}
