{
  "fio version" : "fio-3.33",
  "timestamp" : 1747284140,
  "timestamp_ms" : 1747284140383,
  "time" : "Thu May 15 07:42:20 2025",
  "jobs" : [
    {
      "jobname" : "randread_B4_Q128_T1",
      "groupid" : 0,
      "error" : 0,
      "eta" : 0,
      "elapsed" : 5,
      "job options" : {
        "rw" : "randread",
        "name" : "randread_B4_Q128_T1",
        "bs" : "4k",
        "iodepth" : "128",
        "numjobs" : "1",
        "runtime" : "10",
        "direct" : "1",
        "ioengine" : "libaio",
        "size" : "1G",
        "filename" : "/mnt/pve/test/write"
      },
      "read" : {
        "io_bytes" : 1073741824,
        "io_kbytes" : 1048576,
        "bw_bytes" : 252883142,
        "bw" : 246956,
        "iops" : 61739.048516,
        "runtime" : 4246,
        "total_ios" : 262144,
        "short_ios" : 0,
        "drop_ios" : 0,
        "slat_ns" : {
          "min" : 2541,
          "max" : 581807,
          "mean" : 11152.975620,
          "stddev" : 11346.338861,
          "N" : 262144
        },
        "clat_ns" : {
          "min" : 273316,
          "max" : 22898167,
          "mean" : 2059236.713589,
          "stddev" : 514555.057573,
          "N" : 262144,
          "percentile" : {
            "1.000000" : 651264,
            "5.000000" : 1286144,
            "10.000000" : 1728512,
            "20.000000" : 1826816,
            "30.000000" : 1875968,
            "40.000000" : 1892352,
            "50.000000" : 1941504,
            "60.000000" : 2113536,
            "70.000000" : 2211840,
            "80.000000" : 2473984,
            "90.000000" : 2539520,
            "95.000000" : 2605056,
            "99.000000" : 3227648,
            "99.500000" : 3457024,
            "99.900000" : 6914048,
            "99.950000" : 8454144,
            "99.990000" : 12779520
          }
        },
        "lat_ns" : {
          "min" : 278895,
          "max" : 22903070,
          "mean" : 2070389.689209,
          "stddev" : 515443.161061,
          "N" : 262144
        },
        "bw_min" : 237448,
        "bw_max" : 254824,
        "bw_agg" : 99.433020,
        "bw_mean" : 245556.000000,
        "bw_dev" : 6502.099881,
        "bw_samples" : 8,
        "iops_min" : 59362,
        "iops_max" : 63706,
        "iops_mean" : 61389.000000,
        "iops_stddev" : 1625.524970,
        "iops_samples" : 8
      },
      "write" : {
        "io_bytes" : 0,
        "io_kbytes" : 0,
        "bw_bytes" : 0,
        "bw" : 0,
        "iops" : 0.000000,
        "runtime" : 0,
        "total_ios" : 0,
        "short_ios" : 0,
        "drop_ios" : 0,
        "slat_ns" : {
          "min" : 0,
          "max" : 0,
          "mean" : 0.000000,
          "stddev" : 0.000000,
          "N" : 0
        },
        "clat_ns" : {
          "min" : 0,
          "max" : 0,
          "mean" : 0.000000,
          "stddev" : 0.000000,
          "N" : 0
        },
        "lat_ns" : {
          "min" : 0,
          "max" : 0,
          "mean" : 0.000000,
          "stddev" : 0.000000,
          "N" : 0
        },
        "bw_min" : 0,
        "bw_max" : 0,
        "bw_agg" : 0.000000,
        "bw_mean" : 0.000000,
        "bw_dev" : 0.000000,
        "bw_samples" : 0,
        "iops_min" : 0,
        "iops_max" : 0,
        "iops_mean" : 0.000000,
        "iops_stddev" : 0.000000,
        "iops_samples" : 0
      },
      "trim" : {
        "io_bytes" : 0,
        "io_kbytes" : 0,
        "bw_bytes" : 0,
        "bw" : 0,
        "iops" : 0.000000,
        "runtime" : 0,
        "total_ios" : 0,
        "short_ios" : 0,
        "drop_ios" : 0,
        "slat_ns" : {
          "min" : 0,
          "max" : 0,
          "mean" : 0.000000,
          "stddev" : 0.000000,
          "N" : 0
        },
        "clat_ns" : {
          "min" : 0,
          "max" : 0,
          "mean" : 0.000000,
          "stddev" : 0.000000,
          "N" : 0
        },
        "lat_ns" : {
          "min" : 0,
          "max" : 0,
          "mean" : 0.000000,
          "stddev" : 0.000000,
          "N" : 0
        },
        "bw_min" : 0,
        "bw_max" : 0,
        "bw_agg" : 0.000000,
        "bw_mean" : 0.000000,
        "bw_dev" : 0.000000,
        "bw_samples" : 0,
        "iops_min" : 0,
        "iops_max" : 0,
        "iops_mean" : 0.000000,
        "iops_stddev" : 0.000000,
        "iops_samples" : 0
      },
      "sync" : {
        "total_ios" : 0,
        "lat_ns" : {
          "min" : 0,
          "max" : 0,
          "mean" : 0.000000,
          "stddev" : 0.000000,
          "N" : 0
        }
      },
      "job_runtime" : 4245,
      "usr_cpu" : 16.678445,
      "sys_cpu" : 60.753828,
      "ctx" : 116810,
      "majf" : 0,
      "minf" : 139,
      "iodepth_level" : {
        "1" : 0.100000,
        "2" : 0.100000,
        "4" : 0.100000,
        "8" : 0.100000,
        "16" : 0.100000,
        "32" : 0.100000,
        ">=64" : 99.975967
      },
      "iodepth_submit" : {
        "0" : 0.000000,
        "4" : 100.000000,
        "8" : 0.000000,
        "16" : 0.000000,
        "32" : 0.000000,
        "64" : 0.000000,
        ">=64" : 0.000000
      },
      "iodepth_complete" : {
        "0" : 0.000000,
        "4" : 99.999618,
        "8" : 0.000000,
        "16" : 0.000000,
        "32" : 0.000000,
        "64" : 0.000000,
        ">=64" : 0.100000
      },
      "latency_ns" : {
        "2" : 0.000000,
        "4" : 0.000000,
        "10" : 0.000000,
        "20" : 0.000000,
        "50" : 0.000000,
        "100" : 0.000000,
        "250" : 0.000000,
        "500" : 0.000000,
        "750" : 0.000000,
        "1000" : 0.000000
      },
      "latency_us" : {
        "2" : 0.000000,
        "4" : 0.000000,
        "10" : 0.000000,
        "20" : 0.000000,
        "50" : 0.000000,
        "100" : 0.000000,
        "250" : 0.000000,
        "500" : 0.291443,
        "750" : 1.335144,
        "1000" : 1.338577
      },
      "latency_ms" : {
        "2" : 51.274490,
        "4" : 45.467758,
        "10" : 0.265121,
        "20" : 0.026321,
        "50" : 0.010000,
        "100" : 0.000000,
        "250" : 0.000000,
        "500" : 0.000000,
        "750" : 0.000000,
        "1000" : 0.000000,
        "2000" : 0.000000,
        ">=2000" : 0.000000
      },
      "latency_depth" : 128,
      "latency_target" : 0,
      "latency_percentile" : 100.000000,
      "latency_window" : 0
    }
  ],
  "disk_util" : [
    {
      "name" : "sdb",
      "read_ios" : 254996,
      "write_ios" : 0,
      "read_merges" : 198,
      "write_merges" : 0,
      "read_ticks" : 158190,
      "write_ticks" : 0,
      "in_queue" : 158190,
      "util" : 97.690858
    }
  ]
}
