{
  "fio version" : "fio-3.33",
  "timestamp" : 1747283973,
  "timestamp_ms" : 1747283973479,
  "time" : "Thu May 15 07:39:33 2025",
  "jobs" : [
    {
      "jobname" : "randread_B4_Q32_T1",
      "groupid" : 0,
      "error" : 0,
      "eta" : 0,
      "elapsed" : 5,
      "job options" : {
        "rw" : "randread",
        "name" : "randread_B4_Q32_T1",
        "bs" : "4k",
        "iodepth" : "32",
        "numjobs" : "1",
        "runtime" : "10",
        "direct" : "1",
        "ioengine" : "libaio",
        "size" : "1G",
        "filename" : "/mnt/pve/test/write"
      },
      "read" : {
        "io_bytes" : 1073741824,
        "io_kbytes" : 1048576,
        "bw_bytes" : 251638580,
        "bw" : 245740,
        "iops" : 61435.200375,
        "runtime" : 4267,
        "total_ios" : 262144,
        "short_ios" : 0,
        "drop_ios" : 0,
        "slat_ns" : {
          "min" : 2593,
          "max" : 522231,
          "mean" : 10271.733475,
          "stddev" : 9104.932813,
          "N" : 262144
        },
        "clat_ns" : {
          "min" : 131431,
          "max" : 1216247,
          "mean" : 509369.028679,
          "stddev" : 73516.498741,
          "N" : 262144,
          "percentile" : {
            "1.000000" : 346112,
            "5.000000" : 399360,
            "10.000000" : 419840,
            "20.000000" : 444416,
            "30.000000" : 464896,
            "40.000000" : 489472,
            "50.000000" : 514048,
            "60.000000" : 536576,
            "70.000000" : 552960,
            "80.000000" : 569344,
            "90.000000" : 593920,
            "95.000000" : 610304,
            "99.000000" : 667648,
            "99.500000" : 716800,
            "99.900000" : 1003520,
            "99.950000" : 1028096,
            "99.990000" : 1089536
          }
        },
        "lat_ns" : {
          "min" : 137515,
          "max" : 1219469,
          "mean" : 519640.762154,
          "stddev" : 74099.170070,
          "N" : 262144
        },
        "bw_min" : 225256,
        "bw_max" : 266968,
        "bw_agg" : 100.000000,
        "bw_mean" : 246011.000000,
        "bw_dev" : 12898.267746,
        "bw_samples" : 8,
        "iops_min" : 56314,
        "iops_max" : 66742,
        "iops_mean" : 61502.750000,
        "iops_stddev" : 3224.345593,
        "iops_samples" : 8
      },
      "write" : {
        "io_bytes" : 0,
        "io_kbytes" : 0,
        "bw_bytes" : 0,
        "bw" : 0,
        "iops" : 0.000000,
        "runtime" : 0,
        "total_ios" : 0,
        "short_ios" : 0,
        "drop_ios" : 0,
        "slat_ns" : {
          "min" : 0,
          "max" : 0,
          "mean" : 0.000000,
          "stddev" : 0.000000,
          "N" : 0
        },
        "clat_ns" : {
          "min" : 0,
          "max" : 0,
          "mean" : 0.000000,
          "stddev" : 0.000000,
          "N" : 0
        },
        "lat_ns" : {
          "min" : 0,
          "max" : 0,
          "mean" : 0.000000,
          "stddev" : 0.000000,
          "N" : 0
        },
        "bw_min" : 0,
        "bw_max" : 0,
        "bw_agg" : 0.000000,
        "bw_mean" : 0.000000,
        "bw_dev" : 0.000000,
        "bw_samples" : 0,
        "iops_min" : 0,
        "iops_max" : 0,
        "iops_mean" : 0.000000,
        "iops_stddev" : 0.000000,
        "iops_samples" : 0
      },
      "trim" : {
        "io_bytes" : 0,
        "io_kbytes" : 0,
        "bw_bytes" : 0,
        "bw" : 0,
        "iops" : 0.000000,
        "runtime" : 0,
        "total_ios" : 0,
        "short_ios" : 0,
        "drop_ios" : 0,
        "slat_ns" : {
          "min" : 0,
          "max" : 0,
          "mean" : 0.000000,
          "stddev" : 0.000000,
          "N" : 0
        },
        "clat_ns" : {
          "min" : 0,
          "max" : 0,
          "mean" : 0.000000,
          "stddev" : 0.000000,
          "N" : 0
        },
        "lat_ns" : {
          "min" : 0,
          "max" : 0,
          "mean" : 0.000000,
          "stddev" : 0.000000,
          "N" : 0
        },
        "bw_min" : 0,
        "bw_max" : 0,
        "bw_agg" : 0.000000,
        "bw_mean" : 0.000000,
        "bw_dev" : 0.000000,
        "bw_samples" : 0,
        "iops_min" : 0,
        "iops_max" : 0,
        "iops_mean" : 0.000000,
        "iops_stddev" : 0.000000,
        "iops_samples" : 0
      },
      "sync" : {
        "total_ios" : 0,
        "lat_ns" : {
          "min" : 0,
          "max" : 0,
          "mean" : 0.000000,
          "stddev" : 0.000000,
          "N" : 0
        }
      },
      "job_runtime" : 4266,
      "usr_cpu" : 17.909048,
      "sys_cpu" : 63.783404,
      "ctx" : 24101,
      "majf" : 0,
      "minf" : 88,
      "iodepth_level" : {
        "1" : 0.100000,
        "2" : 0.100000,
        "4" : 0.100000,
        "8" : 0.100000,
        "16" : 0.100000,
        "32" : 99.988174,
        ">=64" : 0.000000
      },
      "iodepth_submit" : {
        "0" : 0.000000,
        "4" : 100.000000,
        "8" : 0.000000,
        "16" : 0.000000,
        "32" : 0.000000,
        "64" : 0.000000,
        ">=64" : 0.000000
      },
      "iodepth_complete" : {
        "0" : 0.000000,
        "4" : 99.999618,
        "8" : 0.000000,
        "16" : 0.000000,
        "32" : 0.100000,
        "64" : 0.000000,
        ">=64" : 0.000000
      },
      "latency_ns" : {
        "2" : 0.000000,
        "4" : 0.000000,
        "10" : 0.000000,
        "20" : 0.000000,
        "50" : 0.000000,
        "100" : 0.000000,
        "250" : 0.000000,
        "500" : 0.000000,
        "750" : 0.000000,
        "1000" : 0.000000
      },
      "latency_us" : {
        "2" : 0.000000,
        "4" : 0.000000,
        "10" : 0.000000,
        "20" : 0.000000,
        "50" : 0.000000,
        "100" : 0.000000,
        "250" : 0.086212,
        "500" : 43.550491,
        "750" : 55.931091,
        "1000" : 0.328827
      },
      "latency_ms" : {
        "2" : 0.103378,
        "4" : 0.000000,
        "10" : 0.000000,
        "20" : 0.000000,
        "50" : 0.000000,
        "100" : 0.000000,
        "250" : 0.000000,
        "500" : 0.000000,
        "750" : 0.000000,
        "1000" : 0.000000,
        "2000" : 0.000000,
        ">=2000" : 0.000000
      },
      "latency_depth" : 32,
      "latency_target" : 0,
      "latency_percentile" : 100.000000,
      "latency_window" : 0
    }
  ],
  "disk_util" : [
    {
      "name" : "sdb",
      "read_ios" : 254390,
      "write_ios" : 0,
      "read_merges" : 10,
      "write_merges" : 0,
      "read_ticks" : 85201,
      "write_ticks" : 0,
      "in_queue" : 85201,
      "util" : 97.736383
    }
  ]
}
