{
  "fio version" : "fio-3.33",
  "timestamp" : 1747283745,
  "timestamp_ms" : 1747283745822,
  "time" : "Thu May 15 07:35:45 2025",
  "jobs" : [
    {
      "jobname" : "read_B4096_Q128_T1",
      "groupid" : 0,
      "error" : 0,
      "eta" : 0,
      "elapsed" : 4,
      "job options" : {
        "rw" : "read",
        "name" : "read_B4096_Q128_T1",
        "bs" : "4096k",
        "iodepth" : "128",
        "numjobs" : "1",
        "runtime" : "10",
        "direct" : "1",
        "ioengine" : "libaio",
        "size" : "1G",
        "filename" : "/mnt/pve/test/write"
      },
      "read" : {
        "io_bytes" : 1073741824,
        "io_kbytes" : 1048576,
        "bw_bytes" : 316364709,
        "bw" : 308949,
        "iops" : 75.427225,
        "runtime" : 3394,
        "total_ios" : 256,
        "short_ios" : 0,
        "drop_ios" : 0,
        "slat_ns" : {
          "min" : 8049928,
          "max" : 16121857,
          "mean" : 13227425.113281,
          "stddev" : 1652887.558967,
          "N" : 256
        },
        "clat_ns" : {
          "min" : 5358720,
          "max" : 1865800313,
          "mean" : 1219071639.734376,
          "stddev" : 562333723.093440,
          "N" : 256,
          "percentile" : {
            "1.000000" : 27394048,
            "5.000000" : 147849216,
            "10.000000" : 299892736,
            "20.000000" : 608174080,
            "30.000000" : 901775360,
            "40.000000" : 1216348160,
            "50.000000" : 1501560832,
            "60.000000" : 1568669696,
            "70.000000" : 1635778560,
            "80.000000" : 1719664640,
            "90.000000" : 1786773504,
            "95.000000" : 1837105152,
            "99.000000" : 1853882368,
            "99.500000" : 1870659584,
            "99.900000" : 1870659584,
            "99.950000" : 1870659584,
            "99.990000" : 1870659584
          }
        },
        "lat_ns" : {
          "min" : 16363107,
          "max" : 1877560162,
          "mean" : 1232299064.847657,
          "stddev" : 563495576.650700,
          "N" : 256
        },
        "bw_min" : 90112,
        "bw_max" : 352256,
        "bw_agg" : 84.850000,
        "bw_mean" : 262144.000000,
        "bw_dev" : 149040.377026,
        "bw_samples" : 3,
        "iops_min" : 22,
        "iops_max" : 86,
        "iops_mean" : 64.000000,
        "iops_stddev" : 36.386811,
        "iops_samples" : 3
      },
      "write" : {
        "io_bytes" : 0,
        "io_kbytes" : 0,
        "bw_bytes" : 0,
        "bw" : 0,
        "iops" : 0.000000,
        "runtime" : 0,
        "total_ios" : 0,
        "short_ios" : 0,
        "drop_ios" : 0,
        "slat_ns" : {
          "min" : 0,
          "max" : 0,
          "mean" : 0.000000,
          "stddev" : 0.000000,
          "N" : 0
        },
        "clat_ns" : {
          "min" : 0,
          "max" : 0,
          "mean" : 0.000000,
          "stddev" : 0.000000,
          "N" : 0
        },
        "lat_ns" : {
          "min" : 0,
          "max" : 0,
          "mean" : 0.000000,
          "stddev" : 0.000000,
          "N" : 0
        },
        "bw_min" : 0,
        "bw_max" : 0,
        "bw_agg" : 0.000000,
        "bw_mean" : 0.000000,
        "bw_dev" : 0.000000,
        "bw_samples" : 0,
        "iops_min" : 0,
        "iops_max" : 0,
        "iops_mean" : 0.000000,
        "iops_stddev" : 0.000000,
        "iops_samples" : 0
      },
      "trim" : {
        "io_bytes" : 0,
        "io_kbytes" : 0,
        "bw_bytes" : 0,
        "bw" : 0,
        "iops" : 0.000000,
        "runtime" : 0,
        "total_ios" : 0,
        "short_ios" : 0,
        "drop_ios" : 0,
        "slat_ns" : {
          "min" : 0,
          "max" : 0,
          "mean" : 0.000000,
          "stddev" : 0.000000,
          "N" : 0
        },
        "clat_ns" : {
          "min" : 0,
          "max" : 0,
          "mean" : 0.000000,
          "stddev" : 0.000000,
          "N" : 0
        },
        "lat_ns" : {
          "min" : 0,
          "max" : 0,
          "mean" : 0.000000,
          "stddev" : 0.000000,
          "N" : 0
        },
        "bw_min" : 0,
        "bw_max" : 0,
        "bw_agg" : 0.000000,
        "bw_mean" : 0.000000,
        "bw_dev" : 0.000000,
        "bw_samples" : 0,
        "iops_min" : 0,
        "iops_max" : 0,
        "iops_mean" : 0.000000,
        "iops_stddev" : 0.000000,
        "iops_samples" : 0
      },
      "sync" : {
        "total_ios" : 0,
        "lat_ns" : {
          "min" : 0,
          "max" : 0,
          "mean" : 0.000000,
          "stddev" : 0.000000,
          "N" : 0
        }
      },
      "job_runtime" : 3394,
      "usr_cpu" : 0.029464,
      "sys_cpu" : 30.023571,
      "ctx" : 14180,
      "majf" : 0,
      "minf" : 131084,
      "iodepth_level" : {
        "1" : 0.390625,
        "2" : 0.781250,
        "4" : 1.562500,
        "8" : 3.125000,
        "16" : 6.250000,
        "32" : 12.500000,
        ">=64" : 75.390625
      },
      "iodepth_submit" : {
        "0" : 0.000000,
        "4" : 100.000000,
        "8" : 0.000000,
        "16" : 0.000000,
        "32" : 0.000000,
        "64" : 0.000000,
        ">=64" : 0.000000
      },
      "iodepth_complete" : {
        "0" : 0.000000,
        "4" : 99.230769,
        "8" : 0.000000,
        "16" : 0.000000,
        "32" : 0.000000,
        "64" : 0.000000,
        ">=64" : 0.769231
      },
      "latency_ns" : {
        "2" : 0.000000,
        "4" : 0.000000,
        "10" : 0.000000,
        "20" : 0.000000,
        "50" : 0.000000,
        "100" : 0.000000,
        "250" : 0.000000,
        "500" : 0.000000,
        "750" : 0.000000,
        "1000" : 0.000000
      },
      "latency_us" : {
        "2" : 0.000000,
        "4" : 0.000000,
        "10" : 0.000000,
        "20" : 0.000000,
        "50" : 0.000000,
        "100" : 0.000000,
        "250" : 0.000000,
        "500" : 0.000000,
        "750" : 0.000000,
        "1000" : 0.000000
      },
      "latency_ms" : {
        "2" : 0.000000,
        "4" : 0.000000,
        "10" : 0.390625,
        "20" : 0.390625,
        "50" : 0.781250,
        "100" : 1.562500,
        "250" : 5.078125,
        "500" : 8.203125,
        "750" : 8.203125,
        "1000" : 8.593750,
        "2000" : 66.796875,
        ">=2000" : 0.000000
      },
      "latency_depth" : 128,
      "latency_target" : 0,
      "latency_percentile" : 100.000000,
      "latency_window" : 0
    }
  ],
  "disk_util" : [
    {
      "name" : "sdb",
      "read_ios" : 120322,
      "write_ios" : 0,
      "read_merges" : 0,
      "write_merges" : 0,
      "read_ticks" : 777015,
      "write_ticks" : 0,
      "in_queue" : 777015,
      "util" : 93.773120
    }
  ]
}
