{
  "fio version" : "fio-3.33",
  "timestamp" : 1747284245,
  "timestamp_ms" : 1747284245489,
  "time" : "Thu May 15 07:44:05 2025",
  "jobs" : [
    {
      "jobname" : "read_B4_Q32_T1",
      "groupid" : 0,
      "error" : 0,
      "eta" : 0,
      "elapsed" : 5,
      "job options" : {
        "rw" : "read",
        "name" : "read_B4_Q32_T1",
        "bs" : "4k",
        "iodepth" : "32",
        "numjobs" : "1",
        "runtime" : "10",
        "direct" : "1",
        "ioengine" : "libaio",
        "size" : "1G",
        "filename" : "/mnt/pve/test/write"
      },
      "read" : {
        "io_bytes" : 1073741824,
        "io_kbytes" : 1048576,
        "bw_bytes" : 226623432,
        "bw" : 221311,
        "iops" : 55327.986492,
        "runtime" : 4738,
        "total_ios" : 262144,
        "short_ios" : 0,
        "drop_ios" : 0,
        "slat_ns" : {
          "min" : 2323,
          "max" : 620286,
          "mean" : 12051.850643,
          "stddev" : 7347.164633,
          "N" : 262144
        },
        "clat_ns" : {
          "min" : 112601,
          "max" : 3166335,
          "mean" : 565175.179009,
          "stddev" : 168913.162593,
          "N" : 262144,
          "percentile" : {
            "1.000000" : 246784,
            "5.000000" : 333824,
            "10.000000" : 391168,
            "20.000000" : 448512,
            "30.000000" : 477184,
            "40.000000" : 505856,
            "50.000000" : 544768,
            "60.000000" : 577536,
            "70.000000" : 626688,
            "80.000000" : 667648,
            "90.000000" : 741376,
            "95.000000" : 905216,
            "99.000000" : 1122304,
            "99.500000" : 1187840,
            "99.900000" : 1351680,
            "99.950000" : 1466368,
            "99.990000" : 2703360
          }
        },
        "lat_ns" : {
          "min" : 126194,
          "max" : 3182357,
          "mean" : 577227.029652,
          "stddev" : 168897.812395,
          "N" : 262144
        },
        "bw_min" : 196360,
        "bw_max" : 247472,
        "bw_agg" : 100.000000,
        "bw_mean" : 222506.666667,
        "bw_dev" : 16561.841444,
        "bw_samples" : 9,
        "iops_min" : 49090,
        "iops_max" : 61868,
        "iops_mean" : 55626.666667,
        "iops_stddev" : 4140.460361,
        "iops_samples" : 9
      },
      "write" : {
        "io_bytes" : 0,
        "io_kbytes" : 0,
        "bw_bytes" : 0,
        "bw" : 0,
        "iops" : 0.000000,
        "runtime" : 0,
        "total_ios" : 0,
        "short_ios" : 0,
        "drop_ios" : 0,
        "slat_ns" : {
          "min" : 0,
          "max" : 0,
          "mean" : 0.000000,
          "stddev" : 0.000000,
          "N" : 0
        },
        "clat_ns" : {
          "min" : 0,
          "max" : 0,
          "mean" : 0.000000,
          "stddev" : 0.000000,
          "N" : 0
        },
        "lat_ns" : {
          "min" : 0,
          "max" : 0,
          "mean" : 0.000000,
          "stddev" : 0.000000,
          "N" : 0
        },
        "bw_min" : 0,
        "bw_max" : 0,
        "bw_agg" : 0.000000,
        "bw_mean" : 0.000000,
        "bw_dev" : 0.000000,
        "bw_samples" : 0,
        "iops_min" : 0,
        "iops_max" : 0,
        "iops_mean" : 0.000000,
        "iops_stddev" : 0.000000,
        "iops_samples" : 0
      },
      "trim" : {
        "io_bytes" : 0,
        "io_kbytes" : 0,
        "bw_bytes" : 0,
        "bw" : 0,
        "iops" : 0.000000,
        "runtime" : 0,
        "total_ios" : 0,
        "short_ios" : 0,
        "drop_ios" : 0,
        "slat_ns" : {
          "min" : 0,
          "max" : 0,
          "mean" : 0.000000,
          "stddev" : 0.000000,
          "N" : 0
        },
        "clat_ns" : {
          "min" : 0,
          "max" : 0,
          "mean" : 0.000000,
          "stddev" : 0.000000,
          "N" : 0
        },
        "lat_ns" : {
          "min" : 0,
          "max" : 0,
          "mean" : 0.000000,
          "stddev" : 0.000000,
          "N" : 0
        },
        "bw_min" : 0,
        "bw_max" : 0,
        "bw_agg" : 0.000000,
        "bw_mean" : 0.000000,
        "bw_dev" : 0.000000,
        "bw_samples" : 0,
        "iops_min" : 0,
        "iops_max" : 0,
        "iops_mean" : 0.000000,
        "iops_stddev" : 0.000000,
        "iops_samples" : 0
      },
      "sync" : {
        "total_ios" : 0,
        "lat_ns" : {
          "min" : 0,
          "max" : 0,
          "mean" : 0.000000,
          "stddev" : 0.000000,
          "N" : 0
        }
      },
      "job_runtime" : 4737,
      "usr_cpu" : 18.788263,
      "sys_cpu" : 68.439941,
      "ctx" : 13825,
      "majf" : 0,
      "minf" : 47,
      "iodepth_level" : {
        "1" : 0.100000,
        "2" : 0.100000,
        "4" : 0.100000,
        "8" : 0.100000,
        "16" : 0.100000,
        "32" : 99.988174,
        ">=64" : 0.000000
      },
      "iodepth_submit" : {
        "0" : 0.000000,
        "4" : 100.000000,
        "8" : 0.000000,
        "16" : 0.000000,
        "32" : 0.000000,
        "64" : 0.000000,
        ">=64" : 0.000000
      },
      "iodepth_complete" : {
        "0" : 0.000000,
        "4" : 99.999618,
        "8" : 0.000000,
        "16" : 0.000000,
        "32" : 0.100000,
        "64" : 0.000000,
        ">=64" : 0.000000
      },
      "latency_ns" : {
        "2" : 0.000000,
        "4" : 0.000000,
        "10" : 0.000000,
        "20" : 0.000000,
        "50" : 0.000000,
        "100" : 0.000000,
        "250" : 0.000000,
        "500" : 0.000000,
        "750" : 0.000000,
        "1000" : 0.000000
      },
      "latency_us" : {
        "2" : 0.000000,
        "4" : 0.000000,
        "10" : 0.000000,
        "20" : 0.000000,
        "50" : 0.000000,
        "100" : 0.000000,
        "250" : 1.125336,
        "500" : 37.704086,
        "750" : 51.625443,
        "1000" : 6.657410
      },
      "latency_ms" : {
        "2" : 2.875519,
        "4" : 0.012207,
        "10" : 0.000000,
        "20" : 0.000000,
        "50" : 0.000000,
        "100" : 0.000000,
        "250" : 0.000000,
        "500" : 0.000000,
        "750" : 0.000000,
        "1000" : 0.000000,
        "2000" : 0.000000,
        ">=2000" : 0.000000
      },
      "latency_depth" : 32,
      "latency_target" : 0,
      "latency_percentile" : 100.000000,
      "latency_window" : 0
    }
  ],
  "disk_util" : [
    {
      "name" : "sdb",
      "read_ios" : 243137,
      "write_ios" : 0,
      "read_merges" : 14140,
      "write_merges" : 0,
      "read_ticks" : 81230,
      "write_ticks" : 0,
      "in_queue" : 81230,
      "util" : 97.954450
    }
  ]
}
