{
  "fio version" : "fio-3.33",
  "timestamp" : 1747283865,
  "timestamp_ms" : 1747283865929,
  "time" : "Thu May 15 07:37:45 2025",
  "jobs" : [
    {
      "jobname" : "write_B4_Q32_T1",
      "groupid" : 0,
      "error" : 0,
      "eta" : 0,
      "elapsed" : 7,
      "job options" : {
        "rw" : "write",
        "name" : "write_B4_Q32_T1",
        "bs" : "4k",
        "iodepth" : "32",
        "numjobs" : "1",
        "runtime" : "10",
        "direct" : "1",
        "ioengine" : "libaio",
        "size" : "1G",
        "filename" : "/mnt/pve/test/write"
      },
      "read" : {
        "io_bytes" : 0,
        "io_kbytes" : 0,
        "bw_bytes" : 0,
        "bw" : 0,
        "iops" : 0.000000,
        "runtime" : 0,
        "total_ios" : 0,
        "short_ios" : 0,
        "drop_ios" : 0,
        "slat_ns" : {
          "min" : 0,
          "max" : 0,
          "mean" : 0.000000,
          "stddev" : 0.000000,
          "N" : 0
        },
        "clat_ns" : {
          "min" : 0,
          "max" : 0,
          "mean" : 0.000000,
          "stddev" : 0.000000,
          "N" : 0
        },
        "lat_ns" : {
          "min" : 0,
          "max" : 0,
          "mean" : 0.000000,
          "stddev" : 0.000000,
          "N" : 0
        },
        "bw_min" : 0,
        "bw_max" : 0,
        "bw_agg" : 0.000000,
        "bw_mean" : 0.000000,
        "bw_dev" : 0.000000,
        "bw_samples" : 0,
        "iops_min" : 0,
        "iops_max" : 0,
        "iops_mean" : 0.000000,
        "iops_stddev" : 0.000000,
        "iops_samples" : 0
      },
      "write" : {
        "io_bytes" : 1073741824,
        "io_kbytes" : 1048576,
        "bw_bytes" : 157002752,
        "bw" : 153323,
        "iops" : 38330.750110,
        "runtime" : 6839,
        "total_ios" : 262144,
        "short_ios" : 0,
        "drop_ios" : 0,
        "slat_ns" : {
          "min" : 2531,
          "max" : 965153,
          "mean" : 19546.197567,
          "stddev" : 12404.385477,
          "N" : 262144
        },
        "clat_ns" : {
          "min" : 54173,
          "max" : 1956687,
          "mean" : 813713.494839,
          "stddev" : 185438.841330,
          "N" : 262144,
          "percentile" : {
            "1.000000" : 473088,
            "5.000000" : 544768,
            "10.000000" : 577536,
            "20.000000" : 610304,
            "30.000000" : 651264,
            "40.000000" : 741376,
            "50.000000" : 856064,
            "60.000000" : 954368,
            "70.000000" : 970752,
            "80.000000" : 987136,
            "90.000000" : 1003520,
            "95.000000" : 1019904,
            "99.000000" : 1122304,
            "99.500000" : 1269760,
            "99.900000" : 1482752,
            "99.950000" : 1630208,
            "99.990000" : 1925120
          }
        },
        "lat_ns" : {
          "min" : 67702,
          "max" : 1968478,
          "mean" : 833259.692406,
          "stddev" : 188938.561968,
          "N" : 262144
        },
        "bw_min" : 137552,
        "bw_max" : 205968,
        "bw_agg" : 100.000000,
        "bw_mean" : 154121.230769,
        "bw_dev" : 23661.182579,
        "bw_samples" : 13,
        "iops_min" : 34388,
        "iops_max" : 51492,
        "iops_mean" : 38530.307692,
        "iops_stddev" : 5915.295645,
        "iops_samples" : 13
      },
      "trim" : {
        "io_bytes" : 0,
        "io_kbytes" : 0,
        "bw_bytes" : 0,
        "bw" : 0,
        "iops" : 0.000000,
        "runtime" : 0,
        "total_ios" : 0,
        "short_ios" : 0,
        "drop_ios" : 0,
        "slat_ns" : {
          "min" : 0,
          "max" : 0,
          "mean" : 0.000000,
          "stddev" : 0.000000,
          "N" : 0
        },
        "clat_ns" : {
          "min" : 0,
          "max" : 0,
          "mean" : 0.000000,
          "stddev" : 0.000000,
          "N" : 0
        },
        "lat_ns" : {
          "min" : 0,
          "max" : 0,
          "mean" : 0.000000,
          "stddev" : 0.000000,
          "N" : 0
        },
        "bw_min" : 0,
        "bw_max" : 0,
        "bw_agg" : 0.000000,
        "bw_mean" : 0.000000,
        "bw_dev" : 0.000000,
        "bw_samples" : 0,
        "iops_min" : 0,
        "iops_max" : 0,
        "iops_mean" : 0.000000,
        "iops_stddev" : 0.000000,
        "iops_samples" : 0
      },
      "sync" : {
        "total_ios" : 0,
        "lat_ns" : {
          "min" : 0,
          "max" : 0,
          "mean" : 0.000000,
          "stddev" : 0.000000,
          "N" : 0
        }
      },
      "job_runtime" : 6838,
      "usr_cpu" : 16.071951,
      "sys_cpu" : 64.814273,
      "ctx" : 169097,
      "majf" : 0,
      "minf" : 67,
      "iodepth_level" : {
        "1" : 0.100000,
        "2" : 0.100000,
        "4" : 0.100000,
        "8" : 0.100000,
        "16" : 0.100000,
        "32" : 99.988174,
        ">=64" : 0.000000
      },
      "iodepth_submit" : {
        "0" : 0.000000,
        "4" : 100.000000,
        "8" : 0.000000,
        "16" : 0.000000,
        "32" : 0.000000,
        "64" : 0.000000,
        ">=64" : 0.000000
      },
      "iodepth_complete" : {
        "0" : 0.000000,
        "4" : 99.999618,
        "8" : 0.000000,
        "16" : 0.000000,
        "32" : 0.100000,
        "64" : 0.000000,
        ">=64" : 0.000000
      },
      "latency_ns" : {
        "2" : 0.000000,
        "4" : 0.000000,
        "10" : 0.000000,
        "20" : 0.000000,
        "50" : 0.000000,
        "100" : 0.000000,
        "250" : 0.000000,
        "500" : 0.000000,
        "750" : 0.000000,
        "1000" : 0.000000
      },
      "latency_us" : {
        "2" : 0.000000,
        "4" : 0.000000,
        "10" : 0.000000,
        "20" : 0.000000,
        "50" : 0.000000,
        "100" : 0.010000,
        "250" : 0.010000,
        "500" : 2.278137,
        "750" : 38.534546,
        "1000" : 48.451614
      },
      "latency_ms" : {
        "2" : 10.732269,
        "4" : 0.000000,
        "10" : 0.000000,
        "20" : 0.000000,
        "50" : 0.000000,
        "100" : 0.000000,
        "250" : 0.000000,
        "500" : 0.000000,
        "750" : 0.000000,
        "1000" : 0.000000,
        "2000" : 0.000000,
        ">=2000" : 0.000000
      },
      "latency_depth" : 32,
      "latency_target" : 0,
      "latency_percentile" : 100.000000,
      "latency_window" : 0
    }
  ],
  "disk_util" : [
    {
      "name" : "sdb",
      "read_ios" : 0,
      "write_ios" : 253197,
      "read_merges" : 0,
      "write_merges" : 1878,
      "read_ticks" : 0,
      "write_ticks" : 24515,
      "in_queue" : 24515,
      "util" : 98.575668
    }
  ]
}
