{
  "fio version" : "fio-3.33",
  "timestamp" : 1747285727,
  "timestamp_ms" : 1747285727175,
  "time" : "Thu May 15 08:08:47 2025",
  "jobs" : [
    {
      "jobname" : "randread_B8_Q128_T1",
      "groupid" : 0,
      "error" : 0,
      "eta" : 0,
      "elapsed" : 4,
      "job options" : {
        "rw" : "randread",
        "name" : "randread_B8_Q128_T1",
        "bs" : "8k",
        "iodepth" : "128",
        "numjobs" : "1",
        "runtime" : "10",
        "direct" : "1",
        "ioengine" : "libaio",
        "size" : "1G",
        "filename" : "/mnt/pve/test/write"
      },
      "read" : {
        "io_bytes" : 1073741824,
        "io_kbytes" : 1048576,
        "bw_bytes" : 368097985,
        "bw" : 359470,
        "iops" : 44933.836133,
        "runtime" : 2917,
        "total_ios" : 131072,
        "short_ios" : 0,
        "drop_ios" : 0,
        "slat_ns" : {
          "min" : 2679,
          "max" : 593918,
          "mean" : 14128.956001,
          "stddev" : 14681.304792,
          "N" : 131072
        },
        "clat_ns" : {
          "min" : 416775,
          "max" : 27062212,
          "mean" : 2830381.008179,
          "stddev" : 1127038.091661,
          "N" : 131072,
          "percentile" : {
            "1.000000" : 733184,
            "5.000000" : 1089536,
            "10.000000" : 1515520,
            "20.000000" : 2277376,
            "30.000000" : 2768896,
            "40.000000" : 2801664,
            "50.000000" : 2834432,
            "60.000000" : 2834432,
            "70.000000" : 2867200,
            "80.000000" : 3129344,
            "90.000000" : 3948544,
            "95.000000" : 4423680,
            "99.000000" : 5734400,
            "99.500000" : 8355840,
            "99.900000" : 14221312,
            "99.950000" : 16449536,
            "99.990000" : 21102592
          }
        },
        "lat_ns" : {
          "min" : 433588,
          "max" : 27080974,
          "mean" : 2844509.964180,
          "stddev" : 1127066.506059,
          "N" : 131072
        },
        "bw_min" : 356720,
        "bw_max" : 359296,
        "bw_agg" : 99.756395,
        "bw_mean" : 358595.200000,
        "bw_dev" : 1076.313709,
        "bw_samples" : 5,
        "iops_min" : 44590,
        "iops_max" : 44912,
        "iops_mean" : 44824.400000,
        "iops_stddev" : 134.539214,
        "iops_samples" : 5
      },
      "write" : {
        "io_bytes" : 0,
        "io_kbytes" : 0,
        "bw_bytes" : 0,
        "bw" : 0,
        "iops" : 0.000000,
        "runtime" : 0,
        "total_ios" : 0,
        "short_ios" : 0,
        "drop_ios" : 0,
        "slat_ns" : {
          "min" : 0,
          "max" : 0,
          "mean" : 0.000000,
          "stddev" : 0.000000,
          "N" : 0
        },
        "clat_ns" : {
          "min" : 0,
          "max" : 0,
          "mean" : 0.000000,
          "stddev" : 0.000000,
          "N" : 0
        },
        "lat_ns" : {
          "min" : 0,
          "max" : 0,
          "mean" : 0.000000,
          "stddev" : 0.000000,
          "N" : 0
        },
        "bw_min" : 0,
        "bw_max" : 0,
        "bw_agg" : 0.000000,
        "bw_mean" : 0.000000,
        "bw_dev" : 0.000000,
        "bw_samples" : 0,
        "iops_min" : 0,
        "iops_max" : 0,
        "iops_mean" : 0.000000,
        "iops_stddev" : 0.000000,
        "iops_samples" : 0
      },
      "trim" : {
        "io_bytes" : 0,
        "io_kbytes" : 0,
        "bw_bytes" : 0,
        "bw" : 0,
        "iops" : 0.000000,
        "runtime" : 0,
        "total_ios" : 0,
        "short_ios" : 0,
        "drop_ios" : 0,
        "slat_ns" : {
          "min" : 0,
          "max" : 0,
          "mean" : 0.000000,
          "stddev" : 0.000000,
          "N" : 0
        },
        "clat_ns" : {
          "min" : 0,
          "max" : 0,
          "mean" : 0.000000,
          "stddev" : 0.000000,
          "N" : 0
        },
        "lat_ns" : {
          "min" : 0,
          "max" : 0,
          "mean" : 0.000000,
          "stddev" : 0.000000,
          "N" : 0
        },
        "bw_min" : 0,
        "bw_max" : 0,
        "bw_agg" : 0.000000,
        "bw_mean" : 0.000000,
        "bw_dev" : 0.000000,
        "bw_samples" : 0,
        "iops_min" : 0,
        "iops_max" : 0,
        "iops_mean" : 0.000000,
        "iops_stddev" : 0.000000,
        "iops_samples" : 0
      },
      "sync" : {
        "total_ios" : 0,
        "lat_ns" : {
          "min" : 0,
          "max" : 0,
          "mean" : 0.000000,
          "stddev" : 0.000000,
          "N" : 0
        }
      },
      "job_runtime" : 2916,
      "usr_cpu" : 13.683128,
      "sys_cpu" : 57.235940,
      "ctx" : 68164,
      "majf" : 0,
      "minf" : 267,
      "iodepth_level" : {
        "1" : 0.100000,
        "2" : 0.100000,
        "4" : 0.100000,
        "8" : 0.100000,
        "16" : 0.100000,
        "32" : 0.100000,
        ">=64" : 99.951935
      },
      "iodepth_submit" : {
        "0" : 0.000000,
        "4" : 100.000000,
        "8" : 0.000000,
        "16" : 0.000000,
        "32" : 0.000000,
        "64" : 0.000000,
        ">=64" : 0.000000
      },
      "iodepth_complete" : {
        "0" : 0.000000,
        "4" : 99.999236,
        "8" : 0.000000,
        "16" : 0.000000,
        "32" : 0.000000,
        "64" : 0.000000,
        ">=64" : 0.100000
      },
      "latency_ns" : {
        "2" : 0.000000,
        "4" : 0.000000,
        "10" : 0.000000,
        "20" : 0.000000,
        "50" : 0.000000,
        "100" : 0.000000,
        "250" : 0.000000,
        "500" : 0.000000,
        "750" : 0.000000,
        "1000" : 0.000000
      },
      "latency_us" : {
        "2" : 0.000000,
        "4" : 0.000000,
        "10" : 0.000000,
        "20" : 0.000000,
        "50" : 0.000000,
        "100" : 0.000000,
        "250" : 0.000000,
        "500" : 0.010000,
        "750" : 1.185608,
        "1000" : 2.716064
      },
      "latency_ms" : {
        "2" : 12.392426,
        "4" : 74.296570,
        "10" : 9.065247,
        "20" : 0.327301,
        "50" : 0.013733,
        "100" : 0.000000,
        "250" : 0.000000,
        "500" : 0.000000,
        "750" : 0.000000,
        "1000" : 0.000000,
        "2000" : 0.000000,
        ">=2000" : 0.000000
      },
      "latency_depth" : 128,
      "latency_target" : 0,
      "latency_percentile" : 100.000000,
      "latency_window" : 0
    }
  ],
  "disk_util" : [
    {
      "name" : "sdb",
      "read_ios" : 128596,
      "write_ios" : 0,
      "read_merges" : 1401,
      "write_merges" : 0,
      "read_ticks" : 206980,
      "write_ticks" : 0,
      "in_queue" : 206980,
      "util" : 96.692282
    }
  ]
}
