{
  "fio version" : "fio-3.33",
  "timestamp" : 1747285553,
  "timestamp_ms" : 1747285553871,
  "time" : "Thu May 15 08:05:53 2025",
  "jobs" : [
    {
      "jobname" : "randwrite_B4_Q128_T1",
      "groupid" : 0,
      "error" : 0,
      "eta" : 0,
      "elapsed" : 7,
      "job options" : {
        "rw" : "randwrite",
        "name" : "randwrite_B4_Q128_T1",
        "bs" : "4k",
        "iodepth" : "128",
        "numjobs" : "1",
        "runtime" : "10",
        "direct" : "1",
        "ioengine" : "libaio",
        "size" : "1G",
        "filename" : "/mnt/pve/test/write"
      },
      "read" : {
        "io_bytes" : 0,
        "io_kbytes" : 0,
        "bw_bytes" : 0,
        "bw" : 0,
        "iops" : 0.000000,
        "runtime" : 0,
        "total_ios" : 0,
        "short_ios" : 0,
        "drop_ios" : 0,
        "slat_ns" : {
          "min" : 0,
          "max" : 0,
          "mean" : 0.000000,
          "stddev" : 0.000000,
          "N" : 0
        },
        "clat_ns" : {
          "min" : 0,
          "max" : 0,
          "mean" : 0.000000,
          "stddev" : 0.000000,
          "N" : 0
        },
        "lat_ns" : {
          "min" : 0,
          "max" : 0,
          "mean" : 0.000000,
          "stddev" : 0.000000,
          "N" : 0
        },
        "bw_min" : 0,
        "bw_max" : 0,
        "bw_agg" : 0.000000,
        "bw_mean" : 0.000000,
        "bw_dev" : 0.000000,
        "bw_samples" : 0,
        "iops_min" : 0,
        "iops_max" : 0,
        "iops_mean" : 0.000000,
        "iops_stddev" : 0.000000,
        "iops_samples" : 0
      },
      "write" : {
        "io_bytes" : 1073741824,
        "io_kbytes" : 1048576,
        "bw_bytes" : 180037193,
        "bw" : 175817,
        "iops" : 43954.393025,
        "runtime" : 5964,
        "total_ios" : 262144,
        "short_ios" : 0,
        "drop_ios" : 0,
        "slat_ns" : {
          "min" : 2471,
          "max" : 552897,
          "mean" : 16638.497578,
          "stddev" : 10863.097402,
          "N" : 262144
        },
        "clat_ns" : {
          "min" : 477693,
          "max" : 23911310,
          "mean" : 2892602.089439,
          "stddev" : 813105.456224,
          "N" : 262144,
          "percentile" : {
            "1.000000" : 1003520,
            "5.000000" : 2146304,
            "10.000000" : 2310144,
            "20.000000" : 2375680,
            "30.000000" : 2375680,
            "40.000000" : 2408448,
            "50.000000" : 2506752,
            "60.000000" : 2670592,
            "70.000000" : 3293184,
            "80.000000" : 3915776,
            "90.000000" : 4145152,
            "95.000000" : 4227072,
            "99.000000" : 4358144,
            "99.500000" : 4554752,
            "99.900000" : 5734400,
            "99.950000" : 7634944,
            "99.990000" : 12779520
          }
        },
        "lat_ns" : {
          "min" : 517903,
          "max" : 23919951,
          "mean" : 2909240.587017,
          "stddev" : 816758.872928,
          "N" : 262144
        },
        "bw_min" : 142552,
        "bw_max" : 208752,
        "bw_agg" : 98.238190,
        "bw_mean" : 172720.727273,
        "bw_dev" : 23434.311243,
        "bw_samples" : 11,
        "iops_min" : 35638,
        "iops_max" : 52188,
        "iops_mean" : 43180.181818,
        "iops_stddev" : 5858.577811,
        "iops_samples" : 11
      },
      "trim" : {
        "io_bytes" : 0,
        "io_kbytes" : 0,
        "bw_bytes" : 0,
        "bw" : 0,
        "iops" : 0.000000,
        "runtime" : 0,
        "total_ios" : 0,
        "short_ios" : 0,
        "drop_ios" : 0,
        "slat_ns" : {
          "min" : 0,
          "max" : 0,
          "mean" : 0.000000,
          "stddev" : 0.000000,
          "N" : 0
        },
        "clat_ns" : {
          "min" : 0,
          "max" : 0,
          "mean" : 0.000000,
          "stddev" : 0.000000,
          "N" : 0
        },
        "lat_ns" : {
          "min" : 0,
          "max" : 0,
          "mean" : 0.000000,
          "stddev" : 0.000000,
          "N" : 0
        },
        "bw_min" : 0,
        "bw_max" : 0,
        "bw_agg" : 0.000000,
        "bw_mean" : 0.000000,
        "bw_dev" : 0.000000,
        "bw_samples" : 0,
        "iops_min" : 0,
        "iops_max" : 0,
        "iops_mean" : 0.000000,
        "iops_stddev" : 0.000000,
        "iops_samples" : 0
      },
      "sync" : {
        "total_ios" : 0,
        "lat_ns" : {
          "min" : 0,
          "max" : 0,
          "mean" : 0.000000,
          "stddev" : 0.000000,
          "N" : 0
        }
      },
      "job_runtime" : 5963,
      "usr_cpu" : 13.935938,
      "sys_cpu" : 60.976019,
      "ctx" : 193825,
      "majf" : 0,
      "minf" : 186,
      "iodepth_level" : {
        "1" : 0.100000,
        "2" : 0.100000,
        "4" : 0.100000,
        "8" : 0.100000,
        "16" : 0.100000,
        "32" : 0.100000,
        ">=64" : 99.975967
      },
      "iodepth_submit" : {
        "0" : 0.000000,
        "4" : 100.000000,
        "8" : 0.000000,
        "16" : 0.000000,
        "32" : 0.000000,
        "64" : 0.000000,
        ">=64" : 0.000000
      },
      "iodepth_complete" : {
        "0" : 0.000000,
        "4" : 99.999618,
        "8" : 0.000000,
        "16" : 0.000000,
        "32" : 0.000000,
        "64" : 0.000000,
        ">=64" : 0.100000
      },
      "latency_ns" : {
        "2" : 0.000000,
        "4" : 0.000000,
        "10" : 0.000000,
        "20" : 0.000000,
        "50" : 0.000000,
        "100" : 0.000000,
        "250" : 0.000000,
        "500" : 0.000000,
        "750" : 0.000000,
        "1000" : 0.000000
      },
      "latency_us" : {
        "2" : 0.000000,
        "4" : 0.000000,
        "10" : 0.000000,
        "20" : 0.000000,
        "50" : 0.000000,
        "100" : 0.000000,
        "250" : 0.000000,
        "500" : 0.010000,
        "750" : 0.430679,
        "1000" : 0.540924
      },
      "latency_ms" : {
        "2" : 2.787399,
        "4" : 77.634430,
        "10" : 18.579865,
        "20" : 0.025177,
        "50" : 0.010000,
        "100" : 0.000000,
        "250" : 0.000000,
        "500" : 0.000000,
        "750" : 0.000000,
        "1000" : 0.000000,
        "2000" : 0.000000,
        ">=2000" : 0.000000
      },
      "latency_depth" : 128,
      "latency_target" : 0,
      "latency_percentile" : 100.000000,
      "latency_window" : 0
    }
  ],
  "disk_util" : [
    {
      "name" : "sdb",
      "read_ios" : 0,
      "write_ios" : 258104,
      "read_merges" : 0,
      "write_merges" : 83,
      "read_ticks" : 0,
      "write_ticks" : 106127,
      "in_queue" : 106128,
      "util" : 98.364213
    }
  ]
}
