{
  "fio version" : "fio-3.33",
  "timestamp" : 1747285977,
  "timestamp_ms" : 1747285977043,
  "time" : "Thu May 15 08:12:57 2025",
  "jobs" : [
    {
      "jobname" : "read_B4_Q32_T1",
      "groupid" : 0,
      "error" : 0,
      "eta" : 0,
      "elapsed" : 6,
      "job options" : {
        "rw" : "read",
        "name" : "read_B4_Q32_T1",
        "bs" : "4k",
        "iodepth" : "32",
        "numjobs" : "1",
        "runtime" : "10",
        "direct" : "1",
        "ioengine" : "libaio",
        "size" : "1G",
        "filename" : "/mnt/pve/test/write"
      },
      "read" : {
        "io_bytes" : 1073741824,
        "io_kbytes" : 1048576,
        "bw_bytes" : 199025361,
        "bw" : 194360,
        "iops" : 48590.176089,
        "runtime" : 5395,
        "total_ios" : 262144,
        "short_ios" : 0,
        "drop_ios" : 0,
        "slat_ns" : {
          "min" : 2323,
          "max" : 520947,
          "mean" : 12416.409634,
          "stddev" : 8117.802272,
          "N" : 262144
        },
        "clat_ns" : {
          "min" : 94123,
          "max" : 1980980,
          "mean" : 644925.897968,
          "stddev" : 294994.645774,
          "N" : 262144,
          "percentile" : {
            "1.000000" : 158720,
            "5.000000" : 236544,
            "10.000000" : 284672,
            "20.000000" : 358400,
            "30.000000" : 436224,
            "40.000000" : 522240,
            "50.000000" : 610304,
            "60.000000" : 708608,
            "70.000000" : 806912,
            "80.000000" : 921600,
            "90.000000" : 1056768,
            "95.000000" : 1171456,
            "99.000000" : 1335296,
            "99.500000" : 1400832,
            "99.900000" : 1531904,
            "99.950000" : 1564672,
            "99.990000" : 1679360
          }
        },
        "lat_ns" : {
          "min" : 104262,
          "max" : 1996405,
          "mean" : 657342.307602,
          "stddev" : 294168.405488,
          "N" : 262144
        },
        "bw_min" : 183696,
        "bw_max" : 208680,
        "bw_agg" : 100.000000,
        "bw_mean" : 194650.400000,
        "bw_dev" : 6643.434774,
        "bw_samples" : 10,
        "iops_min" : 45924,
        "iops_max" : 52170,
        "iops_mean" : 48662.600000,
        "iops_stddev" : 1660.858694,
        "iops_samples" : 10
      },
      "write" : {
        "io_bytes" : 0,
        "io_kbytes" : 0,
        "bw_bytes" : 0,
        "bw" : 0,
        "iops" : 0.000000,
        "runtime" : 0,
        "total_ios" : 0,
        "short_ios" : 0,
        "drop_ios" : 0,
        "slat_ns" : {
          "min" : 0,
          "max" : 0,
          "mean" : 0.000000,
          "stddev" : 0.000000,
          "N" : 0
        },
        "clat_ns" : {
          "min" : 0,
          "max" : 0,
          "mean" : 0.000000,
          "stddev" : 0.000000,
          "N" : 0
        },
        "lat_ns" : {
          "min" : 0,
          "max" : 0,
          "mean" : 0.000000,
          "stddev" : 0.000000,
          "N" : 0
        },
        "bw_min" : 0,
        "bw_max" : 0,
        "bw_agg" : 0.000000,
        "bw_mean" : 0.000000,
        "bw_dev" : 0.000000,
        "bw_samples" : 0,
        "iops_min" : 0,
        "iops_max" : 0,
        "iops_mean" : 0.000000,
        "iops_stddev" : 0.000000,
        "iops_samples" : 0
      },
      "trim" : {
        "io_bytes" : 0,
        "io_kbytes" : 0,
        "bw_bytes" : 0,
        "bw" : 0,
        "iops" : 0.000000,
        "runtime" : 0,
        "total_ios" : 0,
        "short_ios" : 0,
        "drop_ios" : 0,
        "slat_ns" : {
          "min" : 0,
          "max" : 0,
          "mean" : 0.000000,
          "stddev" : 0.000000,
          "N" : 0
        },
        "clat_ns" : {
          "min" : 0,
          "max" : 0,
          "mean" : 0.000000,
          "stddev" : 0.000000,
          "N" : 0
        },
        "lat_ns" : {
          "min" : 0,
          "max" : 0,
          "mean" : 0.000000,
          "stddev" : 0.000000,
          "N" : 0
        },
        "bw_min" : 0,
        "bw_max" : 0,
        "bw_agg" : 0.000000,
        "bw_mean" : 0.000000,
        "bw_dev" : 0.000000,
        "bw_samples" : 0,
        "iops_min" : 0,
        "iops_max" : 0,
        "iops_mean" : 0.000000,
        "iops_stddev" : 0.000000,
        "iops_samples" : 0
      },
      "sync" : {
        "total_ios" : 0,
        "lat_ns" : {
          "min" : 0,
          "max" : 0,
          "mean" : 0.000000,
          "stddev" : 0.000000,
          "N" : 0
        }
      },
      "job_runtime" : 5394,
      "usr_cpu" : 17.278458,
      "sys_cpu" : 63.774564,
      "ctx" : 18968,
      "majf" : 0,
      "minf" : 52,
      "iodepth_level" : {
        "1" : 0.100000,
        "2" : 0.100000,
        "4" : 0.100000,
        "8" : 0.100000,
        "16" : 0.100000,
        "32" : 99.988174,
        ">=64" : 0.000000
      },
      "iodepth_submit" : {
        "0" : 0.000000,
        "4" : 100.000000,
        "8" : 0.000000,
        "16" : 0.000000,
        "32" : 0.000000,
        "64" : 0.000000,
        ">=64" : 0.000000
      },
      "iodepth_complete" : {
        "0" : 0.000000,
        "4" : 99.999618,
        "8" : 0.000000,
        "16" : 0.000000,
        "32" : 0.100000,
        "64" : 0.000000,
        ">=64" : 0.000000
      },
      "latency_ns" : {
        "2" : 0.000000,
        "4" : 0.000000,
        "10" : 0.000000,
        "20" : 0.000000,
        "50" : 0.000000,
        "100" : 0.000000,
        "250" : 0.000000,
        "500" : 0.000000,
        "750" : 0.000000,
        "1000" : 0.000000
      },
      "latency_us" : {
        "2" : 0.000000,
        "4" : 0.000000,
        "10" : 0.000000,
        "20" : 0.000000,
        "50" : 0.000000,
        "100" : 0.010000,
        "250" : 6.079483,
        "500" : 31.264877,
        "750" : 26.764679,
        "1000" : 21.960449
      },
      "latency_ms" : {
        "2" : 13.924789,
        "4" : 0.000000,
        "10" : 0.000000,
        "20" : 0.000000,
        "50" : 0.000000,
        "100" : 0.000000,
        "250" : 0.000000,
        "500" : 0.000000,
        "750" : 0.000000,
        "1000" : 0.000000,
        "2000" : 0.000000,
        ">=2000" : 0.000000
      },
      "latency_depth" : 32,
      "latency_target" : 0,
      "latency_percentile" : 100.000000,
      "latency_window" : 0
    }
  ],
  "disk_util" : [
    {
      "name" : "sdb",
      "read_ios" : 223967,
      "write_ios" : 0,
      "read_merges" : 38090,
      "write_merges" : 0,
      "read_ticks" : 109469,
      "write_ticks" : 0,
      "in_queue" : 109469,
      "util" : 98.215261
    }
  ]
}
