{
  "fio version" : "fio-3.33",
  "timestamp" : 1747285716,
  "timestamp_ms" : 1747285716436,
  "time" : "Thu May 15 08:08:36 2025",
  "jobs" : [
    {
      "jobname" : "read_B8_Q32_T1",
      "groupid" : 0,
      "error" : 0,
      "eta" : 0,
      "elapsed" : 4,
      "job options" : {
        "rw" : "read",
        "name" : "read_B8_Q32_T1",
        "bs" : "8k",
        "iodepth" : "32",
        "numjobs" : "1",
        "runtime" : "10",
        "direct" : "1",
        "ioengine" : "libaio",
        "size" : "1G",
        "filename" : "/mnt/pve/test/write"
      },
      "read" : {
        "io_bytes" : 1073741824,
        "io_kbytes" : 1048576,
        "bw_bytes" : 362016798,
        "bw" : 353532,
        "iops" : 44191.503709,
        "runtime" : 2966,
        "total_ios" : 131072,
        "short_ios" : 0,
        "drop_ios" : 0,
        "slat_ns" : {
          "min" : 2368,
          "max" : 533521,
          "mean" : 11435.365158,
          "stddev" : 8055.910047,
          "N" : 131072
        },
        "clat_ns" : {
          "min" : 152341,
          "max" : 1538836,
          "mean" : 711455.433296,
          "stddev" : 186794.935525,
          "N" : 131072,
          "percentile" : {
            "1.000000" : 305152,
            "5.000000" : 391168,
            "10.000000" : 456704,
            "20.000000" : 544768,
            "30.000000" : 618496,
            "40.000000" : 667648,
            "50.000000" : 716800,
            "60.000000" : 757760,
            "70.000000" : 806912,
            "80.000000" : 872448,
            "90.000000" : 954368,
            "95.000000" : 1019904,
            "99.000000" : 1122304,
            "99.500000" : 1187840,
            "99.900000" : 1302528,
            "99.950000" : 1335296,
            "99.990000" : 1417216
          }
        },
        "lat_ns" : {
          "min" : 168613,
          "max" : 1543708,
          "mean" : 722890.798454,
          "stddev" : 185215.165576,
          "N" : 131072
        },
        "bw_min" : 352672,
        "bw_max" : 354976,
        "bw_agg" : 100.000000,
        "bw_mean" : 353680.000000,
        "bw_dev" : 1168.547817,
        "bw_samples" : 5,
        "iops_min" : 44084,
        "iops_max" : 44372,
        "iops_mean" : 44210.000000,
        "iops_stddev" : 146.068477,
        "iops_samples" : 5
      },
      "write" : {
        "io_bytes" : 0,
        "io_kbytes" : 0,
        "bw_bytes" : 0,
        "bw" : 0,
        "iops" : 0.000000,
        "runtime" : 0,
        "total_ios" : 0,
        "short_ios" : 0,
        "drop_ios" : 0,
        "slat_ns" : {
          "min" : 0,
          "max" : 0,
          "mean" : 0.000000,
          "stddev" : 0.000000,
          "N" : 0
        },
        "clat_ns" : {
          "min" : 0,
          "max" : 0,
          "mean" : 0.000000,
          "stddev" : 0.000000,
          "N" : 0
        },
        "lat_ns" : {
          "min" : 0,
          "max" : 0,
          "mean" : 0.000000,
          "stddev" : 0.000000,
          "N" : 0
        },
        "bw_min" : 0,
        "bw_max" : 0,
        "bw_agg" : 0.000000,
        "bw_mean" : 0.000000,
        "bw_dev" : 0.000000,
        "bw_samples" : 0,
        "iops_min" : 0,
        "iops_max" : 0,
        "iops_mean" : 0.000000,
        "iops_stddev" : 0.000000,
        "iops_samples" : 0
      },
      "trim" : {
        "io_bytes" : 0,
        "io_kbytes" : 0,
        "bw_bytes" : 0,
        "bw" : 0,
        "iops" : 0.000000,
        "runtime" : 0,
        "total_ios" : 0,
        "short_ios" : 0,
        "drop_ios" : 0,
        "slat_ns" : {
          "min" : 0,
          "max" : 0,
          "mean" : 0.000000,
          "stddev" : 0.000000,
          "N" : 0
        },
        "clat_ns" : {
          "min" : 0,
          "max" : 0,
          "mean" : 0.000000,
          "stddev" : 0.000000,
          "N" : 0
        },
        "lat_ns" : {
          "min" : 0,
          "max" : 0,
          "mean" : 0.000000,
          "stddev" : 0.000000,
          "N" : 0
        },
        "bw_min" : 0,
        "bw_max" : 0,
        "bw_agg" : 0.000000,
        "bw_mean" : 0.000000,
        "bw_dev" : 0.000000,
        "bw_samples" : 0,
        "iops_min" : 0,
        "iops_max" : 0,
        "iops_mean" : 0.000000,
        "iops_stddev" : 0.000000,
        "iops_samples" : 0
      },
      "sync" : {
        "total_ios" : 0,
        "lat_ns" : {
          "min" : 0,
          "max" : 0,
          "mean" : 0.000000,
          "stddev" : 0.000000,
          "N" : 0
        }
      },
      "job_runtime" : 2965,
      "usr_cpu" : 15.682968,
      "sys_cpu" : 53.490725,
      "ctx" : 11218,
      "majf" : 0,
      "minf" : 76,
      "iodepth_level" : {
        "1" : 0.100000,
        "2" : 0.100000,
        "4" : 0.100000,
        "8" : 0.100000,
        "16" : 0.100000,
        "32" : 99.976349,
        ">=64" : 0.000000
      },
      "iodepth_submit" : {
        "0" : 0.000000,
        "4" : 100.000000,
        "8" : 0.000000,
        "16" : 0.000000,
        "32" : 0.000000,
        "64" : 0.000000,
        ">=64" : 0.000000
      },
      "iodepth_complete" : {
        "0" : 0.000000,
        "4" : 99.999237,
        "8" : 0.000000,
        "16" : 0.000000,
        "32" : 0.100000,
        "64" : 0.000000,
        ">=64" : 0.000000
      },
      "latency_ns" : {
        "2" : 0.000000,
        "4" : 0.000000,
        "10" : 0.000000,
        "20" : 0.000000,
        "50" : 0.000000,
        "100" : 0.000000,
        "250" : 0.000000,
        "500" : 0.000000,
        "750" : 0.000000,
        "1000" : 0.000000
      },
      "latency_us" : {
        "2" : 0.000000,
        "4" : 0.000000,
        "10" : 0.000000,
        "20" : 0.000000,
        "50" : 0.000000,
        "100" : 0.000000,
        "250" : 0.165558,
        "500" : 14.199829,
        "750" : 43.230438,
        "1000" : 36.096954
      },
      "latency_ms" : {
        "2" : 6.307220,
        "4" : 0.000000,
        "10" : 0.000000,
        "20" : 0.000000,
        "50" : 0.000000,
        "100" : 0.000000,
        "250" : 0.000000,
        "500" : 0.000000,
        "750" : 0.000000,
        "1000" : 0.000000,
        "2000" : 0.000000,
        ">=2000" : 0.000000
      },
      "latency_depth" : 32,
      "latency_target" : 0,
      "latency_percentile" : 100.000000,
      "latency_window" : 0
    }
  ],
  "disk_util" : [
    {
      "name" : "sdb",
      "read_ios" : 107111,
      "write_ios" : 0,
      "read_merges" : 20871,
      "write_merges" : 0,
      "read_ticks" : 64527,
      "write_ticks" : 0,
      "in_queue" : 64527,
      "util" : 96.694491
    }
  ]
}
