{
  "fio version" : "fio-3.33",
  "timestamp" : 1747283798,
  "timestamp_ms" : 1747283798230,
  "time" : "Thu May 15 07:36:38 2025",
  "jobs" : [
    {
      "jobname" : "randwrite_B4_Q128_T1",
      "groupid" : 0,
      "error" : 0,
      "eta" : 0,
      "elapsed" : 7,
      "job options" : {
        "rw" : "randwrite",
        "name" : "randwrite_B4_Q128_T1",
        "bs" : "4k",
        "iodepth" : "128",
        "numjobs" : "1",
        "runtime" : "10",
        "direct" : "1",
        "ioengine" : "libaio",
        "size" : "1G",
        "filename" : "/mnt/pve/test/write"
      },
      "read" : {
        "io_bytes" : 0,
        "io_kbytes" : 0,
        "bw_bytes" : 0,
        "bw" : 0,
        "iops" : 0.000000,
        "runtime" : 0,
        "total_ios" : 0,
        "short_ios" : 0,
        "drop_ios" : 0,
        "slat_ns" : {
          "min" : 0,
          "max" : 0,
          "mean" : 0.000000,
          "stddev" : 0.000000,
          "N" : 0
        },
        "clat_ns" : {
          "min" : 0,
          "max" : 0,
          "mean" : 0.000000,
          "stddev" : 0.000000,
          "N" : 0
        },
        "lat_ns" : {
          "min" : 0,
          "max" : 0,
          "mean" : 0.000000,
          "stddev" : 0.000000,
          "N" : 0
        },
        "bw_min" : 0,
        "bw_max" : 0,
        "bw_agg" : 0.000000,
        "bw_mean" : 0.000000,
        "bw_dev" : 0.000000,
        "bw_samples" : 0,
        "iops_min" : 0,
        "iops_max" : 0,
        "iops_mean" : 0.000000,
        "iops_stddev" : 0.000000,
        "iops_samples" : 0
      },
      "write" : {
        "io_bytes" : 1073741824,
        "io_kbytes" : 1048576,
        "bw_bytes" : 181620741,
        "bw" : 177364,
        "iops" : 44341.001353,
        "runtime" : 5912,
        "total_ios" : 262144,
        "short_ios" : 0,
        "drop_ios" : 0,
        "slat_ns" : {
          "min" : 2005,
          "max" : 995109,
          "mean" : 15874.528194,
          "stddev" : 10730.527854,
          "N" : 262144
        },
        "clat_ns" : {
          "min" : 176648,
          "max" : 23766517,
          "mean" : 2867697.874683,
          "stddev" : 878770.996975,
          "N" : 262144,
          "percentile" : {
            "1.000000" : 987136,
            "5.000000" : 2179072,
            "10.000000" : 2310144,
            "20.000000" : 2375680,
            "30.000000" : 2375680,
            "40.000000" : 2408448,
            "50.000000" : 2441216,
            "60.000000" : 2572288,
            "70.000000" : 2867200,
            "80.000000" : 3948544,
            "90.000000" : 4292608,
            "95.000000" : 4423680,
            "99.000000" : 4554752,
            "99.500000" : 4685824,
            "99.900000" : 6651904,
            "99.950000" : 9895936,
            "99.990000" : 15663104
          }
        },
        "lat_ns" : {
          "min" : 183030,
          "max" : 23770445,
          "mean" : 2883572.402878,
          "stddev" : 882330.776132,
          "N" : 262144
        },
        "bw_min" : 149256,
        "bw_max" : 202864,
        "bw_agg" : 100.000000,
        "bw_mean" : 179193.454545,
        "bw_dev" : 19177.376945,
        "bw_samples" : 11,
        "iops_min" : 37314,
        "iops_max" : 50716,
        "iops_mean" : 44798.363636,
        "iops_stddev" : 4794.344236,
        "iops_samples" : 11
      },
      "trim" : {
        "io_bytes" : 0,
        "io_kbytes" : 0,
        "bw_bytes" : 0,
        "bw" : 0,
        "iops" : 0.000000,
        "runtime" : 0,
        "total_ios" : 0,
        "short_ios" : 0,
        "drop_ios" : 0,
        "slat_ns" : {
          "min" : 0,
          "max" : 0,
          "mean" : 0.000000,
          "stddev" : 0.000000,
          "N" : 0
        },
        "clat_ns" : {
          "min" : 0,
          "max" : 0,
          "mean" : 0.000000,
          "stddev" : 0.000000,
          "N" : 0
        },
        "lat_ns" : {
          "min" : 0,
          "max" : 0,
          "mean" : 0.000000,
          "stddev" : 0.000000,
          "N" : 0
        },
        "bw_min" : 0,
        "bw_max" : 0,
        "bw_agg" : 0.000000,
        "bw_mean" : 0.000000,
        "bw_dev" : 0.000000,
        "bw_samples" : 0,
        "iops_min" : 0,
        "iops_max" : 0,
        "iops_mean" : 0.000000,
        "iops_stddev" : 0.000000,
        "iops_samples" : 0
      },
      "sync" : {
        "total_ios" : 0,
        "lat_ns" : {
          "min" : 0,
          "max" : 0,
          "mean" : 0.000000,
          "stddev" : 0.000000,
          "N" : 0
        }
      },
      "job_runtime" : 5911,
      "usr_cpu" : 15.411944,
      "sys_cpu" : 61.174082,
      "ctx" : 202925,
      "majf" : 0,
      "minf" : 188,
      "iodepth_level" : {
        "1" : 0.100000,
        "2" : 0.100000,
        "4" : 0.100000,
        "8" : 0.100000,
        "16" : 0.100000,
        "32" : 0.100000,
        ">=64" : 99.975967
      },
      "iodepth_submit" : {
        "0" : 0.000000,
        "4" : 100.000000,
        "8" : 0.000000,
        "16" : 0.000000,
        "32" : 0.000000,
        "64" : 0.000000,
        ">=64" : 0.000000
      },
      "iodepth_complete" : {
        "0" : 0.000000,
        "4" : 99.999618,
        "8" : 0.000000,
        "16" : 0.000000,
        "32" : 0.000000,
        "64" : 0.000000,
        ">=64" : 0.100000
      },
      "latency_ns" : {
        "2" : 0.000000,
        "4" : 0.000000,
        "10" : 0.000000,
        "20" : 0.000000,
        "50" : 0.000000,
        "100" : 0.000000,
        "250" : 0.000000,
        "500" : 0.000000,
        "750" : 0.000000,
        "1000" : 0.000000
      },
      "latency_us" : {
        "2" : 0.000000,
        "4" : 0.000000,
        "10" : 0.000000,
        "20" : 0.000000,
        "50" : 0.000000,
        "100" : 0.000000,
        "250" : 0.010000,
        "500" : 0.011063,
        "750" : 0.460052,
        "1000" : 0.573349
      },
      "latency_ms" : {
        "2" : 2.449036,
        "4" : 77.496338,
        "10" : 18.959045,
        "20" : 0.046921,
        "50" : 0.010000,
        "100" : 0.000000,
        "250" : 0.000000,
        "500" : 0.000000,
        "750" : 0.000000,
        "1000" : 0.000000,
        "2000" : 0.000000,
        ">=2000" : 0.000000
      },
      "latency_depth" : 128,
      "latency_target" : 0,
      "latency_percentile" : 100.000000,
      "latency_window" : 0
    }
  ],
  "disk_util" : [
    {
      "name" : "sdb",
      "read_ios" : 0,
      "write_ios" : 261051,
      "read_merges" : 0,
      "write_merges" : 59,
      "read_ticks" : 0,
      "write_ticks" : 107925,
      "in_queue" : 107926,
      "util" : 98.364213
    }
  ]
}
