{
  "fio version" : "fio-3.33",
  "timestamp" : 1747283968,
  "timestamp_ms" : 1747283968837,
  "time" : "Thu May 15 07:39:28 2025",
  "jobs" : [
    {
      "jobname" : "read_B8_Q32_T1",
      "groupid" : 0,
      "error" : 0,
      "eta" : 0,
      "elapsed" : 4,
      "job options" : {
        "rw" : "read",
        "name" : "read_B8_Q32_T1",
        "bs" : "8k",
        "iodepth" : "32",
        "numjobs" : "1",
        "runtime" : "10",
        "direct" : "1",
        "ioengine" : "libaio",
        "size" : "1G",
        "filename" : "/mnt/pve/test/write"
      },
      "read" : {
        "io_bytes" : 1073741824,
        "io_kbytes" : 1048576,
        "bw_bytes" : 348617475,
        "bw" : 340446,
        "iops" : 42555.844156,
        "runtime" : 3080,
        "total_ios" : 131072,
        "short_ios" : 0,
        "drop_ios" : 0,
        "slat_ns" : {
          "min" : 3117,
          "max" : 650074,
          "mean" : 13147.111610,
          "stddev" : 12198.969697,
          "N" : 131072
        },
        "clat_ns" : {
          "min" : 189654,
          "max" : 1722408,
          "mean" : 736985.831039,
          "stddev" : 145533.203675,
          "N" : 131072,
          "percentile" : {
            "1.000000" : 428032,
            "5.000000" : 514048,
            "10.000000" : 561152,
            "20.000000" : 618496,
            "30.000000" : 659456,
            "40.000000" : 692224,
            "50.000000" : 724992,
            "60.000000" : 765952,
            "70.000000" : 806912,
            "80.000000" : 856064,
            "90.000000" : 929792,
            "95.000000" : 987136,
            "99.000000" : 1122304,
            "99.500000" : 1187840,
            "99.900000" : 1335296,
            "99.950000" : 1400832,
            "99.990000" : 1515520
          }
        },
        "lat_ns" : {
          "min" : 195566,
          "max" : 1747170,
          "mean" : 750132.942650,
          "stddev" : 144875.932787,
          "N" : 131072
        },
        "bw_min" : 328800,
        "bw_max" : 347248,
        "bw_agg" : 99.968937,
        "bw_mean" : 340341.333333,
        "bw_dev" : 8895.330430,
        "bw_samples" : 6,
        "iops_min" : 41100,
        "iops_max" : 43406,
        "iops_mean" : 42542.666667,
        "iops_stddev" : 1111.916304,
        "iops_samples" : 6
      },
      "write" : {
        "io_bytes" : 0,
        "io_kbytes" : 0,
        "bw_bytes" : 0,
        "bw" : 0,
        "iops" : 0.000000,
        "runtime" : 0,
        "total_ios" : 0,
        "short_ios" : 0,
        "drop_ios" : 0,
        "slat_ns" : {
          "min" : 0,
          "max" : 0,
          "mean" : 0.000000,
          "stddev" : 0.000000,
          "N" : 0
        },
        "clat_ns" : {
          "min" : 0,
          "max" : 0,
          "mean" : 0.000000,
          "stddev" : 0.000000,
          "N" : 0
        },
        "lat_ns" : {
          "min" : 0,
          "max" : 0,
          "mean" : 0.000000,
          "stddev" : 0.000000,
          "N" : 0
        },
        "bw_min" : 0,
        "bw_max" : 0,
        "bw_agg" : 0.000000,
        "bw_mean" : 0.000000,
        "bw_dev" : 0.000000,
        "bw_samples" : 0,
        "iops_min" : 0,
        "iops_max" : 0,
        "iops_mean" : 0.000000,
        "iops_stddev" : 0.000000,
        "iops_samples" : 0
      },
      "trim" : {
        "io_bytes" : 0,
        "io_kbytes" : 0,
        "bw_bytes" : 0,
        "bw" : 0,
        "iops" : 0.000000,
        "runtime" : 0,
        "total_ios" : 0,
        "short_ios" : 0,
        "drop_ios" : 0,
        "slat_ns" : {
          "min" : 0,
          "max" : 0,
          "mean" : 0.000000,
          "stddev" : 0.000000,
          "N" : 0
        },
        "clat_ns" : {
          "min" : 0,
          "max" : 0,
          "mean" : 0.000000,
          "stddev" : 0.000000,
          "N" : 0
        },
        "lat_ns" : {
          "min" : 0,
          "max" : 0,
          "mean" : 0.000000,
          "stddev" : 0.000000,
          "N" : 0
        },
        "bw_min" : 0,
        "bw_max" : 0,
        "bw_agg" : 0.000000,
        "bw_mean" : 0.000000,
        "bw_dev" : 0.000000,
        "bw_samples" : 0,
        "iops_min" : 0,
        "iops_max" : 0,
        "iops_mean" : 0.000000,
        "iops_stddev" : 0.000000,
        "iops_samples" : 0
      },
      "sync" : {
        "total_ios" : 0,
        "lat_ns" : {
          "min" : 0,
          "max" : 0,
          "mean" : 0.000000,
          "stddev" : 0.000000,
          "N" : 0
        }
      },
      "job_runtime" : 3079,
      "usr_cpu" : 16.109126,
      "sys_cpu" : 53.393959,
      "ctx" : 43412,
      "majf" : 0,
      "minf" : 140,
      "iodepth_level" : {
        "1" : 0.100000,
        "2" : 0.100000,
        "4" : 0.100000,
        "8" : 0.100000,
        "16" : 0.100000,
        "32" : 99.976349,
        ">=64" : 0.000000
      },
      "iodepth_submit" : {
        "0" : 0.000000,
        "4" : 100.000000,
        "8" : 0.000000,
        "16" : 0.000000,
        "32" : 0.000000,
        "64" : 0.000000,
        ">=64" : 0.000000
      },
      "iodepth_complete" : {
        "0" : 0.000000,
        "4" : 99.999237,
        "8" : 0.000000,
        "16" : 0.000000,
        "32" : 0.100000,
        "64" : 0.000000,
        ">=64" : 0.000000
      },
      "latency_ns" : {
        "2" : 0.000000,
        "4" : 0.000000,
        "10" : 0.000000,
        "20" : 0.000000,
        "50" : 0.000000,
        "100" : 0.000000,
        "250" : 0.000000,
        "500" : 0.000000,
        "750" : 0.000000,
        "1000" : 0.000000
      },
      "latency_us" : {
        "2" : 0.000000,
        "4" : 0.000000,
        "10" : 0.000000,
        "20" : 0.000000,
        "50" : 0.000000,
        "100" : 0.000000,
        "250" : 0.010000,
        "500" : 3.800964,
        "750" : 53.047943,
        "1000" : 38.942719
      },
      "latency_ms" : {
        "2" : 4.200745,
        "4" : 0.000000,
        "10" : 0.000000,
        "20" : 0.000000,
        "50" : 0.000000,
        "100" : 0.000000,
        "250" : 0.000000,
        "500" : 0.000000,
        "750" : 0.000000,
        "1000" : 0.000000,
        "2000" : 0.000000,
        ">=2000" : 0.000000
      },
      "latency_depth" : 32,
      "latency_target" : 0,
      "latency_percentile" : 100.000000,
      "latency_window" : 0
    }
  ],
  "disk_util" : [
    {
      "name" : "sdb",
      "read_ios" : 122881,
      "write_ios" : 1,
      "read_merges" : 0,
      "write_merges" : 0,
      "read_ticks" : 81213,
      "write_ticks" : 0,
      "in_queue" : 81214,
      "util" : 96.692282
    }
  ]
}
