{
  "fio version" : "fio-3.33",
  "timestamp" : 1747287304,
  "timestamp_ms" : 1747287304273,
  "time" : "Thu May 15 08:35:04 2025",
  "jobs" : [
    {
      "jobname" : "randwrite_B8_Q128_T1",
      "groupid" : 0,
      "error" : 0,
      "eta" : 0,
      "elapsed" : 4,
      "job options" : {
        "rw" : "randwrite",
        "name" : "randwrite_B8_Q128_T1",
        "bs" : "8k",
        "iodepth" : "128",
        "numjobs" : "1",
        "runtime" : "10",
        "direct" : "1",
        "ioengine" : "libaio",
        "size" : "1G",
        "filename" : "/mnt/pve/test/write"
      },
      "read" : {
        "io_bytes" : 0,
        "io_kbytes" : 0,
        "bw_bytes" : 0,
        "bw" : 0,
        "iops" : 0.000000,
        "runtime" : 0,
        "total_ios" : 0,
        "short_ios" : 0,
        "drop_ios" : 0,
        "slat_ns" : {
          "min" : 0,
          "max" : 0,
          "mean" : 0.000000,
          "stddev" : 0.000000,
          "N" : 0
        },
        "clat_ns" : {
          "min" : 0,
          "max" : 0,
          "mean" : 0.000000,
          "stddev" : 0.000000,
          "N" : 0
        },
        "lat_ns" : {
          "min" : 0,
          "max" : 0,
          "mean" : 0.000000,
          "stddev" : 0.000000,
          "N" : 0
        },
        "bw_min" : 0,
        "bw_max" : 0,
        "bw_agg" : 0.000000,
        "bw_mean" : 0.000000,
        "bw_dev" : 0.000000,
        "bw_samples" : 0,
        "iops_min" : 0,
        "iops_max" : 0,
        "iops_mean" : 0.000000,
        "iops_stddev" : 0.000000,
        "iops_samples" : 0
      },
      "write" : {
        "io_bytes" : 1073741824,
        "io_kbytes" : 1048576,
        "bw_bytes" : 290908107,
        "bw" : 284089,
        "iops" : 35511.243565,
        "runtime" : 3691,
        "total_ios" : 131072,
        "short_ios" : 0,
        "drop_ios" : 0,
        "slat_ns" : {
          "min" : 3571,
          "max" : 735066,
          "mean" : 18181.073586,
          "stddev" : 18264.617914,
          "N" : 131072
        },
        "clat_ns" : {
          "min" : 49138,
          "max" : 25790938,
          "mean" : 3581882.043770,
          "stddev" : 1470723.568563,
          "N" : 131072,
          "percentile" : {
            "1.000000" : 872448,
            "5.000000" : 1253376,
            "10.000000" : 1646592,
            "20.000000" : 2310144,
            "30.000000" : 2899968,
            "40.000000" : 3293184,
            "50.000000" : 3719168,
            "60.000000" : 4079616,
            "70.000000" : 4489216,
            "80.000000" : 4685824,
            "90.000000" : 4882432,
            "95.000000" : 5210112,
            "99.000000" : 6717440,
            "99.500000" : 9502720,
            "99.900000" : 16318464,
            "99.950000" : 18219008,
            "99.990000" : 22413312
          }
        },
        "lat_ns" : {
          "min" : 91941,
          "max" : 25799160,
          "mean" : 3600063.117355,
          "stddev" : 1472113.939619,
          "N" : 131072
        },
        "bw_min" : 242960,
        "bw_max" : 315280,
        "bw_agg" : 100.000000,
        "bw_mean" : 287078.857143,
        "bw_dev" : 34618.340705,
        "bw_samples" : 7,
        "iops_min" : 30370,
        "iops_max" : 39410,
        "iops_mean" : 35885.142857,
        "iops_stddev" : 4327.031755,
        "iops_samples" : 7
      },
      "trim" : {
        "io_bytes" : 0,
        "io_kbytes" : 0,
        "bw_bytes" : 0,
        "bw" : 0,
        "iops" : 0.000000,
        "runtime" : 0,
        "total_ios" : 0,
        "short_ios" : 0,
        "drop_ios" : 0,
        "slat_ns" : {
          "min" : 0,
          "max" : 0,
          "mean" : 0.000000,
          "stddev" : 0.000000,
          "N" : 0
        },
        "clat_ns" : {
          "min" : 0,
          "max" : 0,
          "mean" : 0.000000,
          "stddev" : 0.000000,
          "N" : 0
        },
        "lat_ns" : {
          "min" : 0,
          "max" : 0,
          "mean" : 0.000000,
          "stddev" : 0.000000,
          "N" : 0
        },
        "bw_min" : 0,
        "bw_max" : 0,
        "bw_agg" : 0.000000,
        "bw_mean" : 0.000000,
        "bw_dev" : 0.000000,
        "bw_samples" : 0,
        "iops_min" : 0,
        "iops_max" : 0,
        "iops_mean" : 0.000000,
        "iops_stddev" : 0.000000,
        "iops_samples" : 0
      },
      "sync" : {
        "total_ios" : 0,
        "lat_ns" : {
          "min" : 0,
          "max" : 0,
          "mean" : 0.000000,
          "stddev" : 0.000000,
          "N" : 0
        }
      },
      "job_runtime" : 3690,
      "usr_cpu" : 15.934959,
      "sys_cpu" : 53.983740,
      "ctx" : 57068,
      "majf" : 0,
      "minf" : 11,
      "iodepth_level" : {
        "1" : 0.100000,
        "2" : 0.100000,
        "4" : 0.100000,
        "8" : 0.100000,
        "16" : 0.100000,
        "32" : 0.100000,
        ">=64" : 99.951935
      },
      "iodepth_submit" : {
        "0" : 0.000000,
        "4" : 100.000000,
        "8" : 0.000000,
        "16" : 0.000000,
        "32" : 0.000000,
        "64" : 0.000000,
        ">=64" : 0.000000
      },
      "iodepth_complete" : {
        "0" : 0.000000,
        "4" : 99.999236,
        "8" : 0.000000,
        "16" : 0.000000,
        "32" : 0.000000,
        "64" : 0.000000,
        ">=64" : 0.100000
      },
      "latency_ns" : {
        "2" : 0.000000,
        "4" : 0.000000,
        "10" : 0.000000,
        "20" : 0.000000,
        "50" : 0.000000,
        "100" : 0.000000,
        "250" : 0.000000,
        "500" : 0.000000,
        "750" : 0.000000,
        "1000" : 0.000000
      },
      "latency_us" : {
        "2" : 0.000000,
        "4" : 0.000000,
        "10" : 0.000000,
        "20" : 0.000000,
        "50" : 0.010000,
        "100" : 0.010000,
        "250" : 0.010000,
        "500" : 0.010000,
        "750" : 0.240326,
        "1000" : 1.878357
      },
      "latency_ms" : {
        "2" : 12.940979,
        "4" : 42.508698,
        "10" : 41.972351,
        "20" : 0.423431,
        "50" : 0.026703,
        "100" : 0.000000,
        "250" : 0.000000,
        "500" : 0.000000,
        "750" : 0.000000,
        "1000" : 0.000000,
        "2000" : 0.000000,
        ">=2000" : 0.000000
      },
      "latency_depth" : 128,
      "latency_target" : 0,
      "latency_percentile" : 100.000000,
      "latency_window" : 0
    }
  ],
  "disk_util" : [
    {
      "name" : "sdb",
      "read_ios" : 0,
      "write_ios" : 129463,
      "read_merges" : 0,
      "write_merges" : 285,
      "read_ticks" : 0,
      "write_ticks" : 256606,
      "in_queue" : 256606,
      "util" : 97.329773
    }
  ]
}
