{
  "fio version" : "fio-3.33",
  "timestamp" : 1747287675,
  "timestamp_ms" : 1747287675512,
  "time" : "Thu May 15 08:41:15 2025",
  "jobs" : [
    {
      "jobname" : "randread_B4096_Q128_T1",
      "groupid" : 0,
      "error" : 0,
      "eta" : 0,
      "elapsed" : 3,
      "job options" : {
        "rw" : "randread",
        "name" : "randread_B4096_Q128_T1",
        "bs" : "4096k",
        "iodepth" : "128",
        "numjobs" : "1",
        "runtime" : "10",
        "direct" : "1",
        "ioengine" : "libaio",
        "size" : "1G",
        "filename" : "/mnt/pve/test/write"
      },
      "read" : {
        "io_bytes" : 1073741824,
        "io_kbytes" : 1048576,
        "bw_bytes" : 520728333,
        "bw" : 508523,
        "iops" : 124.151309,
        "runtime" : 2062,
        "total_ios" : 256,
        "short_ios" : 0,
        "drop_ios" : 0,
        "slat_ns" : {
          "min" : 3424327,
          "max" : 10022954,
          "mean" : 7800915.593750,
          "stddev" : 1179394.411034,
          "N" : 256
        },
        "clat_ns" : {
          "min" : 61953700,
          "max" : 1126082854,
          "mean" : 795359972.105469,
          "stddev" : 307606192.307013,
          "N" : 256,
          "percentile" : {
            "1.000000" : 78118912,
            "5.000000" : 158334976,
            "10.000000" : 265289728,
            "20.000000" : 471859200,
            "30.000000" : 675282944,
            "40.000000" : 876609536,
            "50.000000" : 977272832,
            "60.000000" : 994050048,
            "70.000000" : 1010827264,
            "80.000000" : 1027604480,
            "90.000000" : 1052770304,
            "95.000000" : 1069547520,
            "99.000000" : 1132462080,
            "99.500000" : 1132462080,
            "99.900000" : 1132462080,
            "99.950000" : 1132462080,
            "99.990000" : 1132462080
          }
        },
        "lat_ns" : {
          "min" : 71936460,
          "max" : 1132836414,
          "mean" : 803160887.699219,
          "stddev" : 307448285.936373,
          "N" : 256
        },
        "bw_min" : 32768,
        "bw_max" : 516096,
        "bw_agg" : 69.270313,
        "bw_mean" : 352256.000000,
        "bw_dev" : 276715.040834,
        "bw_samples" : 3,
        "iops_min" : 8,
        "iops_max" : 126,
        "iops_mean" : 86.000000,
        "iops_stddev" : 67.557383,
        "iops_samples" : 3
      },
      "write" : {
        "io_bytes" : 0,
        "io_kbytes" : 0,
        "bw_bytes" : 0,
        "bw" : 0,
        "iops" : 0.000000,
        "runtime" : 0,
        "total_ios" : 0,
        "short_ios" : 0,
        "drop_ios" : 0,
        "slat_ns" : {
          "min" : 0,
          "max" : 0,
          "mean" : 0.000000,
          "stddev" : 0.000000,
          "N" : 0
        },
        "clat_ns" : {
          "min" : 0,
          "max" : 0,
          "mean" : 0.000000,
          "stddev" : 0.000000,
          "N" : 0
        },
        "lat_ns" : {
          "min" : 0,
          "max" : 0,
          "mean" : 0.000000,
          "stddev" : 0.000000,
          "N" : 0
        },
        "bw_min" : 0,
        "bw_max" : 0,
        "bw_agg" : 0.000000,
        "bw_mean" : 0.000000,
        "bw_dev" : 0.000000,
        "bw_samples" : 0,
        "iops_min" : 0,
        "iops_max" : 0,
        "iops_mean" : 0.000000,
        "iops_stddev" : 0.000000,
        "iops_samples" : 0
      },
      "trim" : {
        "io_bytes" : 0,
        "io_kbytes" : 0,
        "bw_bytes" : 0,
        "bw" : 0,
        "iops" : 0.000000,
        "runtime" : 0,
        "total_ios" : 0,
        "short_ios" : 0,
        "drop_ios" : 0,
        "slat_ns" : {
          "min" : 0,
          "max" : 0,
          "mean" : 0.000000,
          "stddev" : 0.000000,
          "N" : 0
        },
        "clat_ns" : {
          "min" : 0,
          "max" : 0,
          "mean" : 0.000000,
          "stddev" : 0.000000,
          "N" : 0
        },
        "lat_ns" : {
          "min" : 0,
          "max" : 0,
          "mean" : 0.000000,
          "stddev" : 0.000000,
          "N" : 0
        },
        "bw_min" : 0,
        "bw_max" : 0,
        "bw_agg" : 0.000000,
        "bw_mean" : 0.000000,
        "bw_dev" : 0.000000,
        "bw_samples" : 0,
        "iops_min" : 0,
        "iops_max" : 0,
        "iops_mean" : 0.000000,
        "iops_stddev" : 0.000000,
        "iops_samples" : 0
      },
      "sync" : {
        "total_ios" : 0,
        "lat_ns" : {
          "min" : 0,
          "max" : 0,
          "mean" : 0.000000,
          "stddev" : 0.000000,
          "N" : 0
        }
      },
      "job_runtime" : 2061,
      "usr_cpu" : 0.000000,
      "sys_cpu" : 25.424551,
      "ctx" : 1107,
      "majf" : 0,
      "minf" : 131081,
      "iodepth_level" : {
        "1" : 0.390625,
        "2" : 0.781250,
        "4" : 1.562500,
        "8" : 3.125000,
        "16" : 6.250000,
        "32" : 12.500000,
        ">=64" : 75.390625
      },
      "iodepth_submit" : {
        "0" : 0.000000,
        "4" : 100.000000,
        "8" : 0.000000,
        "16" : 0.000000,
        "32" : 0.000000,
        "64" : 0.000000,
        ">=64" : 0.000000
      },
      "iodepth_complete" : {
        "0" : 0.000000,
        "4" : 99.230769,
        "8" : 0.000000,
        "16" : 0.000000,
        "32" : 0.000000,
        "64" : 0.000000,
        ">=64" : 0.769231
      },
      "latency_ns" : {
        "2" : 0.000000,
        "4" : 0.000000,
        "10" : 0.000000,
        "20" : 0.000000,
        "50" : 0.000000,
        "100" : 0.000000,
        "250" : 0.000000,
        "500" : 0.000000,
        "750" : 0.000000,
        "1000" : 0.000000
      },
      "latency_us" : {
        "2" : 0.000000,
        "4" : 0.000000,
        "10" : 0.000000,
        "20" : 0.000000,
        "50" : 0.000000,
        "100" : 0.000000,
        "250" : 0.000000,
        "500" : 0.000000,
        "750" : 0.000000,
        "1000" : 0.000000
      },
      "latency_ms" : {
        "2" : 0.000000,
        "4" : 0.000000,
        "10" : 0.000000,
        "20" : 0.000000,
        "50" : 0.000000,
        "100" : 1.953125,
        "250" : 7.421875,
        "500" : 12.109375,
        "750" : 12.109375,
        "1000" : 30.859375,
        "2000" : 35.546875,
        ">=2000" : 0.000000
      },
      "latency_depth" : 128,
      "latency_target" : 0,
      "latency_percentile" : 100.000000,
      "latency_window" : 0
    }
  ],
  "disk_util" : [
    {
      "name" : "sdb",
      "read_ios" : 7536,
      "write_ios" : 0,
      "read_merges" : 2,
      "write_merges" : 0,
      "read_ticks" : 458260,
      "write_ticks" : 0,
      "in_queue" : 458261,
      "util" : 94.934804
    }
  ]
}
