{
  "fio version" : "fio-3.33",
  "timestamp" : 1747287391,
  "timestamp_ms" : 1747287391082,
  "time" : "Thu May 15 08:36:31 2025",
  "jobs" : [
    {
      "jobname" : "randread_B8_Q128_T1",
      "groupid" : 0,
      "error" : 0,
      "eta" : 0,
      "elapsed" : 4,
      "job options" : {
        "rw" : "randread",
        "name" : "randread_B8_Q128_T1",
        "bs" : "8k",
        "iodepth" : "128",
        "numjobs" : "1",
        "runtime" : "10",
        "direct" : "1",
        "ioengine" : "libaio",
        "size" : "1G",
        "filename" : "/mnt/pve/test/write"
      },
      "read" : {
        "io_bytes" : 1073741824,
        "io_kbytes" : 1048576,
        "bw_bytes" : 337336419,
        "bw" : 329430,
        "iops" : 41178.762174,
        "runtime" : 3183,
        "total_ios" : 131072,
        "short_ios" : 0,
        "drop_ios" : 0,
        "slat_ns" : {
          "min" : 3209,
          "max" : 655162,
          "mean" : 14506.315750,
          "stddev" : 17158.637823,
          "N" : 131072
        },
        "clat_ns" : {
          "min" : 481060,
          "max" : 45418706,
          "mean" : 3089694.120644,
          "stddev" : 1340745.848814,
          "N" : 131072,
          "percentile" : {
            "1.000000" : 765952,
            "5.000000" : 1105920,
            "10.000000" : 1499136,
            "20.000000" : 2244608,
            "30.000000" : 2834432,
            "40.000000" : 2965504,
            "50.000000" : 3031040,
            "60.000000" : 3129344,
            "70.000000" : 3260416,
            "80.000000" : 3751936,
            "90.000000" : 4554752,
            "95.000000" : 5013504,
            "99.000000" : 5931008,
            "99.500000" : 8716288,
            "99.900000" : 16056320,
            "99.950000" : 18743296,
            "99.990000" : 28704768
          }
        },
        "lat_ns" : {
          "min" : 507337,
          "max" : 45429406,
          "mean" : 3104200.436394,
          "stddev" : 1340537.130196,
          "N" : 131072
        },
        "bw_min" : 325376,
        "bw_max" : 331888,
        "bw_agg" : 99.925296,
        "bw_mean" : 329184.000000,
        "bw_dev" : 2577.718681,
        "bw_samples" : 6,
        "iops_min" : 40672,
        "iops_max" : 41486,
        "iops_mean" : 41148.000000,
        "iops_stddev" : 322.214835,
        "iops_samples" : 6
      },
      "write" : {
        "io_bytes" : 0,
        "io_kbytes" : 0,
        "bw_bytes" : 0,
        "bw" : 0,
        "iops" : 0.000000,
        "runtime" : 0,
        "total_ios" : 0,
        "short_ios" : 0,
        "drop_ios" : 0,
        "slat_ns" : {
          "min" : 0,
          "max" : 0,
          "mean" : 0.000000,
          "stddev" : 0.000000,
          "N" : 0
        },
        "clat_ns" : {
          "min" : 0,
          "max" : 0,
          "mean" : 0.000000,
          "stddev" : 0.000000,
          "N" : 0
        },
        "lat_ns" : {
          "min" : 0,
          "max" : 0,
          "mean" : 0.000000,
          "stddev" : 0.000000,
          "N" : 0
        },
        "bw_min" : 0,
        "bw_max" : 0,
        "bw_agg" : 0.000000,
        "bw_mean" : 0.000000,
        "bw_dev" : 0.000000,
        "bw_samples" : 0,
        "iops_min" : 0,
        "iops_max" : 0,
        "iops_mean" : 0.000000,
        "iops_stddev" : 0.000000,
        "iops_samples" : 0
      },
      "trim" : {
        "io_bytes" : 0,
        "io_kbytes" : 0,
        "bw_bytes" : 0,
        "bw" : 0,
        "iops" : 0.000000,
        "runtime" : 0,
        "total_ios" : 0,
        "short_ios" : 0,
        "drop_ios" : 0,
        "slat_ns" : {
          "min" : 0,
          "max" : 0,
          "mean" : 0.000000,
          "stddev" : 0.000000,
          "N" : 0
        },
        "clat_ns" : {
          "min" : 0,
          "max" : 0,
          "mean" : 0.000000,
          "stddev" : 0.000000,
          "N" : 0
        },
        "lat_ns" : {
          "min" : 0,
          "max" : 0,
          "mean" : 0.000000,
          "stddev" : 0.000000,
          "N" : 0
        },
        "bw_min" : 0,
        "bw_max" : 0,
        "bw_agg" : 0.000000,
        "bw_mean" : 0.000000,
        "bw_dev" : 0.000000,
        "bw_samples" : 0,
        "iops_min" : 0,
        "iops_max" : 0,
        "iops_mean" : 0.000000,
        "iops_stddev" : 0.000000,
        "iops_samples" : 0
      },
      "sync" : {
        "total_ios" : 0,
        "lat_ns" : {
          "min" : 0,
          "max" : 0,
          "mean" : 0.000000,
          "stddev" : 0.000000,
          "N" : 0
        }
      },
      "job_runtime" : 3182,
      "usr_cpu" : 13.324953,
      "sys_cpu" : 55.436832,
      "ctx" : 50503,
      "majf" : 0,
      "minf" : 273,
      "iodepth_level" : {
        "1" : 0.100000,
        "2" : 0.100000,
        "4" : 0.100000,
        "8" : 0.100000,
        "16" : 0.100000,
        "32" : 0.100000,
        ">=64" : 99.951935
      },
      "iodepth_submit" : {
        "0" : 0.000000,
        "4" : 100.000000,
        "8" : 0.000000,
        "16" : 0.000000,
        "32" : 0.000000,
        "64" : 0.000000,
        ">=64" : 0.000000
      },
      "iodepth_complete" : {
        "0" : 0.000000,
        "4" : 99.999236,
        "8" : 0.000000,
        "16" : 0.000000,
        "32" : 0.000000,
        "64" : 0.000000,
        ">=64" : 0.100000
      },
      "latency_ns" : {
        "2" : 0.000000,
        "4" : 0.000000,
        "10" : 0.000000,
        "20" : 0.000000,
        "50" : 0.000000,
        "100" : 0.000000,
        "250" : 0.000000,
        "500" : 0.000000,
        "750" : 0.000000,
        "1000" : 0.000000
      },
      "latency_us" : {
        "2" : 0.000000,
        "4" : 0.000000,
        "10" : 0.000000,
        "20" : 0.000000,
        "50" : 0.000000,
        "100" : 0.000000,
        "250" : 0.000000,
        "500" : 0.010000,
        "750" : 0.815582,
        "1000" : 2.862549
      },
      "latency_ms" : {
        "2" : 13.095856,
        "4" : 66.313171,
        "10" : 16.534424,
        "20" : 0.337219,
        "50" : 0.040436,
        "100" : 0.000000,
        "250" : 0.000000,
        "500" : 0.000000,
        "750" : 0.000000,
        "1000" : 0.000000,
        "2000" : 0.000000,
        ">=2000" : 0.000000
      },
      "latency_depth" : 128,
      "latency_target" : 0,
      "latency_percentile" : 100.000000,
      "latency_window" : 0
    }
  ],
  "disk_util" : [
    {
      "name" : "sdb",
      "read_ios" : 128931,
      "write_ios" : 0,
      "read_merges" : 468,
      "write_merges" : 0,
      "read_ticks" : 264572,
      "write_ticks" : 0,
      "in_queue" : 264572,
      "util" : 96.947271
    }
  ]
}
