{
  "fio version" : "fio-3.33",
  "timestamp" : 1747287608,
  "timestamp_ms" : 1747287608509,
  "time" : "Thu May 15 08:40:08 2025",
  "jobs" : [
    {
      "jobname" : "read_B4_Q128_T1",
      "groupid" : 0,
      "error" : 0,
      "eta" : 0,
      "elapsed" : 4,
      "job options" : {
        "rw" : "read",
        "name" : "read_B4_Q128_T1",
        "bs" : "4k",
        "iodepth" : "128",
        "numjobs" : "1",
        "runtime" : "10",
        "direct" : "1",
        "ioengine" : "libaio",
        "size" : "1G",
        "filename" : "/mnt/pve/test/write"
      },
      "read" : {
        "io_bytes" : 1073741824,
        "io_kbytes" : 1048576,
        "bw_bytes" : 314787987,
        "bw" : 307410,
        "iops" : 76852.535913,
        "runtime" : 3411,
        "total_ios" : 262144,
        "short_ios" : 0,
        "drop_ios" : 0,
        "slat_ns" : {
          "min" : 2272,
          "max" : 598810,
          "mean" : 8060.921997,
          "stddev" : 9764.779580,
          "N" : 262144
        },
        "clat_ns" : {
          "min" : 223151,
          "max" : 3592636,
          "mean" : 1655747.018238,
          "stddev" : 493621.149690,
          "N" : 262144,
          "percentile" : {
            "1.000000" : 790528,
            "5.000000" : 1044480,
            "10.000000" : 1171456,
            "20.000000" : 1286144,
            "30.000000" : 1368064,
            "40.000000" : 1433600,
            "50.000000" : 1515520,
            "60.000000" : 1613824,
            "70.000000" : 1777664,
            "80.000000" : 2113536,
            "90.000000" : 2441216,
            "95.000000" : 2670592,
            "99.000000" : 2965504,
            "99.500000" : 3031040,
            "99.900000" : 3129344,
            "99.950000" : 3194880,
            "99.990000" : 3391488
          }
        },
        "lat_ns" : {
          "min" : 238164,
          "max" : 3607484,
          "mean" : 1663807.940235,
          "stddev" : 496060.110502,
          "N" : 262144
        },
        "bw_min" : 237792,
        "bw_max" : 361032,
        "bw_agg" : 97.533867,
        "bw_mean" : 299829.333333,
        "bw_dev" : 55304.163672,
        "bw_samples" : 6,
        "iops_min" : 59450,
        "iops_max" : 90258,
        "iops_mean" : 74957.333333,
        "iops_stddev" : 13825.401009,
        "iops_samples" : 6
      },
      "write" : {
        "io_bytes" : 0,
        "io_kbytes" : 0,
        "bw_bytes" : 0,
        "bw" : 0,
        "iops" : 0.000000,
        "runtime" : 0,
        "total_ios" : 0,
        "short_ios" : 0,
        "drop_ios" : 0,
        "slat_ns" : {
          "min" : 0,
          "max" : 0,
          "mean" : 0.000000,
          "stddev" : 0.000000,
          "N" : 0
        },
        "clat_ns" : {
          "min" : 0,
          "max" : 0,
          "mean" : 0.000000,
          "stddev" : 0.000000,
          "N" : 0
        },
        "lat_ns" : {
          "min" : 0,
          "max" : 0,
          "mean" : 0.000000,
          "stddev" : 0.000000,
          "N" : 0
        },
        "bw_min" : 0,
        "bw_max" : 0,
        "bw_agg" : 0.000000,
        "bw_mean" : 0.000000,
        "bw_dev" : 0.000000,
        "bw_samples" : 0,
        "iops_min" : 0,
        "iops_max" : 0,
        "iops_mean" : 0.000000,
        "iops_stddev" : 0.000000,
        "iops_samples" : 0
      },
      "trim" : {
        "io_bytes" : 0,
        "io_kbytes" : 0,
        "bw_bytes" : 0,
        "bw" : 0,
        "iops" : 0.000000,
        "runtime" : 0,
        "total_ios" : 0,
        "short_ios" : 0,
        "drop_ios" : 0,
        "slat_ns" : {
          "min" : 0,
          "max" : 0,
          "mean" : 0.000000,
          "stddev" : 0.000000,
          "N" : 0
        },
        "clat_ns" : {
          "min" : 0,
          "max" : 0,
          "mean" : 0.000000,
          "stddev" : 0.000000,
          "N" : 0
        },
        "lat_ns" : {
          "min" : 0,
          "max" : 0,
          "mean" : 0.000000,
          "stddev" : 0.000000,
          "N" : 0
        },
        "bw_min" : 0,
        "bw_max" : 0,
        "bw_agg" : 0.000000,
        "bw_mean" : 0.000000,
        "bw_dev" : 0.000000,
        "bw_samples" : 0,
        "iops_min" : 0,
        "iops_max" : 0,
        "iops_mean" : 0.000000,
        "iops_stddev" : 0.000000,
        "iops_samples" : 0
      },
      "sync" : {
        "total_ios" : 0,
        "lat_ns" : {
          "min" : 0,
          "max" : 0,
          "mean" : 0.000000,
          "stddev" : 0.000000,
          "N" : 0
        }
      },
      "job_runtime" : 3410,
      "usr_cpu" : 21.876833,
      "sys_cpu" : 58.445748,
      "ctx" : 13254,
      "majf" : 0,
      "minf" : 139,
      "iodepth_level" : {
        "1" : 0.100000,
        "2" : 0.100000,
        "4" : 0.100000,
        "8" : 0.100000,
        "16" : 0.100000,
        "32" : 0.100000,
        ">=64" : 99.975967
      },
      "iodepth_submit" : {
        "0" : 0.000000,
        "4" : 100.000000,
        "8" : 0.000000,
        "16" : 0.000000,
        "32" : 0.000000,
        "64" : 0.000000,
        ">=64" : 0.000000
      },
      "iodepth_complete" : {
        "0" : 0.000000,
        "4" : 99.999618,
        "8" : 0.000000,
        "16" : 0.000000,
        "32" : 0.000000,
        "64" : 0.000000,
        ">=64" : 0.100000
      },
      "latency_ns" : {
        "2" : 0.000000,
        "4" : 0.000000,
        "10" : 0.000000,
        "20" : 0.000000,
        "50" : 0.000000,
        "100" : 0.000000,
        "250" : 0.000000,
        "500" : 0.000000,
        "750" : 0.000000,
        "1000" : 0.000000
      },
      "latency_us" : {
        "2" : 0.000000,
        "4" : 0.000000,
        "10" : 0.000000,
        "20" : 0.000000,
        "50" : 0.000000,
        "100" : 0.000000,
        "250" : 0.010000,
        "500" : 0.102615,
        "750" : 0.661469,
        "1000" : 2.997589
      },
      "latency_ms" : {
        "2" : 73.408127,
        "4" : 22.829437,
        "10" : 0.000000,
        "20" : 0.000000,
        "50" : 0.000000,
        "100" : 0.000000,
        "250" : 0.000000,
        "500" : 0.000000,
        "750" : 0.000000,
        "1000" : 0.000000,
        "2000" : 0.000000,
        ">=2000" : 0.000000
      },
      "latency_depth" : 128,
      "latency_target" : 0,
      "latency_percentile" : 100.000000,
      "latency_window" : 0
    }
  ],
  "disk_util" : [
    {
      "name" : "sdb",
      "read_ios" : 111956,
      "write_ios" : 1,
      "read_merges" : 148802,
      "write_merges" : 0,
      "read_ticks" : 80419,
      "write_ticks" : 0,
      "in_queue" : 80419,
      "util" : 97.195994
    }
  ]
}
