{
  "fio version" : "fio-3.33",
  "timestamp" : 1747287637,
  "timestamp_ms" : 1747287637009,
  "time" : "Thu May 15 08:40:37 2025",
  "jobs" : [
    {
      "jobname" : "read_B4_Q32_T1",
      "groupid" : 0,
      "error" : 0,
      "eta" : 0,
      "elapsed" : 6,
      "job options" : {
        "rw" : "read",
        "name" : "read_B4_Q32_T1",
        "bs" : "4k",
        "iodepth" : "32",
        "numjobs" : "1",
        "runtime" : "10",
        "direct" : "1",
        "ioengine" : "libaio",
        "size" : "1G",
        "filename" : "/mnt/pve/test/write"
      },
      "read" : {
        "io_bytes" : 1073741824,
        "io_kbytes" : 1048576,
        "bw_bytes" : 207006328,
        "bw" : 202154,
        "iops" : 50538.654328,
        "runtime" : 5187,
        "total_ios" : 262144,
        "short_ios" : 0,
        "drop_ios" : 0,
        "slat_ns" : {
          "min" : 2312,
          "max" : 585659,
          "mean" : 12754.263794,
          "stddev" : 8109.829483,
          "N" : 262144
        },
        "clat_ns" : {
          "min" : 94250,
          "max" : 1908172,
          "mean" : 619109.977131,
          "stddev" : 283136.587304,
          "N" : 262144,
          "percentile" : {
            "1.000000" : 171008,
            "5.000000" : 244736,
            "10.000000" : 284672,
            "20.000000" : 346112,
            "30.000000" : 411648,
            "40.000000" : 493568,
            "50.000000" : 577536,
            "60.000000" : 667648,
            "70.000000" : 765952,
            "80.000000" : 880640,
            "90.000000" : 1036288,
            "95.000000" : 1138688,
            "99.000000" : 1269760,
            "99.500000" : 1351680,
            "99.900000" : 1499136,
            "99.950000" : 1564672,
            "99.990000" : 1712128
          }
        },
        "lat_ns" : {
          "min" : 104184,
          "max" : 1919562,
          "mean" : 631864.240925,
          "stddev" : 282755.038938,
          "N" : 262144
        },
        "bw_min" : 190144,
        "bw_max" : 214216,
        "bw_agg" : 100.000000,
        "bw_mean" : 202268.800000,
        "bw_dev" : 7396.428880,
        "bw_samples" : 10,
        "iops_min" : 47536,
        "iops_max" : 53554,
        "iops_mean" : 50567.200000,
        "iops_stddev" : 1849.107220,
        "iops_samples" : 10
      },
      "write" : {
        "io_bytes" : 0,
        "io_kbytes" : 0,
        "bw_bytes" : 0,
        "bw" : 0,
        "iops" : 0.000000,
        "runtime" : 0,
        "total_ios" : 0,
        "short_ios" : 0,
        "drop_ios" : 0,
        "slat_ns" : {
          "min" : 0,
          "max" : 0,
          "mean" : 0.000000,
          "stddev" : 0.000000,
          "N" : 0
        },
        "clat_ns" : {
          "min" : 0,
          "max" : 0,
          "mean" : 0.000000,
          "stddev" : 0.000000,
          "N" : 0
        },
        "lat_ns" : {
          "min" : 0,
          "max" : 0,
          "mean" : 0.000000,
          "stddev" : 0.000000,
          "N" : 0
        },
        "bw_min" : 0,
        "bw_max" : 0,
        "bw_agg" : 0.000000,
        "bw_mean" : 0.000000,
        "bw_dev" : 0.000000,
        "bw_samples" : 0,
        "iops_min" : 0,
        "iops_max" : 0,
        "iops_mean" : 0.000000,
        "iops_stddev" : 0.000000,
        "iops_samples" : 0
      },
      "trim" : {
        "io_bytes" : 0,
        "io_kbytes" : 0,
        "bw_bytes" : 0,
        "bw" : 0,
        "iops" : 0.000000,
        "runtime" : 0,
        "total_ios" : 0,
        "short_ios" : 0,
        "drop_ios" : 0,
        "slat_ns" : {
          "min" : 0,
          "max" : 0,
          "mean" : 0.000000,
          "stddev" : 0.000000,
          "N" : 0
        },
        "clat_ns" : {
          "min" : 0,
          "max" : 0,
          "mean" : 0.000000,
          "stddev" : 0.000000,
          "N" : 0
        },
        "lat_ns" : {
          "min" : 0,
          "max" : 0,
          "mean" : 0.000000,
          "stddev" : 0.000000,
          "N" : 0
        },
        "bw_min" : 0,
        "bw_max" : 0,
        "bw_agg" : 0.000000,
        "bw_mean" : 0.000000,
        "bw_dev" : 0.000000,
        "bw_samples" : 0,
        "iops_min" : 0,
        "iops_max" : 0,
        "iops_mean" : 0.000000,
        "iops_stddev" : 0.000000,
        "iops_samples" : 0
      },
      "sync" : {
        "total_ios" : 0,
        "lat_ns" : {
          "min" : 0,
          "max" : 0,
          "mean" : 0.000000,
          "stddev" : 0.000000,
          "N" : 0
        }
      },
      "job_runtime" : 5186,
      "usr_cpu" : 18.974161,
      "sys_cpu" : 66.004628,
      "ctx" : 21256,
      "majf" : 0,
      "minf" : 52,
      "iodepth_level" : {
        "1" : 0.100000,
        "2" : 0.100000,
        "4" : 0.100000,
        "8" : 0.100000,
        "16" : 0.100000,
        "32" : 99.988174,
        ">=64" : 0.000000
      },
      "iodepth_submit" : {
        "0" : 0.000000,
        "4" : 100.000000,
        "8" : 0.000000,
        "16" : 0.000000,
        "32" : 0.000000,
        "64" : 0.000000,
        ">=64" : 0.000000
      },
      "iodepth_complete" : {
        "0" : 0.000000,
        "4" : 99.999618,
        "8" : 0.000000,
        "16" : 0.000000,
        "32" : 0.100000,
        "64" : 0.000000,
        ">=64" : 0.000000
      },
      "latency_ns" : {
        "2" : 0.000000,
        "4" : 0.000000,
        "10" : 0.000000,
        "20" : 0.000000,
        "50" : 0.000000,
        "100" : 0.000000,
        "250" : 0.000000,
        "500" : 0.000000,
        "750" : 0.000000,
        "1000" : 0.000000
      },
      "latency_us" : {
        "2" : 0.000000,
        "4" : 0.000000,
        "10" : 0.000000,
        "20" : 0.000000,
        "50" : 0.000000,
        "100" : 0.010000,
        "250" : 5.444717,
        "500" : 35.204315,
        "750" : 28.129196,
        "1000" : 18.914795
      },
      "latency_ms" : {
        "2" : 12.304688,
        "4" : 0.000000,
        "10" : 0.000000,
        "20" : 0.000000,
        "50" : 0.000000,
        "100" : 0.000000,
        "250" : 0.000000,
        "500" : 0.000000,
        "750" : 0.000000,
        "1000" : 0.000000,
        "2000" : 0.000000,
        ">=2000" : 0.000000
      },
      "latency_depth" : 32,
      "latency_target" : 0,
      "latency_percentile" : 100.000000,
      "latency_window" : 0
    }
  ],
  "disk_util" : [
    {
      "name" : "sdb",
      "read_ios" : 227866,
      "write_ios" : 0,
      "read_merges" : 31921,
      "write_merges" : 0,
      "read_ticks" : 109785,
      "write_ticks" : 0,
      "in_queue" : 109786,
      "util" : 98.130485
    }
  ]
}
