{
  "fio version" : "fio-3.33",
  "timestamp" : 1747287366,
  "timestamp_ms" : 1747287366327,
  "time" : "Thu May 15 08:36:06 2025",
  "jobs" : [
    {
      "jobname" : "write_B8_Q1_T1",
      "groupid" : 0,
      "error" : 0,
      "eta" : 0,
      "elapsed" : 11,
      "job options" : {
        "rw" : "write",
        "name" : "write_B8_Q1_T1",
        "bs" : "8k",
        "iodepth" : "1",
        "numjobs" : "1",
        "runtime" : "10",
        "direct" : "1",
        "ioengine" : "libaio",
        "size" : "1G",
        "filename" : "/mnt/pve/test/write"
      },
      "read" : {
        "io_bytes" : 0,
        "io_kbytes" : 0,
        "bw_bytes" : 0,
        "bw" : 0,
        "iops" : 0.000000,
        "runtime" : 0,
        "total_ios" : 0,
        "short_ios" : 0,
        "drop_ios" : 0,
        "slat_ns" : {
          "min" : 0,
          "max" : 0,
          "mean" : 0.000000,
          "stddev" : 0.000000,
          "N" : 0
        },
        "clat_ns" : {
          "min" : 0,
          "max" : 0,
          "mean" : 0.000000,
          "stddev" : 0.000000,
          "N" : 0
        },
        "lat_ns" : {
          "min" : 0,
          "max" : 0,
          "mean" : 0.000000,
          "stddev" : 0.000000,
          "N" : 0
        },
        "bw_min" : 0,
        "bw_max" : 0,
        "bw_agg" : 0.000000,
        "bw_mean" : 0.000000,
        "bw_dev" : 0.000000,
        "bw_samples" : 0,
        "iops_min" : 0,
        "iops_max" : 0,
        "iops_mean" : 0.000000,
        "iops_stddev" : 0.000000,
        "iops_samples" : 0
      },
      "write" : {
        "io_bytes" : 988364800,
        "io_kbytes" : 965200,
        "bw_bytes" : 98826597,
        "bw" : 96510,
        "iops" : 12063.793621,
        "runtime" : 10001,
        "total_ios" : 120650,
        "short_ios" : 0,
        "drop_ios" : 0,
        "slat_ns" : {
          "min" : 15505,
          "max" : 469029,
          "mean" : 18638.789457,
          "stddev" : 6762.163377,
          "N" : 120650
        },
        "clat_ns" : {
          "min" : 3524,
          "max" : 2083860,
          "mean" : 61864.960854,
          "stddev" : 24886.735669,
          "N" : 120650,
          "percentile" : {
            "1.000000" : 54016,
            "5.000000" : 54528,
            "10.000000" : 55040,
            "20.000000" : 55552,
            "30.000000" : 56064,
            "40.000000" : 56064,
            "50.000000" : 56576,
            "60.000000" : 56576,
            "70.000000" : 57088,
            "80.000000" : 57600,
            "90.000000" : 59136,
            "95.000000" : 88576,
            "99.000000" : 160768,
            "99.500000" : 160768,
            "99.900000" : 179200,
            "99.950000" : 460800,
            "99.990000" : 501760
          }
        },
        "lat_ns" : {
          "min" : 69904,
          "max" : 2102822,
          "mean" : 80503.750311,
          "stddev" : 25929.361919,
          "N" : 120650
        },
        "bw_min" : 44032,
        "bw_max" : 105264,
        "bw_agg" : 99.912601,
        "bw_mean" : 96426.105263,
        "bw_dev" : 16185.441984,
        "bw_samples" : 19,
        "iops_min" : 5504,
        "iops_max" : 13158,
        "iops_mean" : 12053.263158,
        "iops_stddev" : 2023.180248,
        "iops_samples" : 19
      },
      "trim" : {
        "io_bytes" : 0,
        "io_kbytes" : 0,
        "bw_bytes" : 0,
        "bw" : 0,
        "iops" : 0.000000,
        "runtime" : 0,
        "total_ios" : 0,
        "short_ios" : 0,
        "drop_ios" : 0,
        "slat_ns" : {
          "min" : 0,
          "max" : 0,
          "mean" : 0.000000,
          "stddev" : 0.000000,
          "N" : 0
        },
        "clat_ns" : {
          "min" : 0,
          "max" : 0,
          "mean" : 0.000000,
          "stddev" : 0.000000,
          "N" : 0
        },
        "lat_ns" : {
          "min" : 0,
          "max" : 0,
          "mean" : 0.000000,
          "stddev" : 0.000000,
          "N" : 0
        },
        "bw_min" : 0,
        "bw_max" : 0,
        "bw_agg" : 0.000000,
        "bw_mean" : 0.000000,
        "bw_dev" : 0.000000,
        "bw_samples" : 0,
        "iops_min" : 0,
        "iops_max" : 0,
        "iops_mean" : 0.000000,
        "iops_stddev" : 0.000000,
        "iops_samples" : 0
      },
      "sync" : {
        "total_ios" : 0,
        "lat_ns" : {
          "min" : 0,
          "max" : 0,
          "mean" : 0.000000,
          "stddev" : 0.000000,
          "N" : 0
        }
      },
      "job_runtime" : 10000,
      "usr_cpu" : 8.640000,
      "sys_cpu" : 24.200000,
      "ctx" : 120752,
      "majf" : 0,
      "minf" : 26,
      "iodepth_level" : {
        "1" : 100.000000,
        "2" : 0.000000,
        "4" : 0.000000,
        "8" : 0.000000,
        "16" : 0.000000,
        "32" : 0.000000,
        ">=64" : 0.000000
      },
      "iodepth_submit" : {
        "0" : 0.000000,
        "4" : 100.000000,
        "8" : 0.000000,
        "16" : 0.000000,
        "32" : 0.000000,
        "64" : 0.000000,
        ">=64" : 0.000000
      },
      "iodepth_complete" : {
        "0" : 0.000000,
        "4" : 100.000000,
        "8" : 0.000000,
        "16" : 0.000000,
        "32" : 0.000000,
        "64" : 0.000000,
        ">=64" : 0.000000
      },
      "latency_ns" : {
        "2" : 0.000000,
        "4" : 0.000000,
        "10" : 0.000000,
        "20" : 0.000000,
        "50" : 0.000000,
        "100" : 0.000000,
        "250" : 0.000000,
        "500" : 0.000000,
        "750" : 0.000000,
        "1000" : 0.000000
      },
      "latency_us" : {
        "2" : 0.000000,
        "4" : 0.024036,
        "10" : 0.024865,
        "20" : 0.010000,
        "50" : 0.208040,
        "100" : 94.789059,
        "250" : 4.887692,
        "500" : 0.042271,
        "750" : 0.013262,
        "1000" : 0.000000
      },
      "latency_ms" : {
        "2" : 0.000000,
        "4" : 0.010000,
        "10" : 0.000000,
        "20" : 0.000000,
        "50" : 0.000000,
        "100" : 0.000000,
        "250" : 0.000000,
        "500" : 0.000000,
        "750" : 0.000000,
        "1000" : 0.000000,
        "2000" : 0.000000,
        ">=2000" : 0.000000
      },
      "latency_depth" : 1,
      "latency_target" : 0,
      "latency_percentile" : 100.000000,
      "latency_window" : 0
    }
  ],
  "disk_util" : [
    {
      "name" : "sdb",
      "read_ios" : 0,
      "write_ios" : 119330,
      "read_merges" : 0,
      "write_merges" : 0,
      "read_ticks" : 0,
      "write_ticks" : 7109,
      "in_queue" : 7109,
      "util" : 99.059059
    }
  ]
}
