{
  "fio version" : "fio-3.33",
  "timestamp" : 1747291655,
  "timestamp_ms" : 1747291655457,
  "time" : "Thu May 15 09:47:35 2025",
  "jobs" : [
    {
      "jobname" : "randread_B4_Q1_T1",
      "groupid" : 0,
      "error" : 0,
      "eta" : 0,
      "elapsed" : 11,
      "job options" : {
        "rw" : "randread",
        "name" : "randread_B4_Q1_T1",
        "bs" : "4k",
        "iodepth" : "1",
        "numjobs" : "1",
        "runtime" : "10",
        "direct" : "1",
        "ioengine" : "libaio",
        "size" : "1G",
        "filename" : "/mnt/pve/test/write"
      },
      "read" : {
        "io_bytes" : 287604736,
        "io_kbytes" : 280864,
        "bw_bytes" : 28757597,
        "bw" : 28083,
        "iops" : 7020.897910,
        "runtime" : 10001,
        "total_ios" : 70216,
        "short_ios" : 0,
        "drop_ios" : 0,
        "slat_ns" : {
          "min" : 13630,
          "max" : 477964,
          "mean" : 15356.917697,
          "stddev" : 5316.514963,
          "N" : 70216
        },
        "clat_ns" : {
          "min" : 58291,
          "max" : 607544,
          "mean" : 124814.692563,
          "stddev" : 21099.280417,
          "N" : 70216,
          "percentile" : {
            "1.000000" : 62720,
            "5.000000" : 102912,
            "10.000000" : 103936,
            "20.000000" : 104960,
            "30.000000" : 105984,
            "40.000000" : 132096,
            "50.000000" : 134144,
            "60.000000" : 134144,
            "70.000000" : 136192,
            "80.000000" : 136192,
            "90.000000" : 138240,
            "95.000000" : 138240,
            "99.000000" : 144384,
            "99.500000" : 150528,
            "99.900000" : 468992,
            "99.950000" : 536576,
            "99.990000" : 585728
          }
        },
        "lat_ns" : {
          "min" : 72501,
          "max" : 621968,
          "mean" : 140171.610260,
          "stddev" : 21794.067456,
          "N" : 70216
        },
        "bw_min" : 27856,
        "bw_max" : 28352,
        "bw_agg" : 100.000000,
        "bw_mean" : 28099.789474,
        "bw_dev" : 120.543021,
        "bw_samples" : 19,
        "iops_min" : 6964,
        "iops_max" : 7088,
        "iops_mean" : 7024.947368,
        "iops_stddev" : 30.135755,
        "iops_samples" : 19
      },
      "write" : {
        "io_bytes" : 0,
        "io_kbytes" : 0,
        "bw_bytes" : 0,
        "bw" : 0,
        "iops" : 0.000000,
        "runtime" : 0,
        "total_ios" : 0,
        "short_ios" : 0,
        "drop_ios" : 0,
        "slat_ns" : {
          "min" : 0,
          "max" : 0,
          "mean" : 0.000000,
          "stddev" : 0.000000,
          "N" : 0
        },
        "clat_ns" : {
          "min" : 0,
          "max" : 0,
          "mean" : 0.000000,
          "stddev" : 0.000000,
          "N" : 0
        },
        "lat_ns" : {
          "min" : 0,
          "max" : 0,
          "mean" : 0.000000,
          "stddev" : 0.000000,
          "N" : 0
        },
        "bw_min" : 0,
        "bw_max" : 0,
        "bw_agg" : 0.000000,
        "bw_mean" : 0.000000,
        "bw_dev" : 0.000000,
        "bw_samples" : 0,
        "iops_min" : 0,
        "iops_max" : 0,
        "iops_mean" : 0.000000,
        "iops_stddev" : 0.000000,
        "iops_samples" : 0
      },
      "trim" : {
        "io_bytes" : 0,
        "io_kbytes" : 0,
        "bw_bytes" : 0,
        "bw" : 0,
        "iops" : 0.000000,
        "runtime" : 0,
        "total_ios" : 0,
        "short_ios" : 0,
        "drop_ios" : 0,
        "slat_ns" : {
          "min" : 0,
          "max" : 0,
          "mean" : 0.000000,
          "stddev" : 0.000000,
          "N" : 0
        },
        "clat_ns" : {
          "min" : 0,
          "max" : 0,
          "mean" : 0.000000,
          "stddev" : 0.000000,
          "N" : 0
        },
        "lat_ns" : {
          "min" : 0,
          "max" : 0,
          "mean" : 0.000000,
          "stddev" : 0.000000,
          "N" : 0
        },
        "bw_min" : 0,
        "bw_max" : 0,
        "bw_agg" : 0.000000,
        "bw_mean" : 0.000000,
        "bw_dev" : 0.000000,
        "bw_samples" : 0,
        "iops_min" : 0,
        "iops_max" : 0,
        "iops_mean" : 0.000000,
        "iops_stddev" : 0.000000,
        "iops_samples" : 0
      },
      "sync" : {
        "total_ios" : 0,
        "lat_ns" : {
          "min" : 0,
          "max" : 0,
          "mean" : 0.000000,
          "stddev" : 0.000000,
          "N" : 0
        }
      },
      "job_runtime" : 10000,
      "usr_cpu" : 4.980000,
      "sys_cpu" : 15.120000,
      "ctx" : 70225,
      "majf" : 0,
      "minf" : 12,
      "iodepth_level" : {
        "1" : 100.000000,
        "2" : 0.000000,
        "4" : 0.000000,
        "8" : 0.000000,
        "16" : 0.000000,
        "32" : 0.000000,
        ">=64" : 0.000000
      },
      "iodepth_submit" : {
        "0" : 0.000000,
        "4" : 100.000000,
        "8" : 0.000000,
        "16" : 0.000000,
        "32" : 0.000000,
        "64" : 0.000000,
        ">=64" : 0.000000
      },
      "iodepth_complete" : {
        "0" : 0.000000,
        "4" : 100.000000,
        "8" : 0.000000,
        "16" : 0.000000,
        "32" : 0.000000,
        "64" : 0.000000,
        ">=64" : 0.000000
      },
      "latency_ns" : {
        "2" : 0.000000,
        "4" : 0.000000,
        "10" : 0.000000,
        "20" : 0.000000,
        "50" : 0.000000,
        "100" : 0.000000,
        "250" : 0.000000,
        "500" : 0.000000,
        "750" : 0.000000,
        "1000" : 0.000000
      },
      "latency_us" : {
        "2" : 0.000000,
        "4" : 0.000000,
        "10" : 0.000000,
        "20" : 0.000000,
        "50" : 0.000000,
        "100" : 1.355816,
        "250" : 98.537370,
        "500" : 0.028484,
        "750" : 0.078330,
        "1000" : 0.000000
      },
      "latency_ms" : {
        "2" : 0.000000,
        "4" : 0.000000,
        "10" : 0.000000,
        "20" : 0.000000,
        "50" : 0.000000,
        "100" : 0.000000,
        "250" : 0.000000,
        "500" : 0.000000,
        "750" : 0.000000,
        "1000" : 0.000000,
        "2000" : 0.000000,
        ">=2000" : 0.000000
      },
      "latency_depth" : 1,
      "latency_target" : 0,
      "latency_percentile" : 100.000000,
      "latency_window" : 0
    }
  ],
  "disk_util" : [
    {
      "name" : "sdb",
      "read_ios" : 69486,
      "write_ios" : 4,
      "read_merges" : 0,
      "write_merges" : 1,
      "read_ticks" : 8832,
      "write_ticks" : 0,
      "in_queue" : 8832,
      "util" : 99.069069
    }
  ]
}
