{
  "fio version" : "fio-3.33",
  "timestamp" : 1747291520,
  "timestamp_ms" : 1747291520328,
  "time" : "Thu May 15 09:45:20 2025",
  "jobs" : [
    {
      "jobname" : "randread_B4_Q128_T1",
      "groupid" : 0,
      "error" : 0,
      "eta" : 0,
      "elapsed" : 5,
      "job options" : {
        "rw" : "randread",
        "name" : "randread_B4_Q128_T1",
        "bs" : "4k",
        "iodepth" : "128",
        "numjobs" : "1",
        "runtime" : "10",
        "direct" : "1",
        "ioengine" : "libaio",
        "size" : "1G",
        "filename" : "/mnt/pve/test/write"
      },
      "read" : {
        "io_bytes" : 1073741824,
        "io_kbytes" : 1048576,
        "bw_bytes" : 249649342,
        "bw" : 243798,
        "iops" : 60949.546617,
        "runtime" : 4301,
        "total_ios" : 262144,
        "short_ios" : 0,
        "drop_ios" : 0,
        "slat_ns" : {
          "min" : 2334,
          "max" : 539580,
          "mean" : 11839.248493,
          "stddev" : 11233.649787,
          "N" : 262144
        },
        "clat_ns" : {
          "min" : 178512,
          "max" : 12155997,
          "mean" : 2085465.291386,
          "stddev" : 410199.188667,
          "N" : 262144,
          "percentile" : {
            "1.000000" : 897024,
            "5.000000" : 1515520,
            "10.000000" : 1695744,
            "20.000000" : 1826816,
            "30.000000" : 1875968,
            "40.000000" : 1925120,
            "50.000000" : 2088960,
            "60.000000" : 2244608,
            "70.000000" : 2342912,
            "80.000000" : 2375680,
            "90.000000" : 2441216,
            "95.000000" : 2473984,
            "99.000000" : 3129344,
            "99.500000" : 3457024,
            "99.900000" : 5079040,
            "99.950000" : 6324224,
            "99.990000" : 9240576
          }
        },
        "lat_ns" : {
          "min" : 193496,
          "max" : 12159656,
          "mean" : 2097304.539879,
          "stddev" : 411239.252489,
          "N" : 262144
        },
        "bw_min" : 222976,
        "bw_max" : 255632,
        "bw_agg" : 99.319853,
        "bw_mean" : 242140.000000,
        "bw_dev" : 10906.842518,
        "bw_samples" : 8,
        "iops_min" : 55744,
        "iops_max" : 63908,
        "iops_mean" : 60535.000000,
        "iops_stddev" : 2726.710630,
        "iops_samples" : 8
      },
      "write" : {
        "io_bytes" : 0,
        "io_kbytes" : 0,
        "bw_bytes" : 0,
        "bw" : 0,
        "iops" : 0.000000,
        "runtime" : 0,
        "total_ios" : 0,
        "short_ios" : 0,
        "drop_ios" : 0,
        "slat_ns" : {
          "min" : 0,
          "max" : 0,
          "mean" : 0.000000,
          "stddev" : 0.000000,
          "N" : 0
        },
        "clat_ns" : {
          "min" : 0,
          "max" : 0,
          "mean" : 0.000000,
          "stddev" : 0.000000,
          "N" : 0
        },
        "lat_ns" : {
          "min" : 0,
          "max" : 0,
          "mean" : 0.000000,
          "stddev" : 0.000000,
          "N" : 0
        },
        "bw_min" : 0,
        "bw_max" : 0,
        "bw_agg" : 0.000000,
        "bw_mean" : 0.000000,
        "bw_dev" : 0.000000,
        "bw_samples" : 0,
        "iops_min" : 0,
        "iops_max" : 0,
        "iops_mean" : 0.000000,
        "iops_stddev" : 0.000000,
        "iops_samples" : 0
      },
      "trim" : {
        "io_bytes" : 0,
        "io_kbytes" : 0,
        "bw_bytes" : 0,
        "bw" : 0,
        "iops" : 0.000000,
        "runtime" : 0,
        "total_ios" : 0,
        "short_ios" : 0,
        "drop_ios" : 0,
        "slat_ns" : {
          "min" : 0,
          "max" : 0,
          "mean" : 0.000000,
          "stddev" : 0.000000,
          "N" : 0
        },
        "clat_ns" : {
          "min" : 0,
          "max" : 0,
          "mean" : 0.000000,
          "stddev" : 0.000000,
          "N" : 0
        },
        "lat_ns" : {
          "min" : 0,
          "max" : 0,
          "mean" : 0.000000,
          "stddev" : 0.000000,
          "N" : 0
        },
        "bw_min" : 0,
        "bw_max" : 0,
        "bw_agg" : 0.000000,
        "bw_mean" : 0.000000,
        "bw_dev" : 0.000000,
        "bw_samples" : 0,
        "iops_min" : 0,
        "iops_max" : 0,
        "iops_mean" : 0.000000,
        "iops_stddev" : 0.000000,
        "iops_samples" : 0
      },
      "sync" : {
        "total_ios" : 0,
        "lat_ns" : {
          "min" : 0,
          "max" : 0,
          "mean" : 0.000000,
          "stddev" : 0.000000,
          "N" : 0
        }
      },
      "job_runtime" : 4300,
      "usr_cpu" : 16.930233,
      "sys_cpu" : 63.558140,
      "ctx" : 123568,
      "majf" : 0,
      "minf" : 219,
      "iodepth_level" : {
        "1" : 0.100000,
        "2" : 0.100000,
        "4" : 0.100000,
        "8" : 0.100000,
        "16" : 0.100000,
        "32" : 0.100000,
        ">=64" : 99.975967
      },
      "iodepth_submit" : {
        "0" : 0.000000,
        "4" : 100.000000,
        "8" : 0.000000,
        "16" : 0.000000,
        "32" : 0.000000,
        "64" : 0.000000,
        ">=64" : 0.000000
      },
      "iodepth_complete" : {
        "0" : 0.000000,
        "4" : 99.999618,
        "8" : 0.000000,
        "16" : 0.000000,
        "32" : 0.000000,
        "64" : 0.000000,
        ">=64" : 0.100000
      },
      "latency_ns" : {
        "2" : 0.000000,
        "4" : 0.000000,
        "10" : 0.000000,
        "20" : 0.000000,
        "50" : 0.000000,
        "100" : 0.000000,
        "250" : 0.000000,
        "500" : 0.000000,
        "750" : 0.000000,
        "1000" : 0.000000
      },
      "latency_us" : {
        "2" : 0.000000,
        "4" : 0.000000,
        "10" : 0.000000,
        "20" : 0.000000,
        "50" : 0.000000,
        "100" : 0.000000,
        "250" : 0.010000,
        "500" : 0.101852,
        "750" : 0.500870,
        "1000" : 0.713348
      },
      "latency_ms" : {
        "2" : 44.115448,
        "4" : 54.327393,
        "10" : 0.233841,
        "20" : 0.010000,
        "50" : 0.000000,
        "100" : 0.000000,
        "250" : 0.000000,
        "500" : 0.000000,
        "750" : 0.000000,
        "1000" : 0.000000,
        "2000" : 0.000000,
        ">=2000" : 0.000000
      },
      "latency_depth" : 128,
      "latency_target" : 0,
      "latency_percentile" : 100.000000,
      "latency_window" : 0
    }
  ],
  "disk_util" : [
    {
      "name" : "sdb",
      "read_ios" : 251594,
      "write_ios" : 33,
      "read_merges" : 150,
      "write_merges" : 0,
      "read_ticks" : 131159,
      "write_ticks" : 53,
      "in_queue" : 131212,
      "util" : 97.690858
    }
  ]
}
