{
  "fio version" : "fio-3.33",
  "timestamp" : 1747291690,
  "timestamp_ms" : 1747291690960,
  "time" : "Thu May 15 09:48:10 2025",
  "jobs" : [
    {
      "jobname" : "randread_B8_Q32_T1",
      "groupid" : 0,
      "error" : 0,
      "eta" : 0,
      "elapsed" : 4,
      "job options" : {
        "rw" : "randread",
        "name" : "randread_B8_Q32_T1",
        "bs" : "8k",
        "iodepth" : "32",
        "numjobs" : "1",
        "runtime" : "10",
        "direct" : "1",
        "ioengine" : "libaio",
        "size" : "1G",
        "filename" : "/mnt/pve/test/write"
      },
      "read" : {
        "io_bytes" : 1073741824,
        "io_kbytes" : 1048576,
        "bw_bytes" : 364350805,
        "bw" : 355811,
        "iops" : 44476.416695,
        "runtime" : 2947,
        "total_ios" : 131072,
        "short_ios" : 0,
        "drop_ios" : 0,
        "slat_ns" : {
          "min" : 3180,
          "max" : 600396,
          "mean" : 13946.052681,
          "stddev" : 12345.370693,
          "N" : 131072
        },
        "clat_ns" : {
          "min" : 149704,
          "max" : 4441765,
          "mean" : 703450.180199,
          "stddev" : 99289.202260,
          "N" : 131072,
          "percentile" : {
            "1.000000" : 528384,
            "5.000000" : 585728,
            "10.000000" : 610304,
            "20.000000" : 634880,
            "30.000000" : 659456,
            "40.000000" : 675840,
            "50.000000" : 684032,
            "60.000000" : 708608,
            "70.000000" : 733184,
            "80.000000" : 765952,
            "90.000000" : 815104,
            "95.000000" : 864256,
            "99.000000" : 978944,
            "99.500000" : 1089536,
            "99.900000" : 1286144,
            "99.950000" : 1417216,
            "99.990000" : 2998272
          }
        },
        "lat_ns" : {
          "min" : 160540,
          "max" : 4448973,
          "mean" : 717396.232880,
          "stddev" : 97703.344658,
          "N" : 131072
        },
        "bw_min" : 354000,
        "bw_max" : 357552,
        "bw_agg" : 100.000000,
        "bw_mean" : 356003.200000,
        "bw_dev" : 1493.040924,
        "bw_samples" : 5,
        "iops_min" : 44250,
        "iops_max" : 44694,
        "iops_mean" : 44500.400000,
        "iops_stddev" : 186.630115,
        "iops_samples" : 5
      },
      "write" : {
        "io_bytes" : 0,
        "io_kbytes" : 0,
        "bw_bytes" : 0,
        "bw" : 0,
        "iops" : 0.000000,
        "runtime" : 0,
        "total_ios" : 0,
        "short_ios" : 0,
        "drop_ios" : 0,
        "slat_ns" : {
          "min" : 0,
          "max" : 0,
          "mean" : 0.000000,
          "stddev" : 0.000000,
          "N" : 0
        },
        "clat_ns" : {
          "min" : 0,
          "max" : 0,
          "mean" : 0.000000,
          "stddev" : 0.000000,
          "N" : 0
        },
        "lat_ns" : {
          "min" : 0,
          "max" : 0,
          "mean" : 0.000000,
          "stddev" : 0.000000,
          "N" : 0
        },
        "bw_min" : 0,
        "bw_max" : 0,
        "bw_agg" : 0.000000,
        "bw_mean" : 0.000000,
        "bw_dev" : 0.000000,
        "bw_samples" : 0,
        "iops_min" : 0,
        "iops_max" : 0,
        "iops_mean" : 0.000000,
        "iops_stddev" : 0.000000,
        "iops_samples" : 0
      },
      "trim" : {
        "io_bytes" : 0,
        "io_kbytes" : 0,
        "bw_bytes" : 0,
        "bw" : 0,
        "iops" : 0.000000,
        "runtime" : 0,
        "total_ios" : 0,
        "short_ios" : 0,
        "drop_ios" : 0,
        "slat_ns" : {
          "min" : 0,
          "max" : 0,
          "mean" : 0.000000,
          "stddev" : 0.000000,
          "N" : 0
        },
        "clat_ns" : {
          "min" : 0,
          "max" : 0,
          "mean" : 0.000000,
          "stddev" : 0.000000,
          "N" : 0
        },
        "lat_ns" : {
          "min" : 0,
          "max" : 0,
          "mean" : 0.000000,
          "stddev" : 0.000000,
          "N" : 0
        },
        "bw_min" : 0,
        "bw_max" : 0,
        "bw_agg" : 0.000000,
        "bw_mean" : 0.000000,
        "bw_dev" : 0.000000,
        "bw_samples" : 0,
        "iops_min" : 0,
        "iops_max" : 0,
        "iops_mean" : 0.000000,
        "iops_stddev" : 0.000000,
        "iops_samples" : 0
      },
      "sync" : {
        "total_ios" : 0,
        "lat_ns" : {
          "min" : 0,
          "max" : 0,
          "mean" : 0.000000,
          "stddev" : 0.000000,
          "N" : 0
        }
      },
      "job_runtime" : 2946,
      "usr_cpu" : 16.191446,
      "sys_cpu" : 61.744739,
      "ctx" : 23771,
      "majf" : 0,
      "minf" : 83,
      "iodepth_level" : {
        "1" : 0.100000,
        "2" : 0.100000,
        "4" : 0.100000,
        "8" : 0.100000,
        "16" : 0.100000,
        "32" : 99.976349,
        ">=64" : 0.000000
      },
      "iodepth_submit" : {
        "0" : 0.000000,
        "4" : 100.000000,
        "8" : 0.000000,
        "16" : 0.000000,
        "32" : 0.000000,
        "64" : 0.000000,
        ">=64" : 0.000000
      },
      "iodepth_complete" : {
        "0" : 0.000000,
        "4" : 99.999237,
        "8" : 0.000000,
        "16" : 0.000000,
        "32" : 0.100000,
        "64" : 0.000000,
        ">=64" : 0.000000
      },
      "latency_ns" : {
        "2" : 0.000000,
        "4" : 0.000000,
        "10" : 0.000000,
        "20" : 0.000000,
        "50" : 0.000000,
        "100" : 0.000000,
        "250" : 0.000000,
        "500" : 0.000000,
        "750" : 0.000000,
        "1000" : 0.000000
      },
      "latency_us" : {
        "2" : 0.000000,
        "4" : 0.000000,
        "10" : 0.000000,
        "20" : 0.000000,
        "50" : 0.000000,
        "100" : 0.000000,
        "250" : 0.015259,
        "500" : 0.359344,
        "750" : 76.180267,
        "1000" : 22.591400
      },
      "latency_ms" : {
        "2" : 0.823212,
        "4" : 0.028992,
        "10" : 0.010000,
        "20" : 0.000000,
        "50" : 0.000000,
        "100" : 0.000000,
        "250" : 0.000000,
        "500" : 0.000000,
        "750" : 0.000000,
        "1000" : 0.000000,
        "2000" : 0.000000,
        ">=2000" : 0.000000
      },
      "latency_depth" : 32,
      "latency_target" : 0,
      "latency_percentile" : 100.000000,
      "latency_window" : 0
    }
  ],
  "disk_util" : [
    {
      "name" : "sdb",
      "read_ios" : 128668,
      "write_ios" : 32,
      "read_merges" : 46,
      "write_merges" : 0,
      "read_ticks" : 77504,
      "write_ticks" : 51,
      "in_queue" : 77555,
      "util" : 96.692282
    }
  ]
}
