{
  "fio version" : "fio-3.33",
  "timestamp" : 1747291645,
  "timestamp_ms" : 1747291645092,
  "time" : "Thu May 15 09:47:25 2025",
  "jobs" : [
    {
      "jobname" : "randread_B4096_Q1_T1",
      "groupid" : 0,
      "error" : 0,
      "eta" : 0,
      "elapsed" : 3,
      "job options" : {
        "rw" : "randread",
        "name" : "randread_B4096_Q1_T1",
        "bs" : "4096k",
        "iodepth" : "1",
        "numjobs" : "1",
        "runtime" : "10",
        "direct" : "1",
        "ioengine" : "libaio",
        "size" : "1G",
        "filename" : "/mnt/pve/test/write"
      },
      "read" : {
        "io_bytes" : 1073741824,
        "io_kbytes" : 1048576,
        "bw_bytes" : 466844271,
        "bw" : 455902,
        "iops" : 111.304348,
        "runtime" : 2300,
        "total_ios" : 256,
        "short_ios" : 0,
        "drop_ios" : 0,
        "slat_ns" : {
          "min" : 492401,
          "max" : 4112224,
          "mean" : 555791.835937,
          "stddev" : 238184.085530,
          "N" : 256
        },
        "clat_ns" : {
          "min" : 7349822,
          "max" : 9479056,
          "mean" : 8419196.632813,
          "stddev" : 156949.890991,
          "N" : 256,
          "percentile" : {
            "1.000000" : 8159232,
            "5.000000" : 8224768,
            "10.000000" : 8290304,
            "20.000000" : 8290304,
            "30.000000" : 8355840,
            "40.000000" : 8355840,
            "50.000000" : 8454144,
            "60.000000" : 8454144,
            "70.000000" : 8454144,
            "80.000000" : 8454144,
            "90.000000" : 8585216,
            "95.000000" : 8716288,
            "99.000000" : 8847360,
            "99.500000" : 8978432,
            "99.900000" : 9502720,
            "99.950000" : 9502720,
            "99.990000" : 9502720
          }
        },
        "lat_ns" : {
          "min" : 8676034,
          "max" : 11462046,
          "mean" : 8974988.468750,
          "stddev" : 227828.068953,
          "N" : 256
        },
        "bw_min" : 450560,
        "bw_max" : 458752,
        "bw_agg" : 99.726563,
        "bw_mean" : 454656.000000,
        "bw_dev" : 4729.653405,
        "bw_samples" : 4,
        "iops_min" : 110,
        "iops_max" : 112,
        "iops_mean" : 111.000000,
        "iops_stddev" : 1.154701,
        "iops_samples" : 4
      },
      "write" : {
        "io_bytes" : 0,
        "io_kbytes" : 0,
        "bw_bytes" : 0,
        "bw" : 0,
        "iops" : 0.000000,
        "runtime" : 0,
        "total_ios" : 0,
        "short_ios" : 0,
        "drop_ios" : 0,
        "slat_ns" : {
          "min" : 0,
          "max" : 0,
          "mean" : 0.000000,
          "stddev" : 0.000000,
          "N" : 0
        },
        "clat_ns" : {
          "min" : 0,
          "max" : 0,
          "mean" : 0.000000,
          "stddev" : 0.000000,
          "N" : 0
        },
        "lat_ns" : {
          "min" : 0,
          "max" : 0,
          "mean" : 0.000000,
          "stddev" : 0.000000,
          "N" : 0
        },
        "bw_min" : 0,
        "bw_max" : 0,
        "bw_agg" : 0.000000,
        "bw_mean" : 0.000000,
        "bw_dev" : 0.000000,
        "bw_samples" : 0,
        "iops_min" : 0,
        "iops_max" : 0,
        "iops_mean" : 0.000000,
        "iops_stddev" : 0.000000,
        "iops_samples" : 0
      },
      "trim" : {
        "io_bytes" : 0,
        "io_kbytes" : 0,
        "bw_bytes" : 0,
        "bw" : 0,
        "iops" : 0.000000,
        "runtime" : 0,
        "total_ios" : 0,
        "short_ios" : 0,
        "drop_ios" : 0,
        "slat_ns" : {
          "min" : 0,
          "max" : 0,
          "mean" : 0.000000,
          "stddev" : 0.000000,
          "N" : 0
        },
        "clat_ns" : {
          "min" : 0,
          "max" : 0,
          "mean" : 0.000000,
          "stddev" : 0.000000,
          "N" : 0
        },
        "lat_ns" : {
          "min" : 0,
          "max" : 0,
          "mean" : 0.000000,
          "stddev" : 0.000000,
          "N" : 0
        },
        "bw_min" : 0,
        "bw_max" : 0,
        "bw_agg" : 0.000000,
        "bw_mean" : 0.000000,
        "bw_dev" : 0.000000,
        "bw_samples" : 0,
        "iops_min" : 0,
        "iops_max" : 0,
        "iops_mean" : 0.000000,
        "iops_stddev" : 0.000000,
        "iops_samples" : 0
      },
      "sync" : {
        "total_ios" : 0,
        "lat_ns" : {
          "min" : 0,
          "max" : 0,
          "mean" : 0.000000,
          "stddev" : 0.000000,
          "N" : 0
        }
      },
      "job_runtime" : 2299,
      "usr_cpu" : 0.130492,
      "sys_cpu" : 6.611570,
      "ctx" : 258,
      "majf" : 0,
      "minf" : 1033,
      "iodepth_level" : {
        "1" : 100.000000,
        "2" : 0.000000,
        "4" : 0.000000,
        "8" : 0.000000,
        "16" : 0.000000,
        "32" : 0.000000,
        ">=64" : 0.000000
      },
      "iodepth_submit" : {
        "0" : 0.000000,
        "4" : 100.000000,
        "8" : 0.000000,
        "16" : 0.000000,
        "32" : 0.000000,
        "64" : 0.000000,
        ">=64" : 0.000000
      },
      "iodepth_complete" : {
        "0" : 0.000000,
        "4" : 100.000000,
        "8" : 0.000000,
        "16" : 0.000000,
        "32" : 0.000000,
        "64" : 0.000000,
        ">=64" : 0.000000
      },
      "latency_ns" : {
        "2" : 0.000000,
        "4" : 0.000000,
        "10" : 0.000000,
        "20" : 0.000000,
        "50" : 0.000000,
        "100" : 0.000000,
        "250" : 0.000000,
        "500" : 0.000000,
        "750" : 0.000000,
        "1000" : 0.000000
      },
      "latency_us" : {
        "2" : 0.000000,
        "4" : 0.000000,
        "10" : 0.000000,
        "20" : 0.000000,
        "50" : 0.000000,
        "100" : 0.000000,
        "250" : 0.000000,
        "500" : 0.000000,
        "750" : 0.000000,
        "1000" : 0.000000
      },
      "latency_ms" : {
        "2" : 0.000000,
        "4" : 0.000000,
        "10" : 100.000000,
        "20" : 0.000000,
        "50" : 0.000000,
        "100" : 0.000000,
        "250" : 0.000000,
        "500" : 0.000000,
        "750" : 0.000000,
        "1000" : 0.000000,
        "2000" : 0.000000,
        ">=2000" : 0.000000
      },
      "latency_depth" : 1,
      "latency_target" : 0,
      "latency_percentile" : 100.000000,
      "latency_window" : 0
    }
  ],
  "disk_util" : [
    {
      "name" : "sdb",
      "read_ios" : 15527,
      "write_ios" : 34,
      "read_merges" : 0,
      "write_merges" : 2,
      "read_ticks" : 70407,
      "write_ticks" : 42,
      "in_queue" : 70449,
      "util" : 95.770258
    }
  ]
}
