{
  "fio version" : "fio-3.33",
  "timestamp" : 1747291668,
  "timestamp_ms" : 1747291668845,
  "time" : "Thu May 15 09:47:48 2025",
  "jobs" : [
    {
      "jobname" : "randwrite_B8_Q128_T1",
      "groupid" : 0,
      "error" : 0,
      "eta" : 0,
      "elapsed" : 4,
      "job options" : {
        "rw" : "randwrite",
        "name" : "randwrite_B8_Q128_T1",
        "bs" : "8k",
        "iodepth" : "128",
        "numjobs" : "1",
        "runtime" : "10",
        "direct" : "1",
        "ioengine" : "libaio",
        "size" : "1G",
        "filename" : "/mnt/pve/test/write"
      },
      "read" : {
        "io_bytes" : 0,
        "io_kbytes" : 0,
        "bw_bytes" : 0,
        "bw" : 0,
        "iops" : 0.000000,
        "runtime" : 0,
        "total_ios" : 0,
        "short_ios" : 0,
        "drop_ios" : 0,
        "slat_ns" : {
          "min" : 0,
          "max" : 0,
          "mean" : 0.000000,
          "stddev" : 0.000000,
          "N" : 0
        },
        "clat_ns" : {
          "min" : 0,
          "max" : 0,
          "mean" : 0.000000,
          "stddev" : 0.000000,
          "N" : 0
        },
        "lat_ns" : {
          "min" : 0,
          "max" : 0,
          "mean" : 0.000000,
          "stddev" : 0.000000,
          "N" : 0
        },
        "bw_min" : 0,
        "bw_max" : 0,
        "bw_agg" : 0.000000,
        "bw_mean" : 0.000000,
        "bw_dev" : 0.000000,
        "bw_samples" : 0,
        "iops_min" : 0,
        "iops_max" : 0,
        "iops_mean" : 0.000000,
        "iops_stddev" : 0.000000,
        "iops_samples" : 0
      },
      "write" : {
        "io_bytes" : 1073741824,
        "io_kbytes" : 1048576,
        "bw_bytes" : 298344491,
        "bw" : 291352,
        "iops" : 36419.005279,
        "runtime" : 3599,
        "total_ios" : 131072,
        "short_ios" : 0,
        "drop_ios" : 0,
        "slat_ns" : {
          "min" : 3993,
          "max" : 848967,
          "mean" : 17838.875458,
          "stddev" : 17616.548772,
          "N" : 131072
        },
        "clat_ns" : {
          "min" : 602315,
          "max" : 36130378,
          "mean" : 3492348.215767,
          "stddev" : 1624967.425308,
          "N" : 131072,
          "percentile" : {
            "1.000000" : 782336,
            "5.000000" : 1056768,
            "10.000000" : 1400832,
            "20.000000" : 2039808,
            "30.000000" : 2637824,
            "40.000000" : 3194880,
            "50.000000" : 3751936,
            "60.000000" : 4227072,
            "70.000000" : 4292608,
            "80.000000" : 4489216,
            "90.000000" : 4947968,
            "95.000000" : 5341184,
            "99.000000" : 7634944,
            "99.500000" : 10682368,
            "99.900000" : 17956864,
            "99.950000" : 20054016,
            "99.990000" : 25821184
          }
        },
        "lat_ns" : {
          "min" : 639829,
          "max" : 36138661,
          "mean" : 3510187.091225,
          "stddev" : 1626444.832680,
          "N" : 131072
        },
        "bw_min" : 241664,
        "bw_max" : 316496,
        "bw_agg" : 99.654356,
        "bw_mean" : 290345.142857,
        "bw_dev" : 33040.862435,
        "bw_samples" : 7,
        "iops_min" : 30208,
        "iops_max" : 39562,
        "iops_mean" : 36293.142857,
        "iops_stddev" : 4130.107804,
        "iops_samples" : 7
      },
      "trim" : {
        "io_bytes" : 0,
        "io_kbytes" : 0,
        "bw_bytes" : 0,
        "bw" : 0,
        "iops" : 0.000000,
        "runtime" : 0,
        "total_ios" : 0,
        "short_ios" : 0,
        "drop_ios" : 0,
        "slat_ns" : {
          "min" : 0,
          "max" : 0,
          "mean" : 0.000000,
          "stddev" : 0.000000,
          "N" : 0
        },
        "clat_ns" : {
          "min" : 0,
          "max" : 0,
          "mean" : 0.000000,
          "stddev" : 0.000000,
          "N" : 0
        },
        "lat_ns" : {
          "min" : 0,
          "max" : 0,
          "mean" : 0.000000,
          "stddev" : 0.000000,
          "N" : 0
        },
        "bw_min" : 0,
        "bw_max" : 0,
        "bw_agg" : 0.000000,
        "bw_mean" : 0.000000,
        "bw_dev" : 0.000000,
        "bw_samples" : 0,
        "iops_min" : 0,
        "iops_max" : 0,
        "iops_mean" : 0.000000,
        "iops_stddev" : 0.000000,
        "iops_samples" : 0
      },
      "sync" : {
        "total_ios" : 0,
        "lat_ns" : {
          "min" : 0,
          "max" : 0,
          "mean" : 0.000000,
          "stddev" : 0.000000,
          "N" : 0
        }
      },
      "job_runtime" : 3598,
      "usr_cpu" : 16.203446,
      "sys_cpu" : 52.279044,
      "ctx" : 51922,
      "majf" : 0,
      "minf" : 11,
      "iodepth_level" : {
        "1" : 0.100000,
        "2" : 0.100000,
        "4" : 0.100000,
        "8" : 0.100000,
        "16" : 0.100000,
        "32" : 0.100000,
        ">=64" : 99.951935
      },
      "iodepth_submit" : {
        "0" : 0.000000,
        "4" : 100.000000,
        "8" : 0.000000,
        "16" : 0.000000,
        "32" : 0.000000,
        "64" : 0.000000,
        ">=64" : 0.000000
      },
      "iodepth_complete" : {
        "0" : 0.000000,
        "4" : 99.999236,
        "8" : 0.000000,
        "16" : 0.000000,
        "32" : 0.000000,
        "64" : 0.000000,
        ">=64" : 0.100000
      },
      "latency_ns" : {
        "2" : 0.000000,
        "4" : 0.000000,
        "10" : 0.000000,
        "20" : 0.000000,
        "50" : 0.000000,
        "100" : 0.000000,
        "250" : 0.000000,
        "500" : 0.000000,
        "750" : 0.000000,
        "1000" : 0.000000
      },
      "latency_us" : {
        "2" : 0.000000,
        "4" : 0.000000,
        "10" : 0.000000,
        "20" : 0.000000,
        "50" : 0.000000,
        "100" : 0.000000,
        "250" : 0.000000,
        "500" : 0.000000,
        "750" : 0.486755,
        "1000" : 3.331757
      },
      "latency_ms" : {
        "2" : 15.487671,
        "4" : 34.870911,
        "10" : 45.259094,
        "20" : 0.511169,
        "50" : 0.052643,
        "100" : 0.000000,
        "250" : 0.000000,
        "500" : 0.000000,
        "750" : 0.000000,
        "1000" : 0.000000,
        "2000" : 0.000000,
        ">=2000" : 0.000000
      },
      "latency_depth" : 128,
      "latency_target" : 0,
      "latency_percentile" : 100.000000,
      "latency_window" : 0
    }
  ],
  "disk_util" : [
    {
      "name" : "sdb",
      "read_ios" : 0,
      "write_ios" : 121940,
      "read_merges" : 0,
      "write_merges" : 631,
      "read_ticks" : 0,
      "write_ticks" : 283026,
      "in_queue" : 283026,
      "util" : 97.137131
    }
  ]
}
