{
  "fio version" : "fio-3.33",
  "timestamp" : 1747291454,
  "timestamp_ms" : 1747291454553,
  "time" : "Thu May 15 09:44:14 2025",
  "jobs" : [
    {
      "jobname" : "randwrite_B4_Q128_T1",
      "groupid" : 0,
      "error" : 0,
      "eta" : 0,
      "elapsed" : 6,
      "job options" : {
        "rw" : "randwrite",
        "name" : "randwrite_B4_Q128_T1",
        "bs" : "4k",
        "iodepth" : "128",
        "numjobs" : "1",
        "runtime" : "10",
        "direct" : "1",
        "ioengine" : "libaio",
        "size" : "1G",
        "filename" : "/mnt/pve/test/write"
      },
      "read" : {
        "io_bytes" : 0,
        "io_kbytes" : 0,
        "bw_bytes" : 0,
        "bw" : 0,
        "iops" : 0.000000,
        "runtime" : 0,
        "total_ios" : 0,
        "short_ios" : 0,
        "drop_ios" : 0,
        "slat_ns" : {
          "min" : 0,
          "max" : 0,
          "mean" : 0.000000,
          "stddev" : 0.000000,
          "N" : 0
        },
        "clat_ns" : {
          "min" : 0,
          "max" : 0,
          "mean" : 0.000000,
          "stddev" : 0.000000,
          "N" : 0
        },
        "lat_ns" : {
          "min" : 0,
          "max" : 0,
          "mean" : 0.000000,
          "stddev" : 0.000000,
          "N" : 0
        },
        "bw_min" : 0,
        "bw_max" : 0,
        "bw_agg" : 0.000000,
        "bw_mean" : 0.000000,
        "bw_dev" : 0.000000,
        "bw_samples" : 0,
        "iops_min" : 0,
        "iops_max" : 0,
        "iops_mean" : 0.000000,
        "iops_stddev" : 0.000000,
        "iops_samples" : 0
      },
      "write" : {
        "io_bytes" : 1073741824,
        "io_kbytes" : 1048576,
        "bw_bytes" : 205934373,
        "bw" : 201107,
        "iops" : 50276.946682,
        "runtime" : 5214,
        "total_ios" : 262144,
        "short_ios" : 0,
        "drop_ios" : 0,
        "slat_ns" : {
          "min" : 2721,
          "max" : 731695,
          "mean" : 13065.740383,
          "stddev" : 11947.550924,
          "N" : 262144
        },
        "clat_ns" : {
          "min" : 110669,
          "max" : 18349269,
          "mean" : 2530439.664780,
          "stddev" : 706960.819635,
          "N" : 262144,
          "percentile" : {
            "1.000000" : 675840,
            "5.000000" : 1269760,
            "10.000000" : 1990656,
            "20.000000" : 2342912,
            "30.000000" : 2375680,
            "40.000000" : 2506752,
            "50.000000" : 2539520,
            "60.000000" : 2539520,
            "70.000000" : 2572288,
            "80.000000" : 2670592,
            "90.000000" : 3129344,
            "95.000000" : 3817472,
            "99.000000" : 4358144,
            "99.500000" : 4489216,
            "99.900000" : 8978432,
            "99.950000" : 10944512,
            "99.990000" : 14745600
          }
        },
        "lat_ns" : {
          "min" : 155828,
          "max" : 18354109,
          "mean" : 2543505.405163,
          "stddev" : 708343.028186,
          "N" : 262144
        },
        "bw_min" : 184872,
        "bw_max" : 210928,
        "bw_agg" : 99.808169,
        "bw_mean" : 200722.400000,
        "bw_dev" : 8210.005430,
        "bw_samples" : 10,
        "iops_min" : 46218,
        "iops_max" : 52732,
        "iops_mean" : 50180.600000,
        "iops_stddev" : 2052.501357,
        "iops_samples" : 10
      },
      "trim" : {
        "io_bytes" : 0,
        "io_kbytes" : 0,
        "bw_bytes" : 0,
        "bw" : 0,
        "iops" : 0.000000,
        "runtime" : 0,
        "total_ios" : 0,
        "short_ios" : 0,
        "drop_ios" : 0,
        "slat_ns" : {
          "min" : 0,
          "max" : 0,
          "mean" : 0.000000,
          "stddev" : 0.000000,
          "N" : 0
        },
        "clat_ns" : {
          "min" : 0,
          "max" : 0,
          "mean" : 0.000000,
          "stddev" : 0.000000,
          "N" : 0
        },
        "lat_ns" : {
          "min" : 0,
          "max" : 0,
          "mean" : 0.000000,
          "stddev" : 0.000000,
          "N" : 0
        },
        "bw_min" : 0,
        "bw_max" : 0,
        "bw_agg" : 0.000000,
        "bw_mean" : 0.000000,
        "bw_dev" : 0.000000,
        "bw_samples" : 0,
        "iops_min" : 0,
        "iops_max" : 0,
        "iops_mean" : 0.000000,
        "iops_stddev" : 0.000000,
        "iops_samples" : 0
      },
      "sync" : {
        "total_ios" : 0,
        "lat_ns" : {
          "min" : 0,
          "max" : 0,
          "mean" : 0.000000,
          "stddev" : 0.000000,
          "N" : 0
        }
      },
      "job_runtime" : 5214,
      "usr_cpu" : 16.513234,
      "sys_cpu" : 59.474492,
      "ctx" : 78592,
      "majf" : 0,
      "minf" : 182,
      "iodepth_level" : {
        "1" : 0.100000,
        "2" : 0.100000,
        "4" : 0.100000,
        "8" : 0.100000,
        "16" : 0.100000,
        "32" : 0.100000,
        ">=64" : 99.975967
      },
      "iodepth_submit" : {
        "0" : 0.000000,
        "4" : 100.000000,
        "8" : 0.000000,
        "16" : 0.000000,
        "32" : 0.000000,
        "64" : 0.000000,
        ">=64" : 0.000000
      },
      "iodepth_complete" : {
        "0" : 0.000000,
        "4" : 99.999618,
        "8" : 0.000000,
        "16" : 0.000000,
        "32" : 0.000000,
        "64" : 0.000000,
        ">=64" : 0.100000
      },
      "latency_ns" : {
        "2" : 0.000000,
        "4" : 0.000000,
        "10" : 0.000000,
        "20" : 0.000000,
        "50" : 0.000000,
        "100" : 0.000000,
        "250" : 0.000000,
        "500" : 0.000000,
        "750" : 0.000000,
        "1000" : 0.000000
      },
      "latency_us" : {
        "2" : 0.000000,
        "4" : 0.000000,
        "10" : 0.000000,
        "20" : 0.000000,
        "50" : 0.000000,
        "100" : 0.000000,
        "250" : 0.010000,
        "500" : 0.010000,
        "750" : 1.300812,
        "1000" : 1.724625
      },
      "latency_ms" : {
        "2" : 7.046890,
        "4" : 86.327744,
        "10" : 3.520203,
        "20" : 0.069427,
        "50" : 0.000000,
        "100" : 0.000000,
        "250" : 0.000000,
        "500" : 0.000000,
        "750" : 0.000000,
        "1000" : 0.000000,
        "2000" : 0.000000,
        ">=2000" : 0.000000
      },
      "latency_depth" : 128,
      "latency_target" : 0,
      "latency_percentile" : 100.000000,
      "latency_window" : 0
    }
  ],
  "disk_util" : [
    {
      "name" : "sdb",
      "read_ios" : 0,
      "write_ios" : 257767,
      "read_merges" : 0,
      "write_merges" : 752,
      "read_ticks" : 0,
      "write_ticks" : 169360,
      "in_queue" : 169360,
      "util" : 98.111048
    }
  ]
}
