{
  "fio version" : "fio-3.33",
  "timestamp" : 1747291496,
  "timestamp_ms" : 1747291496540,
  "time" : "Thu May 15 09:44:56 2025",
  "jobs" : [
    {
      "jobname" : "read_B4096_Q32_T1",
      "groupid" : 0,
      "error" : 0,
      "eta" : 0,
      "elapsed" : 3,
      "job options" : {
        "rw" : "read",
        "name" : "read_B4096_Q32_T1",
        "bs" : "4096k",
        "iodepth" : "32",
        "numjobs" : "1",
        "runtime" : "10",
        "direct" : "1",
        "ioengine" : "libaio",
        "size" : "1G",
        "filename" : "/mnt/pve/test/write"
      },
      "read" : {
        "io_bytes" : 1073741824,
        "io_kbytes" : 1048576,
        "bw_bytes" : 488064465,
        "bw" : 476625,
        "iops" : 116.363636,
        "runtime" : 2200,
        "total_ios" : 256,
        "short_ios" : 0,
        "drop_ios" : 0,
        "slat_ns" : {
          "min" : 3506785,
          "max" : 9226035,
          "mean" : 8450473.203125,
          "stddev" : 863190.873041,
          "N" : 256
        },
        "clat_ns" : {
          "min" : 33127774,
          "max" : 292855349,
          "mean" : 253197695.812500,
          "stddev" : 43215165.105578,
          "N" : 256,
          "percentile" : {
            "1.000000" : 50593792,
            "5.000000" : 137363456,
            "10.000000" : 242221056,
            "20.000000" : 258998272,
            "30.000000" : 263192576,
            "40.000000" : 267386880,
            "50.000000" : 267386880,
            "60.000000" : 267386880,
            "70.000000" : 267386880,
            "80.000000" : 267386880,
            "90.000000" : 270532608,
            "95.000000" : 270532608,
            "99.000000" : 274726912,
            "99.500000" : 283115520,
            "99.900000" : 291504128,
            "99.950000" : 291504128,
            "99.990000" : 291504128
          }
        },
        "lat_ns" : {
          "min" : 41970262,
          "max" : 301885546,
          "mean" : 261648169.015625,
          "stddev" : 43209388.904853,
          "N" : 256
        },
        "bw_min" : 253952,
        "bw_max" : 483328,
        "bw_agg" : 88.515625,
        "bw_mean" : 421888.000000,
        "bw_dev" : 112023.915161,
        "bw_samples" : 4,
        "iops_min" : 62,
        "iops_max" : 118,
        "iops_mean" : 103.000000,
        "iops_stddev" : 27.349589,
        "iops_samples" : 4
      },
      "write" : {
        "io_bytes" : 0,
        "io_kbytes" : 0,
        "bw_bytes" : 0,
        "bw" : 0,
        "iops" : 0.000000,
        "runtime" : 0,
        "total_ios" : 0,
        "short_ios" : 0,
        "drop_ios" : 0,
        "slat_ns" : {
          "min" : 0,
          "max" : 0,
          "mean" : 0.000000,
          "stddev" : 0.000000,
          "N" : 0
        },
        "clat_ns" : {
          "min" : 0,
          "max" : 0,
          "mean" : 0.000000,
          "stddev" : 0.000000,
          "N" : 0
        },
        "lat_ns" : {
          "min" : 0,
          "max" : 0,
          "mean" : 0.000000,
          "stddev" : 0.000000,
          "N" : 0
        },
        "bw_min" : 0,
        "bw_max" : 0,
        "bw_agg" : 0.000000,
        "bw_mean" : 0.000000,
        "bw_dev" : 0.000000,
        "bw_samples" : 0,
        "iops_min" : 0,
        "iops_max" : 0,
        "iops_mean" : 0.000000,
        "iops_stddev" : 0.000000,
        "iops_samples" : 0
      },
      "trim" : {
        "io_bytes" : 0,
        "io_kbytes" : 0,
        "bw_bytes" : 0,
        "bw" : 0,
        "iops" : 0.000000,
        "runtime" : 0,
        "total_ios" : 0,
        "short_ios" : 0,
        "drop_ios" : 0,
        "slat_ns" : {
          "min" : 0,
          "max" : 0,
          "mean" : 0.000000,
          "stddev" : 0.000000,
          "N" : 0
        },
        "clat_ns" : {
          "min" : 0,
          "max" : 0,
          "mean" : 0.000000,
          "stddev" : 0.000000,
          "N" : 0
        },
        "lat_ns" : {
          "min" : 0,
          "max" : 0,
          "mean" : 0.000000,
          "stddev" : 0.000000,
          "N" : 0
        },
        "bw_min" : 0,
        "bw_max" : 0,
        "bw_agg" : 0.000000,
        "bw_mean" : 0.000000,
        "bw_dev" : 0.000000,
        "bw_samples" : 0,
        "iops_min" : 0,
        "iops_max" : 0,
        "iops_mean" : 0.000000,
        "iops_stddev" : 0.000000,
        "iops_samples" : 0
      },
      "sync" : {
        "total_ios" : 0,
        "lat_ns" : {
          "min" : 0,
          "max" : 0,
          "mean" : 0.000000,
          "stddev" : 0.000000,
          "N" : 0
        }
      },
      "job_runtime" : 2199,
      "usr_cpu" : 0.227376,
      "sys_cpu" : 10.368349,
      "ctx" : 2058,
      "majf" : 0,
      "minf" : 32779,
      "iodepth_level" : {
        "1" : 0.390625,
        "2" : 0.781250,
        "4" : 1.562500,
        "8" : 3.125000,
        "16" : 6.250000,
        "32" : 87.890625,
        ">=64" : 0.000000
      },
      "iodepth_submit" : {
        "0" : 0.000000,
        "4" : 100.000000,
        "8" : 0.000000,
        "16" : 0.000000,
        "32" : 0.000000,
        "64" : 0.000000,
        ">=64" : 0.000000
      },
      "iodepth_complete" : {
        "0" : 0.000000,
        "4" : 99.557522,
        "8" : 0.000000,
        "16" : 0.000000,
        "32" : 0.442478,
        "64" : 0.000000,
        ">=64" : 0.000000
      },
      "latency_ns" : {
        "2" : 0.000000,
        "4" : 0.000000,
        "10" : 0.000000,
        "20" : 0.000000,
        "50" : 0.000000,
        "100" : 0.000000,
        "250" : 0.000000,
        "500" : 0.000000,
        "750" : 0.000000,
        "1000" : 0.000000
      },
      "latency_us" : {
        "2" : 0.000000,
        "4" : 0.000000,
        "10" : 0.000000,
        "20" : 0.000000,
        "50" : 0.000000,
        "100" : 0.000000,
        "250" : 0.000000,
        "500" : 0.000000,
        "750" : 0.000000,
        "1000" : 0.000000
      },
      "latency_ms" : {
        "2" : 0.000000,
        "4" : 0.000000,
        "10" : 0.000000,
        "20" : 0.000000,
        "50" : 0.781250,
        "100" : 2.343750,
        "250" : 8.203125,
        "500" : 88.671875,
        "750" : 0.000000,
        "1000" : 0.000000,
        "2000" : 0.000000,
        ">=2000" : 0.000000
      },
      "latency_depth" : 32,
      "latency_target" : 0,
      "latency_percentile" : 100.000000,
      "latency_window" : 0
    }
  ],
  "disk_util" : [
    {
      "name" : "sdb",
      "read_ios" : 16027,
      "write_ios" : 3,
      "read_merges" : 24,
      "write_merges" : 1,
      "read_ticks" : 532393,
      "write_ticks" : 26,
      "in_queue" : 532419,
      "util" : 95.458593
    }
  ]
}
