{
  "fio version" : "fio-3.33",
  "timestamp" : 1747291798,
  "timestamp_ms" : 1747291798395,
  "time" : "Thu May 15 09:49:58 2025",
  "jobs" : [
    {
      "jobname" : "read_B4096_Q128_T1",
      "groupid" : 0,
      "error" : 0,
      "eta" : 0,
      "elapsed" : 3,
      "job options" : {
        "rw" : "read",
        "name" : "read_B4096_Q128_T1",
        "bs" : "4096k",
        "iodepth" : "128",
        "numjobs" : "1",
        "runtime" : "10",
        "direct" : "1",
        "ioengine" : "libaio",
        "size" : "1G",
        "filename" : "/mnt/pve/test/write"
      },
      "read" : {
        "io_bytes" : 1073741824,
        "io_kbytes" : 1048576,
        "bw_bytes" : 479563119,
        "bw" : 468323,
        "iops" : 114.336757,
        "runtime" : 2239,
        "total_ios" : 256,
        "short_ios" : 0,
        "drop_ios" : 0,
        "slat_ns" : {
          "min" : 3779015,
          "max" : 11917113,
          "mean" : 8604988.808594,
          "stddev" : 879080.437889,
          "N" : 256
        },
        "clat_ns" : {
          "min" : 33799372,
          "max" : 1125493126,
          "mean" : 845647457.824219,
          "stddev" : 348386940.318646,
          "N" : 256,
          "percentile" : {
            "1.000000" : 50069504,
            "5.000000" : 137363456,
            "10.000000" : 248512512,
            "20.000000" : 471859200,
            "30.000000" : 692060160,
            "40.000000" : 910163968,
            "50.000000" : 1098907648,
            "60.000000" : 1098907648,
            "70.000000" : 1115684864,
            "80.000000" : 1115684864,
            "90.000000" : 1115684864,
            "95.000000" : 1115684864,
            "99.000000" : 1132462080,
            "99.500000" : 1132462080,
            "99.900000" : 1132462080,
            "99.950000" : 1132462080,
            "99.990000" : 1132462080
          }
        },
        "lat_ns" : {
          "min" : 41431917,
          "max" : 1134081648,
          "mean" : 854252446.632813,
          "stddev" : 348391607.260916,
          "N" : 256
        },
        "bw_min" : 385024,
        "bw_max" : 475136,
        "bw_agg" : 91.833984,
        "bw_mean" : 430080.000000,
        "bw_dev" : 63718.806266,
        "bw_samples" : 2,
        "iops_min" : 94,
        "iops_max" : 116,
        "iops_mean" : 105.000000,
        "iops_stddev" : 15.556349,
        "iops_samples" : 2
      },
      "write" : {
        "io_bytes" : 0,
        "io_kbytes" : 0,
        "bw_bytes" : 0,
        "bw" : 0,
        "iops" : 0.000000,
        "runtime" : 0,
        "total_ios" : 0,
        "short_ios" : 0,
        "drop_ios" : 0,
        "slat_ns" : {
          "min" : 0,
          "max" : 0,
          "mean" : 0.000000,
          "stddev" : 0.000000,
          "N" : 0
        },
        "clat_ns" : {
          "min" : 0,
          "max" : 0,
          "mean" : 0.000000,
          "stddev" : 0.000000,
          "N" : 0
        },
        "lat_ns" : {
          "min" : 0,
          "max" : 0,
          "mean" : 0.000000,
          "stddev" : 0.000000,
          "N" : 0
        },
        "bw_min" : 0,
        "bw_max" : 0,
        "bw_agg" : 0.000000,
        "bw_mean" : 0.000000,
        "bw_dev" : 0.000000,
        "bw_samples" : 0,
        "iops_min" : 0,
        "iops_max" : 0,
        "iops_mean" : 0.000000,
        "iops_stddev" : 0.000000,
        "iops_samples" : 0
      },
      "trim" : {
        "io_bytes" : 0,
        "io_kbytes" : 0,
        "bw_bytes" : 0,
        "bw" : 0,
        "iops" : 0.000000,
        "runtime" : 0,
        "total_ios" : 0,
        "short_ios" : 0,
        "drop_ios" : 0,
        "slat_ns" : {
          "min" : 0,
          "max" : 0,
          "mean" : 0.000000,
          "stddev" : 0.000000,
          "N" : 0
        },
        "clat_ns" : {
          "min" : 0,
          "max" : 0,
          "mean" : 0.000000,
          "stddev" : 0.000000,
          "N" : 0
        },
        "lat_ns" : {
          "min" : 0,
          "max" : 0,
          "mean" : 0.000000,
          "stddev" : 0.000000,
          "N" : 0
        },
        "bw_min" : 0,
        "bw_max" : 0,
        "bw_agg" : 0.000000,
        "bw_mean" : 0.000000,
        "bw_dev" : 0.000000,
        "bw_samples" : 0,
        "iops_min" : 0,
        "iops_max" : 0,
        "iops_mean" : 0.000000,
        "iops_stddev" : 0.000000,
        "iops_samples" : 0
      },
      "sync" : {
        "total_ios" : 0,
        "lat_ns" : {
          "min" : 0,
          "max" : 0,
          "mean" : 0.000000,
          "stddev" : 0.000000,
          "N" : 0
        }
      },
      "job_runtime" : 2238,
      "usr_cpu" : 0.000000,
      "sys_cpu" : 24.128686,
      "ctx" : 1921,
      "majf" : 0,
      "minf" : 131084,
      "iodepth_level" : {
        "1" : 0.390625,
        "2" : 0.781250,
        "4" : 1.562500,
        "8" : 3.125000,
        "16" : 6.250000,
        "32" : 12.500000,
        ">=64" : 75.390625
      },
      "iodepth_submit" : {
        "0" : 0.000000,
        "4" : 100.000000,
        "8" : 0.000000,
        "16" : 0.000000,
        "32" : 0.000000,
        "64" : 0.000000,
        ">=64" : 0.000000
      },
      "iodepth_complete" : {
        "0" : 0.000000,
        "4" : 99.230769,
        "8" : 0.000000,
        "16" : 0.000000,
        "32" : 0.000000,
        "64" : 0.000000,
        ">=64" : 0.769231
      },
      "latency_ns" : {
        "2" : 0.000000,
        "4" : 0.000000,
        "10" : 0.000000,
        "20" : 0.000000,
        "50" : 0.000000,
        "100" : 0.000000,
        "250" : 0.000000,
        "500" : 0.000000,
        "750" : 0.000000,
        "1000" : 0.000000
      },
      "latency_us" : {
        "2" : 0.000000,
        "4" : 0.000000,
        "10" : 0.000000,
        "20" : 0.000000,
        "50" : 0.000000,
        "100" : 0.000000,
        "250" : 0.000000,
        "500" : 0.000000,
        "750" : 0.000000,
        "1000" : 0.000000
      },
      "latency_ms" : {
        "2" : 0.000000,
        "4" : 0.000000,
        "10" : 0.000000,
        "20" : 0.000000,
        "50" : 0.781250,
        "100" : 2.343750,
        "250" : 7.031250,
        "500" : 10.937500,
        "750" : 11.718750,
        "1000" : 11.328125,
        "2000" : 55.859375,
        ">=2000" : 0.000000
      },
      "latency_depth" : 128,
      "latency_target" : 0,
      "latency_percentile" : 100.000000,
      "latency_window" : 0
    }
  ],
  "disk_util" : [
    {
      "name" : "sdb",
      "read_ios" : 15701,
      "write_ios" : 32,
      "read_merges" : 6,
      "write_merges" : 0,
      "read_ticks" : 526991,
      "write_ticks" : 240,
      "in_queue" : 527232,
      "util" : 95.414069
    }
  ]
}
