{
  "fio version" : "fio-3.33",
  "timestamp" : 1747291377,
  "timestamp_ms" : 1747291377625,
  "time" : "Thu May 15 09:42:57 2025",
  "jobs" : [
    {
      "jobname" : "write_B8_Q32_T1",
      "groupid" : 0,
      "error" : 0,
      "eta" : 0,
      "elapsed" : 4,
      "job options" : {
        "rw" : "write",
        "name" : "write_B8_Q32_T1",
        "bs" : "8k",
        "iodepth" : "32",
        "numjobs" : "1",
        "runtime" : "10",
        "direct" : "1",
        "ioengine" : "libaio",
        "size" : "1G",
        "filename" : "/mnt/pve/test/write"
      },
      "read" : {
        "io_bytes" : 0,
        "io_kbytes" : 0,
        "bw_bytes" : 0,
        "bw" : 0,
        "iops" : 0.000000,
        "runtime" : 0,
        "total_ios" : 0,
        "short_ios" : 0,
        "drop_ios" : 0,
        "slat_ns" : {
          "min" : 0,
          "max" : 0,
          "mean" : 0.000000,
          "stddev" : 0.000000,
          "N" : 0
        },
        "clat_ns" : {
          "min" : 0,
          "max" : 0,
          "mean" : 0.000000,
          "stddev" : 0.000000,
          "N" : 0
        },
        "lat_ns" : {
          "min" : 0,
          "max" : 0,
          "mean" : 0.000000,
          "stddev" : 0.000000,
          "N" : 0
        },
        "bw_min" : 0,
        "bw_max" : 0,
        "bw_agg" : 0.000000,
        "bw_mean" : 0.000000,
        "bw_dev" : 0.000000,
        "bw_samples" : 0,
        "iops_min" : 0,
        "iops_max" : 0,
        "iops_mean" : 0.000000,
        "iops_stddev" : 0.000000,
        "iops_samples" : 0
      },
      "write" : {
        "io_bytes" : 1073741824,
        "io_kbytes" : 1048576,
        "bw_bytes" : 284058683,
        "bw" : 277401,
        "iops" : 34675.132275,
        "runtime" : 3780,
        "total_ios" : 131072,
        "short_ios" : 0,
        "drop_ios" : 0,
        "slat_ns" : {
          "min" : 2685,
          "max" : 565843,
          "mean" : 20858.781021,
          "stddev" : 13482.232243,
          "N" : 131072
        },
        "clat_ns" : {
          "min" : 410475,
          "max" : 1572773,
          "mean" : 900108.222847,
          "stddev" : 152619.837277,
          "N" : 131072,
          "percentile" : {
            "1.000000" : 618496,
            "5.000000" : 667648,
            "10.000000" : 700416,
            "20.000000" : 733184,
            "30.000000" : 765952,
            "40.000000" : 831488,
            "50.000000" : 978944,
            "60.000000" : 1003520,
            "70.000000" : 1019904,
            "80.000000" : 1028096,
            "90.000000" : 1044480,
            "95.000000" : 1073152,
            "99.000000" : 1171456,
            "99.500000" : 1253376,
            "99.900000" : 1499136,
            "99.950000" : 1499136,
            "99.990000" : 1531904
          }
        },
        "lat_ns" : {
          "min" : 418449,
          "max" : 1582731,
          "mean" : 920967.003868,
          "stddev" : 158025.884948,
          "N" : 131072
        },
        "bw_min" : 244928,
        "bw_max" : 334256,
        "bw_agg" : 98.508637,
        "bw_mean" : 273264.000000,
        "bw_dev" : 41120.119325,
        "bw_samples" : 7,
        "iops_min" : 30616,
        "iops_max" : 41782,
        "iops_mean" : 34158.000000,
        "iops_stddev" : 5140.014916,
        "iops_samples" : 7
      },
      "trim" : {
        "io_bytes" : 0,
        "io_kbytes" : 0,
        "bw_bytes" : 0,
        "bw" : 0,
        "iops" : 0.000000,
        "runtime" : 0,
        "total_ios" : 0,
        "short_ios" : 0,
        "drop_ios" : 0,
        "slat_ns" : {
          "min" : 0,
          "max" : 0,
          "mean" : 0.000000,
          "stddev" : 0.000000,
          "N" : 0
        },
        "clat_ns" : {
          "min" : 0,
          "max" : 0,
          "mean" : 0.000000,
          "stddev" : 0.000000,
          "N" : 0
        },
        "lat_ns" : {
          "min" : 0,
          "max" : 0,
          "mean" : 0.000000,
          "stddev" : 0.000000,
          "N" : 0
        },
        "bw_min" : 0,
        "bw_max" : 0,
        "bw_agg" : 0.000000,
        "bw_mean" : 0.000000,
        "bw_dev" : 0.000000,
        "bw_samples" : 0,
        "iops_min" : 0,
        "iops_max" : 0,
        "iops_mean" : 0.000000,
        "iops_stddev" : 0.000000,
        "iops_samples" : 0
      },
      "sync" : {
        "total_ios" : 0,
        "lat_ns" : {
          "min" : 0,
          "max" : 0,
          "mean" : 0.000000,
          "stddev" : 0.000000,
          "N" : 0
        }
      },
      "job_runtime" : 3779,
      "usr_cpu" : 14.686425,
      "sys_cpu" : 60.836200,
      "ctx" : 82650,
      "majf" : 0,
      "minf" : 20,
      "iodepth_level" : {
        "1" : 0.100000,
        "2" : 0.100000,
        "4" : 0.100000,
        "8" : 0.100000,
        "16" : 0.100000,
        "32" : 99.976349,
        ">=64" : 0.000000
      },
      "iodepth_submit" : {
        "0" : 0.000000,
        "4" : 100.000000,
        "8" : 0.000000,
        "16" : 0.000000,
        "32" : 0.000000,
        "64" : 0.000000,
        ">=64" : 0.000000
      },
      "iodepth_complete" : {
        "0" : 0.000000,
        "4" : 99.999237,
        "8" : 0.000000,
        "16" : 0.000000,
        "32" : 0.100000,
        "64" : 0.000000,
        ">=64" : 0.000000
      },
      "latency_ns" : {
        "2" : 0.000000,
        "4" : 0.000000,
        "10" : 0.000000,
        "20" : 0.000000,
        "50" : 0.000000,
        "100" : 0.000000,
        "250" : 0.000000,
        "500" : 0.000000,
        "750" : 0.000000,
        "1000" : 0.000000
      },
      "latency_us" : {
        "2" : 0.000000,
        "4" : 0.000000,
        "10" : 0.000000,
        "20" : 0.000000,
        "50" : 0.000000,
        "100" : 0.000000,
        "250" : 0.000000,
        "500" : 0.051880,
        "750" : 26.266479,
        "1000" : 30.212402
      },
      "latency_ms" : {
        "2" : 43.469238,
        "4" : 0.000000,
        "10" : 0.000000,
        "20" : 0.000000,
        "50" : 0.000000,
        "100" : 0.000000,
        "250" : 0.000000,
        "500" : 0.000000,
        "750" : 0.000000,
        "1000" : 0.000000,
        "2000" : 0.000000,
        ">=2000" : 0.000000
      },
      "latency_depth" : 32,
      "latency_target" : 0,
      "latency_percentile" : 100.000000,
      "latency_window" : 0
    }
  ],
  "disk_util" : [
    {
      "name" : "sdb",
      "read_ios" : 0,
      "write_ios" : 117866,
      "read_merges" : 0,
      "write_merges" : 7548,
      "read_ticks" : 0,
      "write_ticks" : 32677,
      "in_queue" : 32677,
      "util" : 97.355063
    }
  ]
}
