{
  "fio version" : "fio-3.33",
  "timestamp" : 1747287122,
  "timestamp_ms" : 1747287122870,
  "time" : "Thu May 15 08:32:02 2025",
  "jobs" : [
    {
      "jobname" : "randread_B4096_Q128_T1",
      "groupid" : 0,
      "error" : 0,
      "eta" : 0,
      "elapsed" : 3,
      "job options" : {
        "rw" : "randread",
        "name" : "randread_B4096_Q128_T1",
        "bs" : "4096k",
        "iodepth" : "128",
        "numjobs" : "1",
        "runtime" : "10",
        "direct" : "1",
        "ioengine" : "libaio",
        "size" : "1G",
        "filename" : "/mnt/pve/test/write"
      },
      "read" : {
        "io_bytes" : 1073741824,
        "io_kbytes" : 1048576,
        "bw_bytes" : 515973966,
        "bw" : 503880,
        "iops" : 123.017780,
        "runtime" : 2081,
        "total_ios" : 256,
        "short_ios" : 0,
        "drop_ios" : 0,
        "slat_ns" : {
          "min" : 3827187,
          "max" : 10027019,
          "mean" : 7872903.050781,
          "stddev" : 1210546.720919,
          "N" : 256
        },
        "clat_ns" : {
          "min" : 62927247,
          "max" : 1136752804,
          "mean" : 802803495.050781,
          "stddev" : 310635421.542642,
          "N" : 256,
          "percentile" : {
            "1.000000" : 80216064,
            "5.000000" : 160432128,
            "10.000000" : 267386880,
            "20.000000" : 476053504,
            "30.000000" : 683671552,
            "40.000000" : 884998144,
            "50.000000" : 985661440,
            "60.000000" : 1002438656,
            "70.000000" : 1019215872,
            "80.000000" : 1035993088,
            "90.000000" : 1061158912,
            "95.000000" : 1082130432,
            "99.000000" : 1132462080,
            "99.500000" : 1132462080,
            "99.900000" : 1132462080,
            "99.950000" : 1132462080,
            "99.990000" : 1132462080
          }
        },
        "lat_ns" : {
          "min" : 71169818,
          "max" : 1144667534,
          "mean" : 810676398.101563,
          "stddev" : 310477764.279011,
          "N" : 256
        },
        "bw_min" : 24576,
        "bw_max" : 507904,
        "bw_agg" : 68.824607,
        "bw_mean" : 346794.666667,
        "bw_dev" : 279049.550907,
        "bw_samples" : 3,
        "iops_min" : 6,
        "iops_max" : 124,
        "iops_mean" : 84.666667,
        "iops_stddev" : 68.127332,
        "iops_samples" : 3
      },
      "write" : {
        "io_bytes" : 0,
        "io_kbytes" : 0,
        "bw_bytes" : 0,
        "bw" : 0,
        "iops" : 0.000000,
        "runtime" : 0,
        "total_ios" : 0,
        "short_ios" : 0,
        "drop_ios" : 0,
        "slat_ns" : {
          "min" : 0,
          "max" : 0,
          "mean" : 0.000000,
          "stddev" : 0.000000,
          "N" : 0
        },
        "clat_ns" : {
          "min" : 0,
          "max" : 0,
          "mean" : 0.000000,
          "stddev" : 0.000000,
          "N" : 0
        },
        "lat_ns" : {
          "min" : 0,
          "max" : 0,
          "mean" : 0.000000,
          "stddev" : 0.000000,
          "N" : 0
        },
        "bw_min" : 0,
        "bw_max" : 0,
        "bw_agg" : 0.000000,
        "bw_mean" : 0.000000,
        "bw_dev" : 0.000000,
        "bw_samples" : 0,
        "iops_min" : 0,
        "iops_max" : 0,
        "iops_mean" : 0.000000,
        "iops_stddev" : 0.000000,
        "iops_samples" : 0
      },
      "trim" : {
        "io_bytes" : 0,
        "io_kbytes" : 0,
        "bw_bytes" : 0,
        "bw" : 0,
        "iops" : 0.000000,
        "runtime" : 0,
        "total_ios" : 0,
        "short_ios" : 0,
        "drop_ios" : 0,
        "slat_ns" : {
          "min" : 0,
          "max" : 0,
          "mean" : 0.000000,
          "stddev" : 0.000000,
          "N" : 0
        },
        "clat_ns" : {
          "min" : 0,
          "max" : 0,
          "mean" : 0.000000,
          "stddev" : 0.000000,
          "N" : 0
        },
        "lat_ns" : {
          "min" : 0,
          "max" : 0,
          "mean" : 0.000000,
          "stddev" : 0.000000,
          "N" : 0
        },
        "bw_min" : 0,
        "bw_max" : 0,
        "bw_agg" : 0.000000,
        "bw_mean" : 0.000000,
        "bw_dev" : 0.000000,
        "bw_samples" : 0,
        "iops_min" : 0,
        "iops_max" : 0,
        "iops_mean" : 0.000000,
        "iops_stddev" : 0.000000,
        "iops_samples" : 0
      },
      "sync" : {
        "total_ios" : 0,
        "lat_ns" : {
          "min" : 0,
          "max" : 0,
          "mean" : 0.000000,
          "stddev" : 0.000000,
          "N" : 0
        }
      },
      "job_runtime" : 2080,
      "usr_cpu" : 0.048077,
      "sys_cpu" : 25.192308,
      "ctx" : 1132,
      "majf" : 0,
      "minf" : 131082,
      "iodepth_level" : {
        "1" : 0.390625,
        "2" : 0.781250,
        "4" : 1.562500,
        "8" : 3.125000,
        "16" : 6.250000,
        "32" : 12.500000,
        ">=64" : 75.390625
      },
      "iodepth_submit" : {
        "0" : 0.000000,
        "4" : 100.000000,
        "8" : 0.000000,
        "16" : 0.000000,
        "32" : 0.000000,
        "64" : 0.000000,
        ">=64" : 0.000000
      },
      "iodepth_complete" : {
        "0" : 0.000000,
        "4" : 99.230769,
        "8" : 0.000000,
        "16" : 0.000000,
        "32" : 0.000000,
        "64" : 0.000000,
        ">=64" : 0.769231
      },
      "latency_ns" : {
        "2" : 0.000000,
        "4" : 0.000000,
        "10" : 0.000000,
        "20" : 0.000000,
        "50" : 0.000000,
        "100" : 0.000000,
        "250" : 0.000000,
        "500" : 0.000000,
        "750" : 0.000000,
        "1000" : 0.000000
      },
      "latency_us" : {
        "2" : 0.000000,
        "4" : 0.000000,
        "10" : 0.000000,
        "20" : 0.000000,
        "50" : 0.000000,
        "100" : 0.000000,
        "250" : 0.000000,
        "500" : 0.000000,
        "750" : 0.000000,
        "1000" : 0.000000
      },
      "latency_ms" : {
        "2" : 0.000000,
        "4" : 0.000000,
        "10" : 0.000000,
        "20" : 0.000000,
        "50" : 0.000000,
        "100" : 1.953125,
        "250" : 7.031250,
        "500" : 12.109375,
        "750" : 12.109375,
        "1000" : 25.781250,
        "2000" : 41.015625,
        ">=2000" : 0.000000
      },
      "latency_depth" : 128,
      "latency_target" : 0,
      "latency_percentile" : 100.000000,
      "latency_window" : 0
    }
  ],
  "disk_util" : [
    {
      "name" : "sdb",
      "read_ios" : 7477,
      "write_ios" : 0,
      "read_merges" : 8,
      "write_merges" : 0,
      "read_ticks" : 456780,
      "write_ticks" : 0,
      "in_queue" : 456780,
      "util" : 94.989980
    }
  ]
}
