{
  "fio version" : "fio-3.33",
  "timestamp" : 1747292011,
  "timestamp_ms" : 1747292011463,
  "time" : "Thu May 15 09:53:31 2025",
  "jobs" : [
    {
      "jobname" : "randwrite_B4_Q128_T1",
      "groupid" : 0,
      "error" : 0,
      "eta" : 0,
      "elapsed" : 6,
      "job options" : {
        "rw" : "randwrite",
        "name" : "randwrite_B4_Q128_T1",
        "bs" : "4k",
        "iodepth" : "128",
        "numjobs" : "1",
        "runtime" : "10",
        "direct" : "1",
        "ioengine" : "libaio",
        "size" : "1G",
        "filename" : "/mnt/pve/test/write"
      },
      "read" : {
        "io_bytes" : 0,
        "io_kbytes" : 0,
        "bw_bytes" : 0,
        "bw" : 0,
        "iops" : 0.000000,
        "runtime" : 0,
        "total_ios" : 0,
        "short_ios" : 0,
        "drop_ios" : 0,
        "slat_ns" : {
          "min" : 0,
          "max" : 0,
          "mean" : 0.000000,
          "stddev" : 0.000000,
          "N" : 0
        },
        "clat_ns" : {
          "min" : 0,
          "max" : 0,
          "mean" : 0.000000,
          "stddev" : 0.000000,
          "N" : 0
        },
        "lat_ns" : {
          "min" : 0,
          "max" : 0,
          "mean" : 0.000000,
          "stddev" : 0.000000,
          "N" : 0
        },
        "bw_min" : 0,
        "bw_max" : 0,
        "bw_agg" : 0.000000,
        "bw_mean" : 0.000000,
        "bw_dev" : 0.000000,
        "bw_samples" : 0,
        "iops_min" : 0,
        "iops_max" : 0,
        "iops_mean" : 0.000000,
        "iops_stddev" : 0.000000,
        "iops_samples" : 0
      },
      "write" : {
        "io_bytes" : 1073741824,
        "io_kbytes" : 1048576,
        "bw_bytes" : 189205607,
        "bw" : 184771,
        "iops" : 46192.775330,
        "runtime" : 5675,
        "total_ios" : 262144,
        "short_ios" : 0,
        "drop_ios" : 0,
        "slat_ns" : {
          "min" : 2753,
          "max" : 1288498,
          "mean" : 14841.635681,
          "stddev" : 13015.577868,
          "N" : 262144
        },
        "clat_ns" : {
          "min" : 164018,
          "max" : 21580960,
          "mean" : 2753219.109474,
          "stddev" : 922418.741830,
          "N" : 262144,
          "percentile" : {
            "1.000000" : 765952,
            "5.000000" : 1466368,
            "10.000000" : 2179072,
            "20.000000" : 2375680,
            "30.000000" : 2473984,
            "40.000000" : 2506752,
            "50.000000" : 2539520,
            "60.000000" : 2572288,
            "70.000000" : 2605056,
            "80.000000" : 3129344,
            "90.000000" : 4177920,
            "95.000000" : 4292608,
            "99.000000" : 5537792,
            "99.500000" : 7176192,
            "99.900000" : 9895936,
            "99.950000" : 11730944,
            "99.990000" : 16449536
          }
        },
        "lat_ns" : {
          "min" : 174069,
          "max" : 21619028,
          "mean" : 2768060.745155,
          "stddev" : 924439.554551,
          "N" : 262144
        },
        "bw_min" : 139328,
        "bw_max" : 203088,
        "bw_agg" : 99.797533,
        "bw_mean" : 184397.090909,
        "bw_dev" : 22275.887957,
        "bw_samples" : 11,
        "iops_min" : 34832,
        "iops_max" : 50772,
        "iops_mean" : 46099.272727,
        "iops_stddev" : 5568.971989,
        "iops_samples" : 11
      },
      "trim" : {
        "io_bytes" : 0,
        "io_kbytes" : 0,
        "bw_bytes" : 0,
        "bw" : 0,
        "iops" : 0.000000,
        "runtime" : 0,
        "total_ios" : 0,
        "short_ios" : 0,
        "drop_ios" : 0,
        "slat_ns" : {
          "min" : 0,
          "max" : 0,
          "mean" : 0.000000,
          "stddev" : 0.000000,
          "N" : 0
        },
        "clat_ns" : {
          "min" : 0,
          "max" : 0,
          "mean" : 0.000000,
          "stddev" : 0.000000,
          "N" : 0
        },
        "lat_ns" : {
          "min" : 0,
          "max" : 0,
          "mean" : 0.000000,
          "stddev" : 0.000000,
          "N" : 0
        },
        "bw_min" : 0,
        "bw_max" : 0,
        "bw_agg" : 0.000000,
        "bw_mean" : 0.000000,
        "bw_dev" : 0.000000,
        "bw_samples" : 0,
        "iops_min" : 0,
        "iops_max" : 0,
        "iops_mean" : 0.000000,
        "iops_stddev" : 0.000000,
        "iops_samples" : 0
      },
      "sync" : {
        "total_ios" : 0,
        "lat_ns" : {
          "min" : 0,
          "max" : 0,
          "mean" : 0.000000,
          "stddev" : 0.000000,
          "N" : 0
        }
      },
      "job_runtime" : 5674,
      "usr_cpu" : 15.861826,
      "sys_cpu" : 60.891787,
      "ctx" : 89795,
      "majf" : 0,
      "minf" : 175,
      "iodepth_level" : {
        "1" : 0.100000,
        "2" : 0.100000,
        "4" : 0.100000,
        "8" : 0.100000,
        "16" : 0.100000,
        "32" : 0.100000,
        ">=64" : 99.975967
      },
      "iodepth_submit" : {
        "0" : 0.000000,
        "4" : 100.000000,
        "8" : 0.000000,
        "16" : 0.000000,
        "32" : 0.000000,
        "64" : 0.000000,
        ">=64" : 0.000000
      },
      "iodepth_complete" : {
        "0" : 0.000000,
        "4" : 99.999618,
        "8" : 0.000000,
        "16" : 0.000000,
        "32" : 0.000000,
        "64" : 0.000000,
        ">=64" : 0.100000
      },
      "latency_ns" : {
        "2" : 0.000000,
        "4" : 0.000000,
        "10" : 0.000000,
        "20" : 0.000000,
        "50" : 0.000000,
        "100" : 0.000000,
        "250" : 0.000000,
        "500" : 0.000000,
        "750" : 0.000000,
        "1000" : 0.000000
      },
      "latency_us" : {
        "2" : 0.000000,
        "4" : 0.000000,
        "10" : 0.000000,
        "20" : 0.000000,
        "50" : 0.000000,
        "100" : 0.000000,
        "250" : 0.010000,
        "500" : 0.010000,
        "750" : 0.925064,
        "1000" : 1.295471
      },
      "latency_ms" : {
        "2" : 5.771255,
        "4" : 79.940033,
        "10" : 11.960983,
        "20" : 0.095749,
        "50" : 0.010000,
        "100" : 0.000000,
        "250" : 0.000000,
        "500" : 0.000000,
        "750" : 0.000000,
        "1000" : 0.000000,
        "2000" : 0.000000,
        ">=2000" : 0.000000
      },
      "latency_depth" : 128,
      "latency_target" : 0,
      "latency_percentile" : 100.000000,
      "latency_window" : 0
    }
  ],
  "disk_util" : [
    {
      "name" : "sdb",
      "read_ios" : 0,
      "write_ios" : 260386,
      "read_merges" : 0,
      "write_merges" : 507,
      "read_ticks" : 0,
      "write_ticks" : 155443,
      "in_queue" : 155444,
      "util" : 98.292980
    }
  ]
}
