{
  "fio version" : "fio-3.33",
  "timestamp" : 1747291979,
  "timestamp_ms" : 1747291979994,
  "time" : "Thu May 15 09:52:59 2025",
  "jobs" : [
    {
      "jobname" : "randread_B8_Q1_T1",
      "groupid" : 0,
      "error" : 0,
      "eta" : 0,
      "elapsed" : 11,
      "job options" : {
        "rw" : "randread",
        "name" : "randread_B8_Q1_T1",
        "bs" : "8k",
        "iodepth" : "1",
        "numjobs" : "1",
        "runtime" : "10",
        "direct" : "1",
        "ioengine" : "libaio",
        "size" : "1G",
        "filename" : "/mnt/pve/test/write"
      },
      "read" : {
        "io_bytes" : 490192896,
        "io_kbytes" : 478704,
        "bw_bytes" : 49014388,
        "bw" : 47865,
        "iops" : 5983.201680,
        "runtime" : 10001,
        "total_ios" : 59838,
        "short_ios" : 0,
        "drop_ios" : 0,
        "slat_ns" : {
          "min" : 14129,
          "max" : 483217,
          "mean" : 16932.229887,
          "stddev" : 6982.788315,
          "N" : 59838
        },
        "clat_ns" : {
          "min" : 4312,
          "max" : 4971458,
          "mean" : 147938.911895,
          "stddev" : 94131.019393,
          "N" : 59838,
          "percentile" : {
            "1.000000" : 113152,
            "5.000000" : 115200,
            "10.000000" : 125440,
            "20.000000" : 142336,
            "30.000000" : 142336,
            "40.000000" : 144384,
            "50.000000" : 144384,
            "60.000000" : 144384,
            "70.000000" : 146432,
            "80.000000" : 148480,
            "90.000000" : 152576,
            "95.000000" : 156672,
            "99.000000" : 214016,
            "99.500000" : 218112,
            "99.900000" : 1597440,
            "99.950000" : 2670592,
            "99.990000" : 4014080
          }
        },
        "lat_ns" : {
          "min" : 125657,
          "max" : 5011585,
          "mean" : 164871.141783,
          "stddev" : 94945.490959,
          "N" : 59838
        },
        "bw_min" : 47696,
        "bw_max" : 48384,
        "bw_agg" : 100.000000,
        "bw_mean" : 47919.157895,
        "bw_dev" : 152.394686,
        "bw_samples" : 19,
        "iops_min" : 5962,
        "iops_max" : 6048,
        "iops_mean" : 5989.894737,
        "iops_stddev" : 19.049336,
        "iops_samples" : 19
      },
      "write" : {
        "io_bytes" : 0,
        "io_kbytes" : 0,
        "bw_bytes" : 0,
        "bw" : 0,
        "iops" : 0.000000,
        "runtime" : 0,
        "total_ios" : 0,
        "short_ios" : 0,
        "drop_ios" : 0,
        "slat_ns" : {
          "min" : 0,
          "max" : 0,
          "mean" : 0.000000,
          "stddev" : 0.000000,
          "N" : 0
        },
        "clat_ns" : {
          "min" : 0,
          "max" : 0,
          "mean" : 0.000000,
          "stddev" : 0.000000,
          "N" : 0
        },
        "lat_ns" : {
          "min" : 0,
          "max" : 0,
          "mean" : 0.000000,
          "stddev" : 0.000000,
          "N" : 0
        },
        "bw_min" : 0,
        "bw_max" : 0,
        "bw_agg" : 0.000000,
        "bw_mean" : 0.000000,
        "bw_dev" : 0.000000,
        "bw_samples" : 0,
        "iops_min" : 0,
        "iops_max" : 0,
        "iops_mean" : 0.000000,
        "iops_stddev" : 0.000000,
        "iops_samples" : 0
      },
      "trim" : {
        "io_bytes" : 0,
        "io_kbytes" : 0,
        "bw_bytes" : 0,
        "bw" : 0,
        "iops" : 0.000000,
        "runtime" : 0,
        "total_ios" : 0,
        "short_ios" : 0,
        "drop_ios" : 0,
        "slat_ns" : {
          "min" : 0,
          "max" : 0,
          "mean" : 0.000000,
          "stddev" : 0.000000,
          "N" : 0
        },
        "clat_ns" : {
          "min" : 0,
          "max" : 0,
          "mean" : 0.000000,
          "stddev" : 0.000000,
          "N" : 0
        },
        "lat_ns" : {
          "min" : 0,
          "max" : 0,
          "mean" : 0.000000,
          "stddev" : 0.000000,
          "N" : 0
        },
        "bw_min" : 0,
        "bw_max" : 0,
        "bw_agg" : 0.000000,
        "bw_mean" : 0.000000,
        "bw_dev" : 0.000000,
        "bw_samples" : 0,
        "iops_min" : 0,
        "iops_max" : 0,
        "iops_mean" : 0.000000,
        "iops_stddev" : 0.000000,
        "iops_samples" : 0
      },
      "sync" : {
        "total_ios" : 0,
        "lat_ns" : {
          "min" : 0,
          "max" : 0,
          "mean" : 0.000000,
          "stddev" : 0.000000,
          "N" : 0
        }
      },
      "job_runtime" : 10000,
      "usr_cpu" : 4.880000,
      "sys_cpu" : 13.550000,
      "ctx" : 59836,
      "majf" : 0,
      "minf" : 21,
      "iodepth_level" : {
        "1" : 100.000000,
        "2" : 0.000000,
        "4" : 0.000000,
        "8" : 0.000000,
        "16" : 0.000000,
        "32" : 0.000000,
        ">=64" : 0.000000
      },
      "iodepth_submit" : {
        "0" : 0.000000,
        "4" : 100.000000,
        "8" : 0.000000,
        "16" : 0.000000,
        "32" : 0.000000,
        "64" : 0.000000,
        ">=64" : 0.000000
      },
      "iodepth_complete" : {
        "0" : 0.000000,
        "4" : 100.000000,
        "8" : 0.000000,
        "16" : 0.000000,
        "32" : 0.000000,
        "64" : 0.000000,
        ">=64" : 0.000000
      },
      "latency_ns" : {
        "2" : 0.000000,
        "4" : 0.000000,
        "10" : 0.000000,
        "20" : 0.000000,
        "50" : 0.000000,
        "100" : 0.000000,
        "250" : 0.000000,
        "500" : 0.000000,
        "750" : 0.000000,
        "1000" : 0.000000
      },
      "latency_us" : {
        "2" : 0.000000,
        "4" : 0.000000,
        "10" : 0.010000,
        "20" : 0.000000,
        "50" : 0.010000,
        "100" : 0.000000,
        "250" : 99.657408,
        "500" : 0.058491,
        "750" : 0.106955,
        "1000" : 0.015041
      },
      "latency_ms" : {
        "2" : 0.083559,
        "4" : 0.065176,
        "10" : 0.010027,
        "20" : 0.000000,
        "50" : 0.000000,
        "100" : 0.000000,
        "250" : 0.000000,
        "500" : 0.000000,
        "750" : 0.000000,
        "1000" : 0.000000,
        "2000" : 0.000000,
        ">=2000" : 0.000000
      },
      "latency_depth" : 1,
      "latency_target" : 0,
      "latency_percentile" : 100.000000,
      "latency_window" : 0
    }
  ],
  "disk_util" : [
    {
      "name" : "sdb",
      "read_ios" : 59186,
      "write_ios" : 660,
      "read_merges" : 0,
      "write_merges" : 2,
      "read_ticks" : 8921,
      "write_ticks" : 1120,
      "in_queue" : 10041,
      "util" : 99.108931
    }
  ]
}
