{
  "fio version" : "fio-3.33",
  "timestamp" : 1747292316,
  "timestamp_ms" : 1747292316801,
  "time" : "Thu May 15 09:58:36 2025",
  "jobs" : [
    {
      "jobname" : "randread_B4_Q32_T1",
      "groupid" : 0,
      "error" : 0,
      "eta" : 0,
      "elapsed" : 5,
      "job options" : {
        "rw" : "randread",
        "name" : "randread_B4_Q32_T1",
        "bs" : "4k",
        "iodepth" : "32",
        "numjobs" : "1",
        "runtime" : "10",
        "direct" : "1",
        "ioengine" : "libaio",
        "size" : "1G",
        "filename" : "/mnt/pve/test/write"
      },
      "read" : {
        "io_bytes" : 1073741824,
        "io_kbytes" : 1048576,
        "bw_bytes" : 237186177,
        "bw" : 231627,
        "iops" : 57906.781533,
        "runtime" : 4527,
        "total_ios" : 262144,
        "short_ios" : 0,
        "drop_ios" : 0,
        "slat_ns" : {
          "min" : 2824,
          "max" : 560309,
          "mean" : 11830.708649,
          "stddev" : 8668.948850,
          "N" : 262144
        },
        "clat_ns" : {
          "min" : 182549,
          "max" : 6129197,
          "mean" : 539359.013214,
          "stddev" : 173429.882153,
          "N" : 262144,
          "percentile" : {
            "1.000000" : 350208,
            "5.000000" : 407552,
            "10.000000" : 428032,
            "20.000000" : 452608,
            "30.000000" : 485376,
            "40.000000" : 522240,
            "50.000000" : 544768,
            "60.000000" : 561152,
            "70.000000" : 577536,
            "80.000000" : 593920,
            "90.000000" : 610304,
            "95.000000" : 634880,
            "99.000000" : 757760,
            "99.500000" : 1073152,
            "99.900000" : 3325952,
            "99.950000" : 3653632,
            "99.990000" : 4947968
          }
        },
        "lat_ns" : {
          "min" : 187615,
          "max" : 6147341,
          "mean" : 551189.721863,
          "stddev" : 173827.736339,
          "N" : 262144
        },
        "bw_min" : 216640,
        "bw_max" : 247936,
        "bw_agg" : 100.000000,
        "bw_mean" : 231651.555556,
        "bw_dev" : 11052.368514,
        "bw_samples" : 9,
        "iops_min" : 54160,
        "iops_max" : 61984,
        "iops_mean" : 57912.888889,
        "iops_stddev" : 2763.195453,
        "iops_samples" : 9
      },
      "write" : {
        "io_bytes" : 0,
        "io_kbytes" : 0,
        "bw_bytes" : 0,
        "bw" : 0,
        "iops" : 0.000000,
        "runtime" : 0,
        "total_ios" : 0,
        "short_ios" : 0,
        "drop_ios" : 0,
        "slat_ns" : {
          "min" : 0,
          "max" : 0,
          "mean" : 0.000000,
          "stddev" : 0.000000,
          "N" : 0
        },
        "clat_ns" : {
          "min" : 0,
          "max" : 0,
          "mean" : 0.000000,
          "stddev" : 0.000000,
          "N" : 0
        },
        "lat_ns" : {
          "min" : 0,
          "max" : 0,
          "mean" : 0.000000,
          "stddev" : 0.000000,
          "N" : 0
        },
        "bw_min" : 0,
        "bw_max" : 0,
        "bw_agg" : 0.000000,
        "bw_mean" : 0.000000,
        "bw_dev" : 0.000000,
        "bw_samples" : 0,
        "iops_min" : 0,
        "iops_max" : 0,
        "iops_mean" : 0.000000,
        "iops_stddev" : 0.000000,
        "iops_samples" : 0
      },
      "trim" : {
        "io_bytes" : 0,
        "io_kbytes" : 0,
        "bw_bytes" : 0,
        "bw" : 0,
        "iops" : 0.000000,
        "runtime" : 0,
        "total_ios" : 0,
        "short_ios" : 0,
        "drop_ios" : 0,
        "slat_ns" : {
          "min" : 0,
          "max" : 0,
          "mean" : 0.000000,
          "stddev" : 0.000000,
          "N" : 0
        },
        "clat_ns" : {
          "min" : 0,
          "max" : 0,
          "mean" : 0.000000,
          "stddev" : 0.000000,
          "N" : 0
        },
        "lat_ns" : {
          "min" : 0,
          "max" : 0,
          "mean" : 0.000000,
          "stddev" : 0.000000,
          "N" : 0
        },
        "bw_min" : 0,
        "bw_max" : 0,
        "bw_agg" : 0.000000,
        "bw_mean" : 0.000000,
        "bw_dev" : 0.000000,
        "bw_samples" : 0,
        "iops_min" : 0,
        "iops_max" : 0,
        "iops_mean" : 0.000000,
        "iops_stddev" : 0.000000,
        "iops_samples" : 0
      },
      "sync" : {
        "total_ios" : 0,
        "lat_ns" : {
          "min" : 0,
          "max" : 0,
          "mean" : 0.000000,
          "stddev" : 0.000000,
          "N" : 0
        }
      },
      "job_runtime" : 4526,
      "usr_cpu" : 18.581529,
      "sys_cpu" : 69.244366,
      "ctx" : 22655,
      "majf" : 0,
      "minf" : 92,
      "iodepth_level" : {
        "1" : 0.100000,
        "2" : 0.100000,
        "4" : 0.100000,
        "8" : 0.100000,
        "16" : 0.100000,
        "32" : 99.988174,
        ">=64" : 0.000000
      },
      "iodepth_submit" : {
        "0" : 0.000000,
        "4" : 100.000000,
        "8" : 0.000000,
        "16" : 0.000000,
        "32" : 0.000000,
        "64" : 0.000000,
        ">=64" : 0.000000
      },
      "iodepth_complete" : {
        "0" : 0.000000,
        "4" : 99.999618,
        "8" : 0.000000,
        "16" : 0.000000,
        "32" : 0.100000,
        "64" : 0.000000,
        ">=64" : 0.000000
      },
      "latency_ns" : {
        "2" : 0.000000,
        "4" : 0.000000,
        "10" : 0.000000,
        "20" : 0.000000,
        "50" : 0.000000,
        "100" : 0.000000,
        "250" : 0.000000,
        "500" : 0.000000,
        "750" : 0.000000,
        "1000" : 0.000000
      },
      "latency_us" : {
        "2" : 0.000000,
        "4" : 0.000000,
        "10" : 0.000000,
        "20" : 0.000000,
        "50" : 0.000000,
        "100" : 0.000000,
        "250" : 0.028610,
        "500" : 33.112717,
        "750" : 65.843582,
        "1000" : 0.373840
      },
      "latency_ms" : {
        "2" : 0.349808,
        "4" : 0.257874,
        "10" : 0.033569,
        "20" : 0.000000,
        "50" : 0.000000,
        "100" : 0.000000,
        "250" : 0.000000,
        "500" : 0.000000,
        "750" : 0.000000,
        "1000" : 0.000000,
        "2000" : 0.000000,
        ">=2000" : 0.000000
      },
      "latency_depth" : 32,
      "latency_target" : 0,
      "latency_percentile" : 100.000000,
      "latency_window" : 0
    }
  ],
  "disk_util" : [
    {
      "name" : "sdb",
      "read_ios" : 253281,
      "write_ios" : 299,
      "read_merges" : 11,
      "write_merges" : 1,
      "read_ticks" : 74620,
      "write_ticks" : 622,
      "in_queue" : 75243,
      "util" : 97.862867
    }
  ]
}
