{
  "fio version" : "fio-3.33",
  "timestamp" : 1747292072,
  "timestamp_ms" : 1747292072292,
  "time" : "Thu May 15 09:54:32 2025",
  "jobs" : [
    {
      "jobname" : "randread_B8_Q128_T1",
      "groupid" : 0,
      "error" : 0,
      "eta" : 0,
      "elapsed" : 4,
      "job options" : {
        "rw" : "randread",
        "name" : "randread_B8_Q128_T1",
        "bs" : "8k",
        "iodepth" : "128",
        "numjobs" : "1",
        "runtime" : "10",
        "direct" : "1",
        "ioengine" : "libaio",
        "size" : "1G",
        "filename" : "/mnt/pve/test/write"
      },
      "read" : {
        "io_bytes" : 1073741824,
        "io_kbytes" : 1048576,
        "bw_bytes" : 344258359,
        "bw" : 336189,
        "iops" : 42023.725553,
        "runtime" : 3119,
        "total_ios" : 131072,
        "short_ios" : 0,
        "drop_ios" : 0,
        "slat_ns" : {
          "min" : 2892,
          "max" : 852053,
          "mean" : 15319.205780,
          "stddev" : 16096.879836,
          "N" : 131072
        },
        "clat_ns" : {
          "min" : 370352,
          "max" : 41524485,
          "mean" : 3026017.295517,
          "stddev" : 1235999.329493,
          "N" : 131072,
          "percentile" : {
            "1.000000" : 790528,
            "5.000000" : 1236992,
            "10.000000" : 1761280,
            "20.000000" : 2703360,
            "30.000000" : 2834432,
            "40.000000" : 2899968,
            "50.000000" : 2932736,
            "60.000000" : 2965504,
            "70.000000" : 3031040,
            "80.000000" : 3260416,
            "90.000000" : 4177920,
            "95.000000" : 4816896,
            "99.000000" : 7634944,
            "99.500000" : 9371648,
            "99.900000" : 14745600,
            "99.950000" : 17432576,
            "99.990000" : 26345472
          }
        },
        "lat_ns" : {
          "min" : 502135,
          "max" : 41545339,
          "mean" : 3041336.501297,
          "stddev" : 1235774.118360,
          "N" : 131072
        },
        "bw_min" : 327216,
        "bw_max" : 340480,
        "bw_agg" : 100.000000,
        "bw_mean" : 336474.666667,
        "bw_dev" : 5269.309582,
        "bw_samples" : 6,
        "iops_min" : 40902,
        "iops_max" : 42560,
        "iops_mean" : 42059.333333,
        "iops_stddev" : 658.663698,
        "iops_samples" : 6
      },
      "write" : {
        "io_bytes" : 0,
        "io_kbytes" : 0,
        "bw_bytes" : 0,
        "bw" : 0,
        "iops" : 0.000000,
        "runtime" : 0,
        "total_ios" : 0,
        "short_ios" : 0,
        "drop_ios" : 0,
        "slat_ns" : {
          "min" : 0,
          "max" : 0,
          "mean" : 0.000000,
          "stddev" : 0.000000,
          "N" : 0
        },
        "clat_ns" : {
          "min" : 0,
          "max" : 0,
          "mean" : 0.000000,
          "stddev" : 0.000000,
          "N" : 0
        },
        "lat_ns" : {
          "min" : 0,
          "max" : 0,
          "mean" : 0.000000,
          "stddev" : 0.000000,
          "N" : 0
        },
        "bw_min" : 0,
        "bw_max" : 0,
        "bw_agg" : 0.000000,
        "bw_mean" : 0.000000,
        "bw_dev" : 0.000000,
        "bw_samples" : 0,
        "iops_min" : 0,
        "iops_max" : 0,
        "iops_mean" : 0.000000,
        "iops_stddev" : 0.000000,
        "iops_samples" : 0
      },
      "trim" : {
        "io_bytes" : 0,
        "io_kbytes" : 0,
        "bw_bytes" : 0,
        "bw" : 0,
        "iops" : 0.000000,
        "runtime" : 0,
        "total_ios" : 0,
        "short_ios" : 0,
        "drop_ios" : 0,
        "slat_ns" : {
          "min" : 0,
          "max" : 0,
          "mean" : 0.000000,
          "stddev" : 0.000000,
          "N" : 0
        },
        "clat_ns" : {
          "min" : 0,
          "max" : 0,
          "mean" : 0.000000,
          "stddev" : 0.000000,
          "N" : 0
        },
        "lat_ns" : {
          "min" : 0,
          "max" : 0,
          "mean" : 0.000000,
          "stddev" : 0.000000,
          "N" : 0
        },
        "bw_min" : 0,
        "bw_max" : 0,
        "bw_agg" : 0.000000,
        "bw_mean" : 0.000000,
        "bw_dev" : 0.000000,
        "bw_samples" : 0,
        "iops_min" : 0,
        "iops_max" : 0,
        "iops_mean" : 0.000000,
        "iops_stddev" : 0.000000,
        "iops_samples" : 0
      },
      "sync" : {
        "total_ios" : 0,
        "lat_ns" : {
          "min" : 0,
          "max" : 0,
          "mean" : 0.000000,
          "stddev" : 0.000000,
          "N" : 0
        }
      },
      "job_runtime" : 3118,
      "usr_cpu" : 15.009622,
      "sys_cpu" : 61.321360,
      "ctx" : 34516,
      "majf" : 0,
      "minf" : 272,
      "iodepth_level" : {
        "1" : 0.100000,
        "2" : 0.100000,
        "4" : 0.100000,
        "8" : 0.100000,
        "16" : 0.100000,
        "32" : 0.100000,
        ">=64" : 99.951935
      },
      "iodepth_submit" : {
        "0" : 0.000000,
        "4" : 100.000000,
        "8" : 0.000000,
        "16" : 0.000000,
        "32" : 0.000000,
        "64" : 0.000000,
        ">=64" : 0.000000
      },
      "iodepth_complete" : {
        "0" : 0.000000,
        "4" : 99.999236,
        "8" : 0.000000,
        "16" : 0.000000,
        "32" : 0.000000,
        "64" : 0.000000,
        ">=64" : 0.100000
      },
      "latency_ns" : {
        "2" : 0.000000,
        "4" : 0.000000,
        "10" : 0.000000,
        "20" : 0.000000,
        "50" : 0.000000,
        "100" : 0.000000,
        "250" : 0.000000,
        "500" : 0.000000,
        "750" : 0.000000,
        "1000" : 0.000000
      },
      "latency_us" : {
        "2" : 0.000000,
        "4" : 0.000000,
        "10" : 0.000000,
        "20" : 0.000000,
        "50" : 0.000000,
        "100" : 0.000000,
        "250" : 0.000000,
        "500" : 0.010000,
        "750" : 0.704956,
        "1000" : 2.153015
      },
      "latency_ms" : {
        "2" : 9.571075,
        "4" : 75.946808,
        "10" : 11.214447,
        "20" : 0.382996,
        "50" : 0.025177,
        "100" : 0.000000,
        "250" : 0.000000,
        "500" : 0.000000,
        "750" : 0.000000,
        "1000" : 0.000000,
        "2000" : 0.000000,
        ">=2000" : 0.000000
      },
      "latency_depth" : 128,
      "latency_target" : 0,
      "latency_percentile" : 100.000000,
      "latency_window" : 0
    }
  ],
  "disk_util" : [
    {
      "name" : "sdb",
      "read_ios" : 121123,
      "write_ios" : 192,
      "read_merges" : 409,
      "write_merges" : 0,
      "read_ticks" : 203271,
      "write_ticks" : 560,
      "in_queue" : 203830,
      "util" : 96.692282
    }
  ]
}
