{
  "fio version" : "fio-3.33",
  "timestamp" : 1747292111,
  "timestamp_ms" : 1747292111152,
  "time" : "Thu May 15 09:55:11 2025",
  "jobs" : [
    {
      "jobname" : "randwrite_B4_Q1_T1",
      "groupid" : 0,
      "error" : 0,
      "eta" : 0,
      "elapsed" : 11,
      "job options" : {
        "rw" : "randwrite",
        "name" : "randwrite_B4_Q1_T1",
        "bs" : "4k",
        "iodepth" : "1",
        "numjobs" : "1",
        "runtime" : "10",
        "direct" : "1",
        "ioengine" : "libaio",
        "size" : "1G",
        "filename" : "/mnt/pve/test/write"
      },
      "read" : {
        "io_bytes" : 0,
        "io_kbytes" : 0,
        "bw_bytes" : 0,
        "bw" : 0,
        "iops" : 0.000000,
        "runtime" : 0,
        "total_ios" : 0,
        "short_ios" : 0,
        "drop_ios" : 0,
        "slat_ns" : {
          "min" : 0,
          "max" : 0,
          "mean" : 0.000000,
          "stddev" : 0.000000,
          "N" : 0
        },
        "clat_ns" : {
          "min" : 0,
          "max" : 0,
          "mean" : 0.000000,
          "stddev" : 0.000000,
          "N" : 0
        },
        "lat_ns" : {
          "min" : 0,
          "max" : 0,
          "mean" : 0.000000,
          "stddev" : 0.000000,
          "N" : 0
        },
        "bw_min" : 0,
        "bw_max" : 0,
        "bw_agg" : 0.000000,
        "bw_mean" : 0.000000,
        "bw_dev" : 0.000000,
        "bw_samples" : 0,
        "iops_min" : 0,
        "iops_max" : 0,
        "iops_mean" : 0.000000,
        "iops_stddev" : 0.000000,
        "iops_samples" : 0
      },
      "write" : {
        "io_bytes" : 572514304,
        "io_kbytes" : 559096,
        "bw_bytes" : 57245705,
        "bw" : 55904,
        "iops" : 13976.002400,
        "runtime" : 10001,
        "total_ios" : 139774,
        "short_ios" : 0,
        "drop_ios" : 0,
        "slat_ns" : {
          "min" : 9066,
          "max" : 706006,
          "mean" : 17073.500408,
          "stddev" : 6948.068524,
          "N" : 139774
        },
        "clat_ns" : {
          "min" : 3407,
          "max" : 4183383,
          "mean" : 51767.566915,
          "stddev" : 62332.994654,
          "N" : 139774,
          "percentile" : {
            "1.000000" : 42752,
            "5.000000" : 48384,
            "10.000000" : 48896,
            "20.000000" : 48896,
            "30.000000" : 49408,
            "40.000000" : 49408,
            "50.000000" : 49920,
            "60.000000" : 49920,
            "70.000000" : 50432,
            "80.000000" : 50944,
            "90.000000" : 51456,
            "95.000000" : 52992,
            "99.000000" : 67072,
            "99.500000" : 84480,
            "99.900000" : 309248,
            "99.950000" : 561152,
            "99.990000" : 3751936
          }
        },
        "lat_ns" : {
          "min" : 50789,
          "max" : 4200603,
          "mean" : 68841.067323,
          "stddev" : 62781.311260,
          "N" : 139774
        },
        "bw_min" : 53992,
        "bw_max" : 59368,
        "bw_agg" : 100.000000,
        "bw_mean" : 55938.947368,
        "bw_dev" : 1173.976219,
        "bw_samples" : 19,
        "iops_min" : 13498,
        "iops_max" : 14842,
        "iops_mean" : 13984.842105,
        "iops_stddev" : 293.528205,
        "iops_samples" : 19
      },
      "trim" : {
        "io_bytes" : 0,
        "io_kbytes" : 0,
        "bw_bytes" : 0,
        "bw" : 0,
        "iops" : 0.000000,
        "runtime" : 0,
        "total_ios" : 0,
        "short_ios" : 0,
        "drop_ios" : 0,
        "slat_ns" : {
          "min" : 0,
          "max" : 0,
          "mean" : 0.000000,
          "stddev" : 0.000000,
          "N" : 0
        },
        "clat_ns" : {
          "min" : 0,
          "max" : 0,
          "mean" : 0.000000,
          "stddev" : 0.000000,
          "N" : 0
        },
        "lat_ns" : {
          "min" : 0,
          "max" : 0,
          "mean" : 0.000000,
          "stddev" : 0.000000,
          "N" : 0
        },
        "bw_min" : 0,
        "bw_max" : 0,
        "bw_agg" : 0.000000,
        "bw_mean" : 0.000000,
        "bw_dev" : 0.000000,
        "bw_samples" : 0,
        "iops_min" : 0,
        "iops_max" : 0,
        "iops_mean" : 0.000000,
        "iops_stddev" : 0.000000,
        "iops_samples" : 0
      },
      "sync" : {
        "total_ios" : 0,
        "lat_ns" : {
          "min" : 0,
          "max" : 0,
          "mean" : 0.000000,
          "stddev" : 0.000000,
          "N" : 0
        }
      },
      "job_runtime" : 10000,
      "usr_cpu" : 9.580000,
      "sys_cpu" : 27.010000,
      "ctx" : 139895,
      "majf" : 0,
      "minf" : 22,
      "iodepth_level" : {
        "1" : 100.000000,
        "2" : 0.000000,
        "4" : 0.000000,
        "8" : 0.000000,
        "16" : 0.000000,
        "32" : 0.000000,
        ">=64" : 0.000000
      },
      "iodepth_submit" : {
        "0" : 0.000000,
        "4" : 100.000000,
        "8" : 0.000000,
        "16" : 0.000000,
        "32" : 0.000000,
        "64" : 0.000000,
        ">=64" : 0.000000
      },
      "iodepth_complete" : {
        "0" : 0.000000,
        "4" : 100.000000,
        "8" : 0.000000,
        "16" : 0.000000,
        "32" : 0.000000,
        "64" : 0.000000,
        ">=64" : 0.000000
      },
      "latency_ns" : {
        "2" : 0.000000,
        "4" : 0.000000,
        "10" : 0.000000,
        "20" : 0.000000,
        "50" : 0.000000,
        "100" : 0.000000,
        "250" : 0.000000,
        "500" : 0.000000,
        "750" : 0.000000,
        "1000" : 0.000000
      },
      "latency_us" : {
        "2" : 0.000000,
        "4" : 0.046504,
        "10" : 0.010000,
        "20" : 0.010000,
        "50" : 57.889164,
        "100" : 41.715197,
        "250" : 0.230372,
        "500" : 0.047935,
        "750" : 0.010016,
        "1000" : 0.010000
      },
      "latency_ms" : {
        "2" : 0.010732,
        "4" : 0.019317,
        "10" : 0.010000,
        "20" : 0.000000,
        "50" : 0.000000,
        "100" : 0.000000,
        "250" : 0.000000,
        "500" : 0.000000,
        "750" : 0.000000,
        "1000" : 0.000000,
        "2000" : 0.000000,
        ">=2000" : 0.000000
      },
      "latency_depth" : 1,
      "latency_target" : 0,
      "latency_percentile" : 100.000000,
      "latency_window" : 0
    }
  ],
  "disk_util" : [
    {
      "name" : "sdb",
      "read_ios" : 0,
      "write_ios" : 138889,
      "read_merges" : 0,
      "write_merges" : 6,
      "read_ticks" : 0,
      "write_ticks" : 8177,
      "in_queue" : 8176,
      "util" : 99.108931
    }
  ]
}
