{
  "fio version" : "fio-3.33",
  "timestamp" : 1747291995,
  "timestamp_ms" : 1747291995009,
  "time" : "Thu May 15 09:53:15 2025",
  "jobs" : [
    {
      "jobname" : "randwrite_B8_Q32_T1",
      "groupid" : 0,
      "error" : 0,
      "eta" : 0,
      "elapsed" : 5,
      "job options" : {
        "rw" : "randwrite",
        "name" : "randwrite_B8_Q32_T1",
        "bs" : "8k",
        "iodepth" : "32",
        "numjobs" : "1",
        "runtime" : "10",
        "direct" : "1",
        "ioengine" : "libaio",
        "size" : "1G",
        "filename" : "/mnt/pve/test/write"
      },
      "read" : {
        "io_bytes" : 0,
        "io_kbytes" : 0,
        "bw_bytes" : 0,
        "bw" : 0,
        "iops" : 0.000000,
        "runtime" : 0,
        "total_ios" : 0,
        "short_ios" : 0,
        "drop_ios" : 0,
        "slat_ns" : {
          "min" : 0,
          "max" : 0,
          "mean" : 0.000000,
          "stddev" : 0.000000,
          "N" : 0
        },
        "clat_ns" : {
          "min" : 0,
          "max" : 0,
          "mean" : 0.000000,
          "stddev" : 0.000000,
          "N" : 0
        },
        "lat_ns" : {
          "min" : 0,
          "max" : 0,
          "mean" : 0.000000,
          "stddev" : 0.000000,
          "N" : 0
        },
        "bw_min" : 0,
        "bw_max" : 0,
        "bw_agg" : 0.000000,
        "bw_mean" : 0.000000,
        "bw_dev" : 0.000000,
        "bw_samples" : 0,
        "iops_min" : 0,
        "iops_max" : 0,
        "iops_mean" : 0.000000,
        "iops_stddev" : 0.000000,
        "iops_samples" : 0
      },
      "write" : {
        "io_bytes" : 1073741824,
        "io_kbytes" : 1048576,
        "bw_bytes" : 252823598,
        "bw" : 246898,
        "iops" : 30862.255710,
        "runtime" : 4247,
        "total_ios" : 131072,
        "short_ios" : 0,
        "drop_ios" : 0,
        "slat_ns" : {
          "min" : 4014,
          "max" : 595127,
          "mean" : 21936.368774,
          "stddev" : 13994.527176,
          "N" : 131072
        },
        "clat_ns" : {
          "min" : 54280,
          "max" : 5851564,
          "mean" : 1011186.947876,
          "stddev" : 271205.284108,
          "N" : 131072,
          "percentile" : {
            "1.000000" : 651264,
            "5.000000" : 724992,
            "10.000000" : 749568,
            "20.000000" : 831488,
            "30.000000" : 978944,
            "40.000000" : 1056768,
            "50.000000" : 1056768,
            "60.000000" : 1073152,
            "70.000000" : 1073152,
            "80.000000" : 1089536,
            "90.000000" : 1105920,
            "95.000000" : 1155072,
            "99.000000" : 1482752,
            "99.500000" : 1630208,
            "99.900000" : 4882432,
            "99.950000" : 5144576,
            "99.990000" : 5472256
          }
        },
        "lat_ns" : {
          "min" : 69027,
          "max" : 5859716,
          "mean" : 1033123.316650,
          "stddev" : 273362.473562,
          "N" : 131072
        },
        "bw_min" : 228384,
        "bw_max" : 309248,
        "bw_agg" : 100.000000,
        "bw_mean" : 247658.000000,
        "bw_dev" : 31303.012872,
        "bw_samples" : 8,
        "iops_min" : 28548,
        "iops_max" : 38656,
        "iops_mean" : 30957.250000,
        "iops_stddev" : 3912.876609,
        "iops_samples" : 8
      },
      "trim" : {
        "io_bytes" : 0,
        "io_kbytes" : 0,
        "bw_bytes" : 0,
        "bw" : 0,
        "iops" : 0.000000,
        "runtime" : 0,
        "total_ios" : 0,
        "short_ios" : 0,
        "drop_ios" : 0,
        "slat_ns" : {
          "min" : 0,
          "max" : 0,
          "mean" : 0.000000,
          "stddev" : 0.000000,
          "N" : 0
        },
        "clat_ns" : {
          "min" : 0,
          "max" : 0,
          "mean" : 0.000000,
          "stddev" : 0.000000,
          "N" : 0
        },
        "lat_ns" : {
          "min" : 0,
          "max" : 0,
          "mean" : 0.000000,
          "stddev" : 0.000000,
          "N" : 0
        },
        "bw_min" : 0,
        "bw_max" : 0,
        "bw_agg" : 0.000000,
        "bw_mean" : 0.000000,
        "bw_dev" : 0.000000,
        "bw_samples" : 0,
        "iops_min" : 0,
        "iops_max" : 0,
        "iops_mean" : 0.000000,
        "iops_stddev" : 0.000000,
        "iops_samples" : 0
      },
      "sync" : {
        "total_ios" : 0,
        "lat_ns" : {
          "min" : 0,
          "max" : 0,
          "mean" : 0.000000,
          "stddev" : 0.000000,
          "N" : 0
        }
      },
      "job_runtime" : 4246,
      "usr_cpu" : 14.625530,
      "sys_cpu" : 59.397080,
      "ctx" : 98991,
      "majf" : 0,
      "minf" : 12,
      "iodepth_level" : {
        "1" : 0.100000,
        "2" : 0.100000,
        "4" : 0.100000,
        "8" : 0.100000,
        "16" : 0.100000,
        "32" : 99.976349,
        ">=64" : 0.000000
      },
      "iodepth_submit" : {
        "0" : 0.000000,
        "4" : 100.000000,
        "8" : 0.000000,
        "16" : 0.000000,
        "32" : 0.000000,
        "64" : 0.000000,
        ">=64" : 0.000000
      },
      "iodepth_complete" : {
        "0" : 0.000000,
        "4" : 99.999237,
        "8" : 0.000000,
        "16" : 0.000000,
        "32" : 0.100000,
        "64" : 0.000000,
        ">=64" : 0.000000
      },
      "latency_ns" : {
        "2" : 0.000000,
        "4" : 0.000000,
        "10" : 0.000000,
        "20" : 0.000000,
        "50" : 0.000000,
        "100" : 0.000000,
        "250" : 0.000000,
        "500" : 0.000000,
        "750" : 0.000000,
        "1000" : 0.000000
      },
      "latency_us" : {
        "2" : 0.000000,
        "4" : 0.000000,
        "10" : 0.000000,
        "20" : 0.000000,
        "50" : 0.000000,
        "100" : 0.010000,
        "250" : 0.010000,
        "500" : 0.019836,
        "750" : 9.421539,
        "1000" : 21.533966
      },
      "latency_ms" : {
        "2" : 68.560028,
        "4" : 0.147247,
        "10" : 0.312042,
        "20" : 0.000000,
        "50" : 0.000000,
        "100" : 0.000000,
        "250" : 0.000000,
        "500" : 0.000000,
        "750" : 0.000000,
        "1000" : 0.000000,
        "2000" : 0.000000,
        ">=2000" : 0.000000
      },
      "latency_depth" : 32,
      "latency_target" : 0,
      "latency_percentile" : 100.000000,
      "latency_window" : 0
    }
  ],
  "disk_util" : [
    {
      "name" : "sdb",
      "read_ios" : 0,
      "write_ios" : 128264,
      "read_merges" : 0,
      "write_merges" : 20,
      "read_ticks" : 0,
      "write_ticks" : 34206,
      "in_queue" : 34206,
      "util" : 97.807638
    }
  ]
}
