{
  "fio version" : "fio-3.33",
  "timestamp" : 1747291969,
  "timestamp_ms" : 1747291969614,
  "time" : "Thu May 15 09:52:49 2025",
  "jobs" : [
    {
      "jobname" : "randread_B4096_Q128_T1",
      "groupid" : 0,
      "error" : 0,
      "eta" : 0,
      "elapsed" : 3,
      "job options" : {
        "rw" : "randread",
        "name" : "randread_B4096_Q128_T1",
        "bs" : "4096k",
        "iodepth" : "128",
        "numjobs" : "1",
        "runtime" : "10",
        "direct" : "1",
        "ioengine" : "libaio",
        "size" : "1G",
        "filename" : "/mnt/pve/test/write"
      },
      "read" : {
        "io_bytes" : 1073741824,
        "io_kbytes" : 1048576,
        "bw_bytes" : 506004629,
        "bw" : 494145,
        "iops" : 120.640905,
        "runtime" : 2122,
        "total_ios" : 256,
        "short_ios" : 0,
        "drop_ios" : 0,
        "slat_ns" : {
          "min" : 3835489,
          "max" : 13200125,
          "mean" : 8027161.738281,
          "stddev" : 1371446.015382,
          "N" : 256
        },
        "clat_ns" : {
          "min" : 64020009,
          "max" : 1220522840,
          "mean" : 817295633.980469,
          "stddev" : 318524081.686771,
          "N" : 256,
          "percentile" : {
            "1.000000" : 80216064,
            "5.000000" : 162529280,
            "10.000000" : 270532608,
            "20.000000" : 480247808,
            "30.000000" : 683671552,
            "40.000000" : 901775360,
            "50.000000" : 1002438656,
            "60.000000" : 1027604480,
            "70.000000" : 1044381696,
            "80.000000" : 1061158912,
            "90.000000" : 1082130432,
            "95.000000" : 1098907648,
            "99.000000" : 1132462080,
            "99.500000" : 1149239296,
            "99.900000" : 1216348160,
            "99.950000" : 1216348160,
            "99.990000" : 1216348160
          }
        },
        "lat_ns" : {
          "min" : 72000596,
          "max" : 1228037561,
          "mean" : 825322795.718750,
          "stddev" : 318433777.209190,
          "N" : 256
        },
        "bw_min" : 491520,
        "bw_max" : 507904,
        "bw_agg" : 100.000000,
        "bw_mean" : 499712.000000,
        "bw_dev" : 11585.237503,
        "bw_samples" : 2,
        "iops_min" : 120,
        "iops_max" : 124,
        "iops_mean" : 122.000000,
        "iops_stddev" : 2.828427,
        "iops_samples" : 2
      },
      "write" : {
        "io_bytes" : 0,
        "io_kbytes" : 0,
        "bw_bytes" : 0,
        "bw" : 0,
        "iops" : 0.000000,
        "runtime" : 0,
        "total_ios" : 0,
        "short_ios" : 0,
        "drop_ios" : 0,
        "slat_ns" : {
          "min" : 0,
          "max" : 0,
          "mean" : 0.000000,
          "stddev" : 0.000000,
          "N" : 0
        },
        "clat_ns" : {
          "min" : 0,
          "max" : 0,
          "mean" : 0.000000,
          "stddev" : 0.000000,
          "N" : 0
        },
        "lat_ns" : {
          "min" : 0,
          "max" : 0,
          "mean" : 0.000000,
          "stddev" : 0.000000,
          "N" : 0
        },
        "bw_min" : 0,
        "bw_max" : 0,
        "bw_agg" : 0.000000,
        "bw_mean" : 0.000000,
        "bw_dev" : 0.000000,
        "bw_samples" : 0,
        "iops_min" : 0,
        "iops_max" : 0,
        "iops_mean" : 0.000000,
        "iops_stddev" : 0.000000,
        "iops_samples" : 0
      },
      "trim" : {
        "io_bytes" : 0,
        "io_kbytes" : 0,
        "bw_bytes" : 0,
        "bw" : 0,
        "iops" : 0.000000,
        "runtime" : 0,
        "total_ios" : 0,
        "short_ios" : 0,
        "drop_ios" : 0,
        "slat_ns" : {
          "min" : 0,
          "max" : 0,
          "mean" : 0.000000,
          "stddev" : 0.000000,
          "N" : 0
        },
        "clat_ns" : {
          "min" : 0,
          "max" : 0,
          "mean" : 0.000000,
          "stddev" : 0.000000,
          "N" : 0
        },
        "lat_ns" : {
          "min" : 0,
          "max" : 0,
          "mean" : 0.000000,
          "stddev" : 0.000000,
          "N" : 0
        },
        "bw_min" : 0,
        "bw_max" : 0,
        "bw_agg" : 0.000000,
        "bw_mean" : 0.000000,
        "bw_dev" : 0.000000,
        "bw_samples" : 0,
        "iops_min" : 0,
        "iops_max" : 0,
        "iops_mean" : 0.000000,
        "iops_stddev" : 0.000000,
        "iops_samples" : 0
      },
      "sync" : {
        "total_ios" : 0,
        "lat_ns" : {
          "min" : 0,
          "max" : 0,
          "mean" : 0.000000,
          "stddev" : 0.000000,
          "N" : 0
        }
      },
      "job_runtime" : 2121,
      "usr_cpu" : 0.047148,
      "sys_cpu" : 24.516737,
      "ctx" : 1051,
      "majf" : 0,
      "minf" : 131081,
      "iodepth_level" : {
        "1" : 0.390625,
        "2" : 0.781250,
        "4" : 1.562500,
        "8" : 3.125000,
        "16" : 6.250000,
        "32" : 12.500000,
        ">=64" : 75.390625
      },
      "iodepth_submit" : {
        "0" : 0.000000,
        "4" : 100.000000,
        "8" : 0.000000,
        "16" : 0.000000,
        "32" : 0.000000,
        "64" : 0.000000,
        ">=64" : 0.000000
      },
      "iodepth_complete" : {
        "0" : 0.000000,
        "4" : 99.230769,
        "8" : 0.000000,
        "16" : 0.000000,
        "32" : 0.000000,
        "64" : 0.000000,
        ">=64" : 0.769231
      },
      "latency_ns" : {
        "2" : 0.000000,
        "4" : 0.000000,
        "10" : 0.000000,
        "20" : 0.000000,
        "50" : 0.000000,
        "100" : 0.000000,
        "250" : 0.000000,
        "500" : 0.000000,
        "750" : 0.000000,
        "1000" : 0.000000
      },
      "latency_us" : {
        "2" : 0.000000,
        "4" : 0.000000,
        "10" : 0.000000,
        "20" : 0.000000,
        "50" : 0.000000,
        "100" : 0.000000,
        "250" : 0.000000,
        "500" : 0.000000,
        "750" : 0.000000,
        "1000" : 0.000000
      },
      "latency_ms" : {
        "2" : 0.000000,
        "4" : 0.000000,
        "10" : 0.000000,
        "20" : 0.000000,
        "50" : 0.000000,
        "100" : 1.953125,
        "250" : 7.031250,
        "500" : 12.109375,
        "750" : 11.718750,
        "1000" : 14.843750,
        "2000" : 52.343750,
        ">=2000" : 0.000000
      },
      "latency_depth" : 128,
      "latency_target" : 0,
      "latency_percentile" : 100.000000,
      "latency_window" : 0
    }
  ],
  "disk_util" : [
    {
      "name" : "sdb",
      "read_ios" : 7325,
      "write_ios" : 90,
      "read_merges" : 10,
      "write_merges" : 3,
      "read_ticks" : 456182,
      "write_ticks" : 1290,
      "in_queue" : 457471,
      "util" : 94.989980
    }
  ]
}
