{
  "fio version" : "fio-3.33",
  "timestamp" : 1747292226,
  "timestamp_ms" : 1747292226072,
  "time" : "Thu May 15 09:57:06 2025",
  "jobs" : [
    {
      "jobname" : "randwrite_B8_Q128_T1",
      "groupid" : 0,
      "error" : 0,
      "eta" : 0,
      "elapsed" : 4,
      "job options" : {
        "rw" : "randwrite",
        "name" : "randwrite_B8_Q128_T1",
        "bs" : "8k",
        "iodepth" : "128",
        "numjobs" : "1",
        "runtime" : "10",
        "direct" : "1",
        "ioengine" : "libaio",
        "size" : "1G",
        "filename" : "/mnt/pve/test/write"
      },
      "read" : {
        "io_bytes" : 0,
        "io_kbytes" : 0,
        "bw_bytes" : 0,
        "bw" : 0,
        "iops" : 0.000000,
        "runtime" : 0,
        "total_ios" : 0,
        "short_ios" : 0,
        "drop_ios" : 0,
        "slat_ns" : {
          "min" : 0,
          "max" : 0,
          "mean" : 0.000000,
          "stddev" : 0.000000,
          "N" : 0
        },
        "clat_ns" : {
          "min" : 0,
          "max" : 0,
          "mean" : 0.000000,
          "stddev" : 0.000000,
          "N" : 0
        },
        "lat_ns" : {
          "min" : 0,
          "max" : 0,
          "mean" : 0.000000,
          "stddev" : 0.000000,
          "N" : 0
        },
        "bw_min" : 0,
        "bw_max" : 0,
        "bw_agg" : 0.000000,
        "bw_mean" : 0.000000,
        "bw_dev" : 0.000000,
        "bw_samples" : 0,
        "iops_min" : 0,
        "iops_max" : 0,
        "iops_mean" : 0.000000,
        "iops_stddev" : 0.000000,
        "iops_samples" : 0
      },
      "write" : {
        "io_bytes" : 1073741824,
        "io_kbytes" : 1048576,
        "bw_bytes" : 289808859,
        "bw" : 283016,
        "iops" : 35377.058030,
        "runtime" : 3705,
        "total_ios" : 131072,
        "short_ios" : 0,
        "drop_ios" : 0,
        "slat_ns" : {
          "min" : 3814,
          "max" : 3078059,
          "mean" : 18518.437988,
          "stddev" : 20069.505708,
          "N" : 131072
        },
        "clat_ns" : {
          "min" : 595009,
          "max" : 33573329,
          "mean" : 3595507.804764,
          "stddev" : 1668131.551076,
          "N" : 131072,
          "percentile" : {
            "1.000000" : 790528,
            "5.000000" : 1105920,
            "10.000000" : 1433600,
            "20.000000" : 2113536,
            "30.000000" : 2736128,
            "40.000000" : 3293184,
            "50.000000" : 3915776,
            "60.000000" : 4292608,
            "70.000000" : 4423680,
            "80.000000" : 4554752,
            "90.000000" : 5013504,
            "95.000000" : 5472256,
            "99.000000" : 8847360,
            "99.500000" : 10944512,
            "99.900000" : 17170432,
            "99.950000" : 20054016,
            "99.990000" : 25296896
          }
        },
        "lat_ns" : {
          "min" : 638737,
          "max" : 33581395,
          "mean" : 3614026.242752,
          "stddev" : 1669603.020908,
          "N" : 131072
        },
        "bw_min" : 229072,
        "bw_max" : 309504,
        "bw_agg" : 99.218256,
        "bw_mean" : 280804.571429,
        "bw_dev" : 35912.757951,
        "bw_samples" : 7,
        "iops_min" : 28634,
        "iops_max" : 38688,
        "iops_mean" : 35100.571429,
        "iops_stddev" : 4489.094744,
        "iops_samples" : 7
      },
      "trim" : {
        "io_bytes" : 0,
        "io_kbytes" : 0,
        "bw_bytes" : 0,
        "bw" : 0,
        "iops" : 0.000000,
        "runtime" : 0,
        "total_ios" : 0,
        "short_ios" : 0,
        "drop_ios" : 0,
        "slat_ns" : {
          "min" : 0,
          "max" : 0,
          "mean" : 0.000000,
          "stddev" : 0.000000,
          "N" : 0
        },
        "clat_ns" : {
          "min" : 0,
          "max" : 0,
          "mean" : 0.000000,
          "stddev" : 0.000000,
          "N" : 0
        },
        "lat_ns" : {
          "min" : 0,
          "max" : 0,
          "mean" : 0.000000,
          "stddev" : 0.000000,
          "N" : 0
        },
        "bw_min" : 0,
        "bw_max" : 0,
        "bw_agg" : 0.000000,
        "bw_mean" : 0.000000,
        "bw_dev" : 0.000000,
        "bw_samples" : 0,
        "iops_min" : 0,
        "iops_max" : 0,
        "iops_mean" : 0.000000,
        "iops_stddev" : 0.000000,
        "iops_samples" : 0
      },
      "sync" : {
        "total_ios" : 0,
        "lat_ns" : {
          "min" : 0,
          "max" : 0,
          "mean" : 0.000000,
          "stddev" : 0.000000,
          "N" : 0
        }
      },
      "job_runtime" : 3704,
      "usr_cpu" : 14.335853,
      "sys_cpu" : 54.778618,
      "ctx" : 52631,
      "majf" : 0,
      "minf" : 17,
      "iodepth_level" : {
        "1" : 0.100000,
        "2" : 0.100000,
        "4" : 0.100000,
        "8" : 0.100000,
        "16" : 0.100000,
        "32" : 0.100000,
        ">=64" : 99.951935
      },
      "iodepth_submit" : {
        "0" : 0.000000,
        "4" : 100.000000,
        "8" : 0.000000,
        "16" : 0.000000,
        "32" : 0.000000,
        "64" : 0.000000,
        ">=64" : 0.000000
      },
      "iodepth_complete" : {
        "0" : 0.000000,
        "4" : 99.999236,
        "8" : 0.000000,
        "16" : 0.000000,
        "32" : 0.000000,
        "64" : 0.000000,
        ">=64" : 0.100000
      },
      "latency_ns" : {
        "2" : 0.000000,
        "4" : 0.000000,
        "10" : 0.000000,
        "20" : 0.000000,
        "50" : 0.000000,
        "100" : 0.000000,
        "250" : 0.000000,
        "500" : 0.000000,
        "750" : 0.000000,
        "1000" : 0.000000
      },
      "latency_us" : {
        "2" : 0.000000,
        "4" : 0.000000,
        "10" : 0.000000,
        "20" : 0.000000,
        "50" : 0.000000,
        "100" : 0.000000,
        "250" : 0.000000,
        "500" : 0.000000,
        "750" : 0.426483,
        "1000" : 3.147125
      },
      "latency_ms" : {
        "2" : 14.762878,
        "4" : 33.026123,
        "10" : 48.023987,
        "20" : 0.563049,
        "50" : 0.050354,
        "100" : 0.000000,
        "250" : 0.000000,
        "500" : 0.000000,
        "750" : 0.000000,
        "1000" : 0.000000,
        "2000" : 0.000000,
        ">=2000" : 0.000000
      },
      "latency_depth" : 128,
      "latency_target" : 0,
      "latency_percentile" : 100.000000,
      "latency_window" : 0
    }
  ],
  "disk_util" : [
    {
      "name" : "sdb",
      "read_ios" : 0,
      "write_ios" : 127380,
      "read_merges" : 0,
      "write_merges" : 1233,
      "read_ticks" : 0,
      "write_ticks" : 295267,
      "in_queue" : 295267,
      "util" : 97.301630
    }
  ]
}
