{
  "fio version" : "fio-3.33",
  "timestamp" : 1747292258,
  "timestamp_ms" : 1747292258263,
  "time" : "Thu May 15 09:57:38 2025",
  "jobs" : [
    {
      "jobname" : "read_B4_Q1_T1",
      "groupid" : 0,
      "error" : 0,
      "eta" : 0,
      "elapsed" : 11,
      "job options" : {
        "rw" : "read",
        "name" : "read_B4_Q1_T1",
        "bs" : "4k",
        "iodepth" : "1",
        "numjobs" : "1",
        "runtime" : "10",
        "direct" : "1",
        "ioengine" : "libaio",
        "size" : "1G",
        "filename" : "/mnt/pve/test/write"
      },
      "read" : {
        "io_bytes" : 286031872,
        "io_kbytes" : 279328,
        "bw_bytes" : 28600327,
        "bw" : 27930,
        "iops" : 6982.501750,
        "runtime" : 10001,
        "total_ios" : 69832,
        "short_ios" : 0,
        "drop_ios" : 0,
        "slat_ns" : {
          "min" : 8362,
          "max" : 491960,
          "mean" : 15292.887058,
          "stddev" : 6517.396627,
          "N" : 69832
        },
        "clat_ns" : {
          "min" : 4391,
          "max" : 4633788,
          "mean" : 125882.932051,
          "stddev" : 77387.847537,
          "N" : 69832,
          "percentile" : {
            "1.000000" : 99840,
            "5.000000" : 100864,
            "10.000000" : 101888,
            "20.000000" : 101888,
            "30.000000" : 103936,
            "40.000000" : 130560,
            "50.000000" : 132096,
            "60.000000" : 132096,
            "70.000000" : 134144,
            "80.000000" : 134144,
            "90.000000" : 136192,
            "95.000000" : 136192,
            "99.000000" : 140288,
            "99.500000" : 146432,
            "99.900000" : 1302528,
            "99.950000" : 2310144,
            "99.990000" : 3424256
          }
        },
        "lat_ns" : {
          "min" : 103497,
          "max" : 4670852,
          "mean" : 141175.819109,
          "stddev" : 78107.401534,
          "N" : 69832
        },
        "bw_min" : 27672,
        "bw_max" : 28296,
        "bw_agg" : 100.000000,
        "bw_mean" : 27957.473684,
        "bw_dev" : 151.227337,
        "bw_samples" : 19,
        "iops_min" : 6918,
        "iops_max" : 7074,
        "iops_mean" : 6989.368421,
        "iops_stddev" : 37.806834,
        "iops_samples" : 19
      },
      "write" : {
        "io_bytes" : 0,
        "io_kbytes" : 0,
        "bw_bytes" : 0,
        "bw" : 0,
        "iops" : 0.000000,
        "runtime" : 0,
        "total_ios" : 0,
        "short_ios" : 0,
        "drop_ios" : 0,
        "slat_ns" : {
          "min" : 0,
          "max" : 0,
          "mean" : 0.000000,
          "stddev" : 0.000000,
          "N" : 0
        },
        "clat_ns" : {
          "min" : 0,
          "max" : 0,
          "mean" : 0.000000,
          "stddev" : 0.000000,
          "N" : 0
        },
        "lat_ns" : {
          "min" : 0,
          "max" : 0,
          "mean" : 0.000000,
          "stddev" : 0.000000,
          "N" : 0
        },
        "bw_min" : 0,
        "bw_max" : 0,
        "bw_agg" : 0.000000,
        "bw_mean" : 0.000000,
        "bw_dev" : 0.000000,
        "bw_samples" : 0,
        "iops_min" : 0,
        "iops_max" : 0,
        "iops_mean" : 0.000000,
        "iops_stddev" : 0.000000,
        "iops_samples" : 0
      },
      "trim" : {
        "io_bytes" : 0,
        "io_kbytes" : 0,
        "bw_bytes" : 0,
        "bw" : 0,
        "iops" : 0.000000,
        "runtime" : 0,
        "total_ios" : 0,
        "short_ios" : 0,
        "drop_ios" : 0,
        "slat_ns" : {
          "min" : 0,
          "max" : 0,
          "mean" : 0.000000,
          "stddev" : 0.000000,
          "N" : 0
        },
        "clat_ns" : {
          "min" : 0,
          "max" : 0,
          "mean" : 0.000000,
          "stddev" : 0.000000,
          "N" : 0
        },
        "lat_ns" : {
          "min" : 0,
          "max" : 0,
          "mean" : 0.000000,
          "stddev" : 0.000000,
          "N" : 0
        },
        "bw_min" : 0,
        "bw_max" : 0,
        "bw_agg" : 0.000000,
        "bw_mean" : 0.000000,
        "bw_dev" : 0.000000,
        "bw_samples" : 0,
        "iops_min" : 0,
        "iops_max" : 0,
        "iops_mean" : 0.000000,
        "iops_stddev" : 0.000000,
        "iops_samples" : 0
      },
      "sync" : {
        "total_ios" : 0,
        "lat_ns" : {
          "min" : 0,
          "max" : 0,
          "mean" : 0.000000,
          "stddev" : 0.000000,
          "N" : 0
        }
      },
      "job_runtime" : 10000,
      "usr_cpu" : 4.980000,
      "sys_cpu" : 14.700000,
      "ctx" : 69831,
      "majf" : 0,
      "minf" : 14,
      "iodepth_level" : {
        "1" : 100.000000,
        "2" : 0.000000,
        "4" : 0.000000,
        "8" : 0.000000,
        "16" : 0.000000,
        "32" : 0.000000,
        ">=64" : 0.000000
      },
      "iodepth_submit" : {
        "0" : 0.000000,
        "4" : 100.000000,
        "8" : 0.000000,
        "16" : 0.000000,
        "32" : 0.000000,
        "64" : 0.000000,
        ">=64" : 0.000000
      },
      "iodepth_complete" : {
        "0" : 0.000000,
        "4" : 100.000000,
        "8" : 0.000000,
        "16" : 0.000000,
        "32" : 0.000000,
        "64" : 0.000000,
        ">=64" : 0.000000
      },
      "latency_ns" : {
        "2" : 0.000000,
        "4" : 0.000000,
        "10" : 0.000000,
        "20" : 0.000000,
        "50" : 0.000000,
        "100" : 0.000000,
        "250" : 0.000000,
        "500" : 0.000000,
        "750" : 0.000000,
        "1000" : 0.000000
      },
      "latency_us" : {
        "2" : 0.000000,
        "4" : 0.000000,
        "10" : 0.010000,
        "20" : 0.010000,
        "50" : 0.000000,
        "100" : 1.066846,
        "250" : 98.662504,
        "500" : 0.064440,
        "750" : 0.078760,
        "1000" : 0.011456
      },
      "latency_ms" : {
        "2" : 0.057280,
        "4" : 0.051552,
        "10" : 0.010000,
        "20" : 0.000000,
        "50" : 0.000000,
        "100" : 0.000000,
        "250" : 0.000000,
        "500" : 0.000000,
        "750" : 0.000000,
        "1000" : 0.000000,
        "2000" : 0.000000,
        ">=2000" : 0.000000
      },
      "latency_depth" : 1,
      "latency_target" : 0,
      "latency_percentile" : 100.000000,
      "latency_window" : 0
    }
  ],
  "disk_util" : [
    {
      "name" : "sdb",
      "read_ios" : 69105,
      "write_ios" : 646,
      "read_merges" : 0,
      "write_merges" : 4,
      "read_ticks" : 8848,
      "write_ticks" : 1084,
      "in_queue" : 9932,
      "util" : 99.068883
    }
  ]
}
