{
  "fio version" : "fio-3.33",
  "timestamp" : 1747291933,
  "timestamp_ms" : 1747291933844,
  "time" : "Thu May 15 09:52:13 2025",
  "jobs" : [
    {
      "jobname" : "write_B8_Q32_T1",
      "groupid" : 0,
      "error" : 0,
      "eta" : 0,
      "elapsed" : 5,
      "job options" : {
        "rw" : "write",
        "name" : "write_B8_Q32_T1",
        "bs" : "8k",
        "iodepth" : "32",
        "numjobs" : "1",
        "runtime" : "10",
        "direct" : "1",
        "ioengine" : "libaio",
        "size" : "1G",
        "filename" : "/mnt/pve/test/write"
      },
      "read" : {
        "io_bytes" : 0,
        "io_kbytes" : 0,
        "bw_bytes" : 0,
        "bw" : 0,
        "iops" : 0.000000,
        "runtime" : 0,
        "total_ios" : 0,
        "short_ios" : 0,
        "drop_ios" : 0,
        "slat_ns" : {
          "min" : 0,
          "max" : 0,
          "mean" : 0.000000,
          "stddev" : 0.000000,
          "N" : 0
        },
        "clat_ns" : {
          "min" : 0,
          "max" : 0,
          "mean" : 0.000000,
          "stddev" : 0.000000,
          "N" : 0
        },
        "lat_ns" : {
          "min" : 0,
          "max" : 0,
          "mean" : 0.000000,
          "stddev" : 0.000000,
          "N" : 0
        },
        "bw_min" : 0,
        "bw_max" : 0,
        "bw_agg" : 0.000000,
        "bw_mean" : 0.000000,
        "bw_dev" : 0.000000,
        "bw_samples" : 0,
        "iops_min" : 0,
        "iops_max" : 0,
        "iops_mean" : 0.000000,
        "iops_stddev" : 0.000000,
        "iops_samples" : 0
      },
      "write" : {
        "io_bytes" : 1073741824,
        "io_kbytes" : 1048576,
        "bw_bytes" : 273704263,
        "bw" : 267289,
        "iops" : 33411.164925,
        "runtime" : 3923,
        "total_ios" : 131072,
        "short_ios" : 0,
        "drop_ios" : 0,
        "slat_ns" : {
          "min" : 2888,
          "max" : 766346,
          "mean" : 21445.346100,
          "stddev" : 13696.079185,
          "N" : 131072
        },
        "clat_ns" : {
          "min" : 109617,
          "max" : 5402000,
          "mean" : 934571.821053,
          "stddev" : 275409.679017,
          "N" : 131072,
          "percentile" : {
            "1.000000" : 610304,
            "5.000000" : 675840,
            "10.000000" : 708608,
            "20.000000" : 741376,
            "30.000000" : 798720,
            "40.000000" : 937984,
            "50.000000" : 1003520,
            "60.000000" : 1011712,
            "70.000000" : 1019904,
            "80.000000" : 1028096,
            "90.000000" : 1056768,
            "95.000000" : 1089536,
            "99.000000" : 1400832,
            "99.500000" : 1630208,
            "99.900000" : 5013504,
            "99.950000" : 5144576,
            "99.990000" : 5275648
          }
        },
        "lat_ns" : {
          "min" : 123257,
          "max" : 5407904,
          "mean" : 956017.167152,
          "stddev" : 277614.434154,
          "N" : 131072
        },
        "bw_min" : 244160,
        "bw_max" : 329280,
        "bw_agg" : 100.000000,
        "bw_mean" : 269771.428571,
        "bw_dev" : 33688.935903,
        "bw_samples" : 7,
        "iops_min" : 30520,
        "iops_max" : 41160,
        "iops_mean" : 33721.428571,
        "iops_stddev" : 4211.116988,
        "iops_samples" : 7
      },
      "trim" : {
        "io_bytes" : 0,
        "io_kbytes" : 0,
        "bw_bytes" : 0,
        "bw" : 0,
        "iops" : 0.000000,
        "runtime" : 0,
        "total_ios" : 0,
        "short_ios" : 0,
        "drop_ios" : 0,
        "slat_ns" : {
          "min" : 0,
          "max" : 0,
          "mean" : 0.000000,
          "stddev" : 0.000000,
          "N" : 0
        },
        "clat_ns" : {
          "min" : 0,
          "max" : 0,
          "mean" : 0.000000,
          "stddev" : 0.000000,
          "N" : 0
        },
        "lat_ns" : {
          "min" : 0,
          "max" : 0,
          "mean" : 0.000000,
          "stddev" : 0.000000,
          "N" : 0
        },
        "bw_min" : 0,
        "bw_max" : 0,
        "bw_agg" : 0.000000,
        "bw_mean" : 0.000000,
        "bw_dev" : 0.000000,
        "bw_samples" : 0,
        "iops_min" : 0,
        "iops_max" : 0,
        "iops_mean" : 0.000000,
        "iops_stddev" : 0.000000,
        "iops_samples" : 0
      },
      "sync" : {
        "total_ios" : 0,
        "lat_ns" : {
          "min" : 0,
          "max" : 0,
          "mean" : 0.000000,
          "stddev" : 0.000000,
          "N" : 0
        }
      },
      "job_runtime" : 3922,
      "usr_cpu" : 14.405915,
      "sys_cpu" : 60.428353,
      "ctx" : 90093,
      "majf" : 0,
      "minf" : 40,
      "iodepth_level" : {
        "1" : 0.100000,
        "2" : 0.100000,
        "4" : 0.100000,
        "8" : 0.100000,
        "16" : 0.100000,
        "32" : 99.976349,
        ">=64" : 0.000000
      },
      "iodepth_submit" : {
        "0" : 0.000000,
        "4" : 100.000000,
        "8" : 0.000000,
        "16" : 0.000000,
        "32" : 0.000000,
        "64" : 0.000000,
        ">=64" : 0.000000
      },
      "iodepth_complete" : {
        "0" : 0.000000,
        "4" : 99.999237,
        "8" : 0.000000,
        "16" : 0.000000,
        "32" : 0.100000,
        "64" : 0.000000,
        ">=64" : 0.000000
      },
      "latency_ns" : {
        "2" : 0.000000,
        "4" : 0.000000,
        "10" : 0.000000,
        "20" : 0.000000,
        "50" : 0.000000,
        "100" : 0.000000,
        "250" : 0.000000,
        "500" : 0.000000,
        "750" : 0.000000,
        "1000" : 0.000000
      },
      "latency_us" : {
        "2" : 0.000000,
        "4" : 0.000000,
        "10" : 0.000000,
        "20" : 0.000000,
        "50" : 0.000000,
        "100" : 0.000000,
        "250" : 0.010000,
        "500" : 0.072479,
        "750" : 21.779633,
        "1000" : 28.180695
      },
      "latency_ms" : {
        "2" : 49.521637,
        "4" : 0.137329,
        "10" : 0.302887,
        "20" : 0.000000,
        "50" : 0.000000,
        "100" : 0.000000,
        "250" : 0.000000,
        "500" : 0.000000,
        "750" : 0.000000,
        "1000" : 0.000000,
        "2000" : 0.000000,
        ">=2000" : 0.000000
      },
      "latency_depth" : 32,
      "latency_target" : 0,
      "latency_percentile" : 100.000000,
      "latency_window" : 0
    }
  ],
  "disk_util" : [
    {
      "name" : "sdb",
      "read_ios" : 0,
      "write_ios" : 123483,
      "read_merges" : 0,
      "write_merges" : 6953,
      "read_ticks" : 0,
      "write_ticks" : 31518,
      "in_queue" : 31517,
      "util" : 97.645291
    }
  ]
}
