{
  "fio version" : "fio-3.33",
  "timestamp" : 1747292292,
  "timestamp_ms" : 1747292292736,
  "time" : "Thu May 15 09:58:12 2025",
  "jobs" : [
    {
      "jobname" : "write_B4_Q32_T1",
      "groupid" : 0,
      "error" : 0,
      "eta" : 0,
      "elapsed" : 8,
      "job options" : {
        "rw" : "write",
        "name" : "write_B4_Q32_T1",
        "bs" : "4k",
        "iodepth" : "32",
        "numjobs" : "1",
        "runtime" : "10",
        "direct" : "1",
        "ioengine" : "libaio",
        "size" : "1G",
        "filename" : "/mnt/pve/test/write"
      },
      "read" : {
        "io_bytes" : 0,
        "io_kbytes" : 0,
        "bw_bytes" : 0,
        "bw" : 0,
        "iops" : 0.000000,
        "runtime" : 0,
        "total_ios" : 0,
        "short_ios" : 0,
        "drop_ios" : 0,
        "slat_ns" : {
          "min" : 0,
          "max" : 0,
          "mean" : 0.000000,
          "stddev" : 0.000000,
          "N" : 0
        },
        "clat_ns" : {
          "min" : 0,
          "max" : 0,
          "mean" : 0.000000,
          "stddev" : 0.000000,
          "N" : 0
        },
        "lat_ns" : {
          "min" : 0,
          "max" : 0,
          "mean" : 0.000000,
          "stddev" : 0.000000,
          "N" : 0
        },
        "bw_min" : 0,
        "bw_max" : 0,
        "bw_agg" : 0.000000,
        "bw_mean" : 0.000000,
        "bw_dev" : 0.000000,
        "bw_samples" : 0,
        "iops_min" : 0,
        "iops_max" : 0,
        "iops_mean" : 0.000000,
        "iops_stddev" : 0.000000,
        "iops_samples" : 0
      },
      "write" : {
        "io_bytes" : 1073741824,
        "io_kbytes" : 1048576,
        "bw_bytes" : 148553102,
        "bw" : 145071,
        "iops" : 36267.847261,
        "runtime" : 7228,
        "total_ios" : 262144,
        "short_ios" : 0,
        "drop_ios" : 0,
        "slat_ns" : {
          "min" : 2434,
          "max" : 546430,
          "mean" : 20005.384022,
          "stddev" : 11671.997355,
          "N" : 262144
        },
        "clat_ns" : {
          "min" : 45870,
          "max" : 4995650,
          "mean" : 859604.103107,
          "stddev" : 287475.195837,
          "N" : 262144,
          "percentile" : {
            "1.000000" : 452608,
            "5.000000" : 536576,
            "10.000000" : 585728,
            "20.000000" : 610304,
            "30.000000" : 651264,
            "40.000000" : 774144,
            "50.000000" : 954368,
            "60.000000" : 1003520,
            "70.000000" : 1019904,
            "80.000000" : 1036288,
            "90.000000" : 1056768,
            "95.000000" : 1073152,
            "99.000000" : 1220608,
            "99.500000" : 1531904,
            "99.900000" : 4685824,
            "99.950000" : 4816896,
            "99.990000" : 4882432
          }
        },
        "lat_ns" : {
          "min" : 61655,
          "max" : 5001343,
          "mean" : 879609.487129,
          "stddev" : 289998.986221,
          "N" : 262144
        },
        "bw_min" : 129144,
        "bw_max" : 203472,
        "bw_agg" : 100.000000,
        "bw_mean" : 145702.857143,
        "bw_dev" : 22466.955286,
        "bw_samples" : 14,
        "iops_min" : 32286,
        "iops_max" : 50868,
        "iops_mean" : 36425.714286,
        "iops_stddev" : 5616.738822,
        "iops_samples" : 14
      },
      "trim" : {
        "io_bytes" : 0,
        "io_kbytes" : 0,
        "bw_bytes" : 0,
        "bw" : 0,
        "iops" : 0.000000,
        "runtime" : 0,
        "total_ios" : 0,
        "short_ios" : 0,
        "drop_ios" : 0,
        "slat_ns" : {
          "min" : 0,
          "max" : 0,
          "mean" : 0.000000,
          "stddev" : 0.000000,
          "N" : 0
        },
        "clat_ns" : {
          "min" : 0,
          "max" : 0,
          "mean" : 0.000000,
          "stddev" : 0.000000,
          "N" : 0
        },
        "lat_ns" : {
          "min" : 0,
          "max" : 0,
          "mean" : 0.000000,
          "stddev" : 0.000000,
          "N" : 0
        },
        "bw_min" : 0,
        "bw_max" : 0,
        "bw_agg" : 0.000000,
        "bw_mean" : 0.000000,
        "bw_dev" : 0.000000,
        "bw_samples" : 0,
        "iops_min" : 0,
        "iops_max" : 0,
        "iops_mean" : 0.000000,
        "iops_stddev" : 0.000000,
        "iops_samples" : 0
      },
      "sync" : {
        "total_ios" : 0,
        "lat_ns" : {
          "min" : 0,
          "max" : 0,
          "mean" : 0.000000,
          "stddev" : 0.000000,
          "N" : 0
        }
      },
      "job_runtime" : 7227,
      "usr_cpu" : 14.833264,
      "sys_cpu" : 64.480421,
      "ctx" : 174952,
      "majf" : 0,
      "minf" : 15,
      "iodepth_level" : {
        "1" : 0.100000,
        "2" : 0.100000,
        "4" : 0.100000,
        "8" : 0.100000,
        "16" : 0.100000,
        "32" : 99.988174,
        ">=64" : 0.000000
      },
      "iodepth_submit" : {
        "0" : 0.000000,
        "4" : 100.000000,
        "8" : 0.000000,
        "16" : 0.000000,
        "32" : 0.000000,
        "64" : 0.000000,
        ">=64" : 0.000000
      },
      "iodepth_complete" : {
        "0" : 0.000000,
        "4" : 99.999618,
        "8" : 0.000000,
        "16" : 0.000000,
        "32" : 0.100000,
        "64" : 0.000000,
        ">=64" : 0.000000
      },
      "latency_ns" : {
        "2" : 0.000000,
        "4" : 0.000000,
        "10" : 0.000000,
        "20" : 0.000000,
        "50" : 0.000000,
        "100" : 0.000000,
        "250" : 0.000000,
        "500" : 0.000000,
        "750" : 0.000000,
        "1000" : 0.000000
      },
      "latency_us" : {
        "2" : 0.000000,
        "4" : 0.000000,
        "10" : 0.000000,
        "20" : 0.000000,
        "50" : 0.010000,
        "100" : 0.010000,
        "250" : 0.010000,
        "500" : 2.382660,
        "750" : 36.233139,
        "1000" : 19.517136
      },
      "latency_ms" : {
        "2" : 41.466904,
        "4" : 0.206375,
        "10" : 0.189590,
        "20" : 0.000000,
        "50" : 0.000000,
        "100" : 0.000000,
        "250" : 0.000000,
        "500" : 0.000000,
        "750" : 0.000000,
        "1000" : 0.000000,
        "2000" : 0.000000,
        ">=2000" : 0.000000
      },
      "latency_depth" : 32,
      "latency_target" : 0,
      "latency_percentile" : 100.000000,
      "latency_window" : 0
    }
  ],
  "disk_util" : [
    {
      "name" : "sdb",
      "read_ios" : 0,
      "write_ios" : 257630,
      "read_merges" : 0,
      "write_merges" : 2317,
      "read_ticks" : 0,
      "write_ticks" : 26730,
      "in_queue" : 26730,
      "util" : 98.674033
    }
  ]
}
