{
  "fio version" : "fio-3.33",
  "timestamp" : 1747284482,
  "timestamp_ms" : 1747284482653,
  "time" : "Thu May 15 07:48:02 2025",
  "jobs" : [
    {
      "jobname" : "randwrite_B8_Q128_T1",
      "groupid" : 0,
      "error" : 0,
      "eta" : 0,
      "elapsed" : 4,
      "job options" : {
        "rw" : "randwrite",
        "name" : "randwrite_B8_Q128_T1",
        "bs" : "8k",
        "iodepth" : "128",
        "numjobs" : "1",
        "runtime" : "10",
        "direct" : "1",
        "ioengine" : "libaio",
        "size" : "1G",
        "filename" : "/mnt/pve/test/write"
      },
      "read" : {
        "io_bytes" : 0,
        "io_kbytes" : 0,
        "bw_bytes" : 0,
        "bw" : 0,
        "iops" : 0.000000,
        "runtime" : 0,
        "total_ios" : 0,
        "short_ios" : 0,
        "drop_ios" : 0,
        "slat_ns" : {
          "min" : 0,
          "max" : 0,
          "mean" : 0.000000,
          "stddev" : 0.000000,
          "N" : 0
        },
        "clat_ns" : {
          "min" : 0,
          "max" : 0,
          "mean" : 0.000000,
          "stddev" : 0.000000,
          "N" : 0
        },
        "lat_ns" : {
          "min" : 0,
          "max" : 0,
          "mean" : 0.000000,
          "stddev" : 0.000000,
          "N" : 0
        },
        "bw_min" : 0,
        "bw_max" : 0,
        "bw_agg" : 0.000000,
        "bw_mean" : 0.000000,
        "bw_dev" : 0.000000,
        "bw_samples" : 0,
        "iops_min" : 0,
        "iops_max" : 0,
        "iops_mean" : 0.000000,
        "iops_stddev" : 0.000000,
        "iops_samples" : 0
      },
      "write" : {
        "io_bytes" : 1073741824,
        "io_kbytes" : 1048576,
        "bw_bytes" : 313409755,
        "bw" : 306064,
        "iops" : 38258.026853,
        "runtime" : 3426,
        "total_ios" : 131072,
        "short_ios" : 0,
        "drop_ios" : 0,
        "slat_ns" : {
          "min" : 3446,
          "max" : 690293,
          "mean" : 14206.870415,
          "stddev" : 16346.133195,
          "N" : 131072
        },
        "clat_ns" : {
          "min" : 71056,
          "max" : 33839905,
          "mean" : 3327290.426888,
          "stddev" : 1739962.711812,
          "N" : 131072,
          "percentile" : {
            "1.000000" : 757760,
            "5.000000" : 995328,
            "10.000000" : 1253376,
            "20.000000" : 1777664,
            "30.000000" : 2310144,
            "40.000000" : 2867200,
            "50.000000" : 3358720,
            "60.000000" : 3883008,
            "70.000000" : 4227072,
            "80.000000" : 4489216,
            "90.000000" : 5079040,
            "95.000000" : 5406720,
            "99.000000" : 8159232,
            "99.500000" : 11730944,
            "99.900000" : 19267584,
            "99.950000" : 21889024,
            "99.990000" : 26345472
          }
        },
        "lat_ns" : {
          "min" : 110755,
          "max" : 33847684,
          "mean" : 3341497.297302,
          "stddev" : 1740494.141889,
          "N" : 131072
        },
        "bw_min" : 293360,
        "bw_max" : 315056,
        "bw_agg" : 100.000000,
        "bw_mean" : 310848.000000,
        "bw_dev" : 8592.479689,
        "bw_samples" : 6,
        "iops_min" : 36670,
        "iops_max" : 39382,
        "iops_mean" : 38856.000000,
        "iops_stddev" : 1074.059961,
        "iops_samples" : 6
      },
      "trim" : {
        "io_bytes" : 0,
        "io_kbytes" : 0,
        "bw_bytes" : 0,
        "bw" : 0,
        "iops" : 0.000000,
        "runtime" : 0,
        "total_ios" : 0,
        "short_ios" : 0,
        "drop_ios" : 0,
        "slat_ns" : {
          "min" : 0,
          "max" : 0,
          "mean" : 0.000000,
          "stddev" : 0.000000,
          "N" : 0
        },
        "clat_ns" : {
          "min" : 0,
          "max" : 0,
          "mean" : 0.000000,
          "stddev" : 0.000000,
          "N" : 0
        },
        "lat_ns" : {
          "min" : 0,
          "max" : 0,
          "mean" : 0.000000,
          "stddev" : 0.000000,
          "N" : 0
        },
        "bw_min" : 0,
        "bw_max" : 0,
        "bw_agg" : 0.000000,
        "bw_mean" : 0.000000,
        "bw_dev" : 0.000000,
        "bw_samples" : 0,
        "iops_min" : 0,
        "iops_max" : 0,
        "iops_mean" : 0.000000,
        "iops_stddev" : 0.000000,
        "iops_samples" : 0
      },
      "sync" : {
        "total_ios" : 0,
        "lat_ns" : {
          "min" : 0,
          "max" : 0,
          "mean" : 0.000000,
          "stddev" : 0.000000,
          "N" : 0
        }
      },
      "job_runtime" : 3425,
      "usr_cpu" : 16.817518,
      "sys_cpu" : 43.970803,
      "ctx" : 36288,
      "majf" : 0,
      "minf" : 11,
      "iodepth_level" : {
        "1" : 0.100000,
        "2" : 0.100000,
        "4" : 0.100000,
        "8" : 0.100000,
        "16" : 0.100000,
        "32" : 0.100000,
        ">=64" : 99.951935
      },
      "iodepth_submit" : {
        "0" : 0.000000,
        "4" : 100.000000,
        "8" : 0.000000,
        "16" : 0.000000,
        "32" : 0.000000,
        "64" : 0.000000,
        ">=64" : 0.000000
      },
      "iodepth_complete" : {
        "0" : 0.000000,
        "4" : 99.999236,
        "8" : 0.000000,
        "16" : 0.000000,
        "32" : 0.000000,
        "64" : 0.000000,
        ">=64" : 0.100000
      },
      "latency_ns" : {
        "2" : 0.000000,
        "4" : 0.000000,
        "10" : 0.000000,
        "20" : 0.000000,
        "50" : 0.000000,
        "100" : 0.000000,
        "250" : 0.000000,
        "500" : 0.000000,
        "750" : 0.000000,
        "1000" : 0.000000
      },
      "latency_us" : {
        "2" : 0.000000,
        "4" : 0.000000,
        "10" : 0.000000,
        "20" : 0.000000,
        "50" : 0.000000,
        "100" : 0.010000,
        "250" : 0.010000,
        "500" : 0.010000,
        "750" : 0.772095,
        "1000" : 4.325867
      },
      "latency_ms" : {
        "2" : 18.630219,
        "4" : 38.662720,
        "10" : 36.918640,
        "20" : 0.593567,
        "50" : 0.086975,
        "100" : 0.000000,
        "250" : 0.000000,
        "500" : 0.000000,
        "750" : 0.000000,
        "1000" : 0.000000,
        "2000" : 0.000000,
        ">=2000" : 0.000000
      },
      "latency_depth" : 128,
      "latency_target" : 0,
      "latency_percentile" : 100.000000,
      "latency_window" : 0
    }
  ],
  "disk_util" : [
    {
      "name" : "sdb",
      "read_ios" : 0,
      "write_ios" : 129334,
      "read_merges" : 0,
      "write_merges" : 702,
      "read_ticks" : 0,
      "write_ticks" : 372182,
      "in_queue" : 372182,
      "util" : 97.137131
    }
  ]
}
