{
  "fio version" : "fio-3.33",
  "timestamp" : 1747284478,
  "timestamp_ms" : 1747284478852,
  "time" : "Thu May 15 07:47:58 2025",
  "jobs" : [
    {
      "jobname" : "randread_B8_Q32_T1",
      "groupid" : 0,
      "error" : 0,
      "eta" : 0,
      "elapsed" : 4,
      "job options" : {
        "rw" : "randread",
        "name" : "randread_B8_Q32_T1",
        "bs" : "8k",
        "iodepth" : "32",
        "numjobs" : "1",
        "runtime" : "10",
        "direct" : "1",
        "ioengine" : "libaio",
        "size" : "1G",
        "filename" : "/mnt/pve/test/write"
      },
      "read" : {
        "io_bytes" : 1073741824,
        "io_kbytes" : 1048576,
        "bw_bytes" : 337124591,
        "bw" : 329223,
        "iops" : 41152.904239,
        "runtime" : 3185,
        "total_ios" : 131072,
        "short_ios" : 0,
        "drop_ios" : 0,
        "slat_ns" : {
          "min" : 5166,
          "max" : 664357,
          "mean" : 14277.558586,
          "stddev" : 11880.871927,
          "N" : 131072
        },
        "clat_ns" : {
          "min" : 182773,
          "max" : 1684649,
          "mean" : 761405.368591,
          "stddev" : 101143.635975,
          "N" : 131072,
          "percentile" : {
            "1.000000" : 552960,
            "5.000000" : 618496,
            "10.000000" : 659456,
            "20.000000" : 692224,
            "30.000000" : 716800,
            "40.000000" : 733184,
            "50.000000" : 749568,
            "60.000000" : 757760,
            "70.000000" : 782336,
            "80.000000" : 823296,
            "90.000000" : 897024,
            "95.000000" : 954368,
            "99.000000" : 1073152,
            "99.500000" : 1138688,
            "99.900000" : 1302528,
            "99.950000" : 1351680,
            "99.990000" : 1482752
          }
        },
        "lat_ns" : {
          "min" : 193202,
          "max" : 1717467,
          "mean" : 775682.927177,
          "stddev" : 99335.439350,
          "N" : 131072
        },
        "bw_min" : 324448,
        "bw_max" : 330992,
        "bw_agg" : 100.000000,
        "bw_mean" : 329309.333333,
        "bw_dev" : 2584.669470,
        "bw_samples" : 6,
        "iops_min" : 40556,
        "iops_max" : 41374,
        "iops_mean" : 41163.666667,
        "iops_stddev" : 323.110920,
        "iops_samples" : 6
      },
      "write" : {
        "io_bytes" : 0,
        "io_kbytes" : 0,
        "bw_bytes" : 0,
        "bw" : 0,
        "iops" : 0.000000,
        "runtime" : 0,
        "total_ios" : 0,
        "short_ios" : 0,
        "drop_ios" : 0,
        "slat_ns" : {
          "min" : 0,
          "max" : 0,
          "mean" : 0.000000,
          "stddev" : 0.000000,
          "N" : 0
        },
        "clat_ns" : {
          "min" : 0,
          "max" : 0,
          "mean" : 0.000000,
          "stddev" : 0.000000,
          "N" : 0
        },
        "lat_ns" : {
          "min" : 0,
          "max" : 0,
          "mean" : 0.000000,
          "stddev" : 0.000000,
          "N" : 0
        },
        "bw_min" : 0,
        "bw_max" : 0,
        "bw_agg" : 0.000000,
        "bw_mean" : 0.000000,
        "bw_dev" : 0.000000,
        "bw_samples" : 0,
        "iops_min" : 0,
        "iops_max" : 0,
        "iops_mean" : 0.000000,
        "iops_stddev" : 0.000000,
        "iops_samples" : 0
      },
      "trim" : {
        "io_bytes" : 0,
        "io_kbytes" : 0,
        "bw_bytes" : 0,
        "bw" : 0,
        "iops" : 0.000000,
        "runtime" : 0,
        "total_ios" : 0,
        "short_ios" : 0,
        "drop_ios" : 0,
        "slat_ns" : {
          "min" : 0,
          "max" : 0,
          "mean" : 0.000000,
          "stddev" : 0.000000,
          "N" : 0
        },
        "clat_ns" : {
          "min" : 0,
          "max" : 0,
          "mean" : 0.000000,
          "stddev" : 0.000000,
          "N" : 0
        },
        "lat_ns" : {
          "min" : 0,
          "max" : 0,
          "mean" : 0.000000,
          "stddev" : 0.000000,
          "N" : 0
        },
        "bw_min" : 0,
        "bw_max" : 0,
        "bw_agg" : 0.000000,
        "bw_mean" : 0.000000,
        "bw_dev" : 0.000000,
        "bw_samples" : 0,
        "iops_min" : 0,
        "iops_max" : 0,
        "iops_mean" : 0.000000,
        "iops_stddev" : 0.000000,
        "iops_samples" : 0
      },
      "sync" : {
        "total_ios" : 0,
        "lat_ns" : {
          "min" : 0,
          "max" : 0,
          "mean" : 0.000000,
          "stddev" : 0.000000,
          "N" : 0
        }
      },
      "job_runtime" : 3184,
      "usr_cpu" : 16.048995,
      "sys_cpu" : 59.390704,
      "ctx" : 20961,
      "majf" : 0,
      "minf" : 74,
      "iodepth_level" : {
        "1" : 0.100000,
        "2" : 0.100000,
        "4" : 0.100000,
        "8" : 0.100000,
        "16" : 0.100000,
        "32" : 99.976349,
        ">=64" : 0.000000
      },
      "iodepth_submit" : {
        "0" : 0.000000,
        "4" : 100.000000,
        "8" : 0.000000,
        "16" : 0.000000,
        "32" : 0.000000,
        "64" : 0.000000,
        ">=64" : 0.000000
      },
      "iodepth_complete" : {
        "0" : 0.000000,
        "4" : 99.999237,
        "8" : 0.000000,
        "16" : 0.000000,
        "32" : 0.100000,
        "64" : 0.000000,
        ">=64" : 0.000000
      },
      "latency_ns" : {
        "2" : 0.000000,
        "4" : 0.000000,
        "10" : 0.000000,
        "20" : 0.000000,
        "50" : 0.000000,
        "100" : 0.000000,
        "250" : 0.000000,
        "500" : 0.000000,
        "750" : 0.000000,
        "1000" : 0.000000
      },
      "latency_us" : {
        "2" : 0.000000,
        "4" : 0.000000,
        "10" : 0.000000,
        "20" : 0.000000,
        "50" : 0.000000,
        "100" : 0.000000,
        "250" : 0.010000,
        "500" : 0.180054,
        "750" : 52.601624,
        "1000" : 44.458008
      },
      "latency_ms" : {
        "2" : 2.751160,
        "4" : 0.000000,
        "10" : 0.000000,
        "20" : 0.000000,
        "50" : 0.000000,
        "100" : 0.000000,
        "250" : 0.000000,
        "500" : 0.000000,
        "750" : 0.000000,
        "1000" : 0.000000,
        "2000" : 0.000000,
        ">=2000" : 0.000000
      },
      "latency_depth" : 32,
      "latency_target" : 0,
      "latency_percentile" : 100.000000,
      "latency_window" : 0
    }
  ],
  "disk_util" : [
    {
      "name" : "sdb",
      "read_ios" : 129357,
      "write_ios" : 0,
      "read_merges" : 72,
      "write_merges" : 0,
      "read_ticks" : 85732,
      "write_ticks" : 0,
      "in_queue" : 85732,
      "util" : 96.949153
    }
  ]
}
