{
  "fio version" : "fio-3.33",
  "timestamp" : 1747284407,
  "timestamp_ms" : 1747284407513,
  "time" : "Thu May 15 07:46:47 2025",
  "jobs" : [
    {
      "jobname" : "write_B4096_Q32_T1",
      "groupid" : 0,
      "error" : 0,
      "eta" : 0,
      "elapsed" : 4,
      "job options" : {
        "rw" : "write",
        "name" : "write_B4096_Q32_T1",
        "bs" : "4096k",
        "iodepth" : "32",
        "numjobs" : "1",
        "runtime" : "10",
        "direct" : "1",
        "ioengine" : "libaio",
        "size" : "1G",
        "filename" : "/mnt/pve/test/write"
      },
      "read" : {
        "io_bytes" : 0,
        "io_kbytes" : 0,
        "bw_bytes" : 0,
        "bw" : 0,
        "iops" : 0.000000,
        "runtime" : 0,
        "total_ios" : 0,
        "short_ios" : 0,
        "drop_ios" : 0,
        "slat_ns" : {
          "min" : 0,
          "max" : 0,
          "mean" : 0.000000,
          "stddev" : 0.000000,
          "N" : 0
        },
        "clat_ns" : {
          "min" : 0,
          "max" : 0,
          "mean" : 0.000000,
          "stddev" : 0.000000,
          "N" : 0
        },
        "lat_ns" : {
          "min" : 0,
          "max" : 0,
          "mean" : 0.000000,
          "stddev" : 0.000000,
          "N" : 0
        },
        "bw_min" : 0,
        "bw_max" : 0,
        "bw_agg" : 0.000000,
        "bw_mean" : 0.000000,
        "bw_dev" : 0.000000,
        "bw_samples" : 0,
        "iops_min" : 0,
        "iops_max" : 0,
        "iops_mean" : 0.000000,
        "iops_stddev" : 0.000000,
        "iops_samples" : 0
      },
      "write" : {
        "io_bytes" : 1073741824,
        "io_kbytes" : 1048576,
        "bw_bytes" : 395193899,
        "bw" : 385931,
        "iops" : 94.221568,
        "runtime" : 2717,
        "total_ios" : 256,
        "short_ios" : 0,
        "drop_ios" : 0,
        "slat_ns" : {
          "min" : 760423,
          "max" : 10963169,
          "mean" : 10556446.093750,
          "stddev" : 642955.192262,
          "N" : 256
        },
        "clat_ns" : {
          "min" : 10697313,
          "max" : 330247458,
          "mean" : 309487675.886719,
          "stddev" : 62345860.135356,
          "N" : 256,
          "percentile" : {
            "1.000000" : 30539776,
            "5.000000" : 135266304,
            "10.000000" : 274726912,
            "20.000000" : 325058560,
            "30.000000" : 329252864,
            "40.000000" : 329252864,
            "50.000000" : 329252864,
            "60.000000" : 329252864,
            "70.000000" : 329252864,
            "80.000000" : 329252864,
            "90.000000" : 329252864,
            "95.000000" : 329252864,
            "99.000000" : 329252864,
            "99.500000" : 329252864,
            "99.900000" : 329252864,
            "99.950000" : 329252864,
            "99.990000" : 329252864
          }
        },
        "lat_ns" : {
          "min" : 20824826,
          "max" : 340776031,
          "mean" : 320044121.980469,
          "stddev" : 62390034.108900,
          "N" : 256
        },
        "bw_min" : 139264,
        "bw_max" : 385024,
        "bw_agg" : 87.028906,
        "bw_mean" : 335872.000000,
        "bw_dev" : 109907.213230,
        "bw_samples" : 5,
        "iops_min" : 34,
        "iops_max" : 94,
        "iops_mean" : 82.000000,
        "iops_stddev" : 26.832816,
        "iops_samples" : 5
      },
      "trim" : {
        "io_bytes" : 0,
        "io_kbytes" : 0,
        "bw_bytes" : 0,
        "bw" : 0,
        "iops" : 0.000000,
        "runtime" : 0,
        "total_ios" : 0,
        "short_ios" : 0,
        "drop_ios" : 0,
        "slat_ns" : {
          "min" : 0,
          "max" : 0,
          "mean" : 0.000000,
          "stddev" : 0.000000,
          "N" : 0
        },
        "clat_ns" : {
          "min" : 0,
          "max" : 0,
          "mean" : 0.000000,
          "stddev" : 0.000000,
          "N" : 0
        },
        "lat_ns" : {
          "min" : 0,
          "max" : 0,
          "mean" : 0.000000,
          "stddev" : 0.000000,
          "N" : 0
        },
        "bw_min" : 0,
        "bw_max" : 0,
        "bw_agg" : 0.000000,
        "bw_mean" : 0.000000,
        "bw_dev" : 0.000000,
        "bw_samples" : 0,
        "iops_min" : 0,
        "iops_max" : 0,
        "iops_mean" : 0.000000,
        "iops_stddev" : 0.000000,
        "iops_samples" : 0
      },
      "sync" : {
        "total_ios" : 0,
        "lat_ns" : {
          "min" : 0,
          "max" : 0,
          "mean" : 0.000000,
          "stddev" : 0.000000,
          "N" : 0
        }
      },
      "job_runtime" : 2716,
      "usr_cpu" : 4.307806,
      "sys_cpu" : 10.162003,
      "ctx" : 7648,
      "majf" : 0,
      "minf" : 12,
      "iodepth_level" : {
        "1" : 0.390625,
        "2" : 0.781250,
        "4" : 1.562500,
        "8" : 3.125000,
        "16" : 6.250000,
        "32" : 87.890625,
        ">=64" : 0.000000
      },
      "iodepth_submit" : {
        "0" : 0.000000,
        "4" : 100.000000,
        "8" : 0.000000,
        "16" : 0.000000,
        "32" : 0.000000,
        "64" : 0.000000,
        ">=64" : 0.000000
      },
      "iodepth_complete" : {
        "0" : 0.000000,
        "4" : 99.557522,
        "8" : 0.000000,
        "16" : 0.000000,
        "32" : 0.442478,
        "64" : 0.000000,
        ">=64" : 0.000000
      },
      "latency_ns" : {
        "2" : 0.000000,
        "4" : 0.000000,
        "10" : 0.000000,
        "20" : 0.000000,
        "50" : 0.000000,
        "100" : 0.000000,
        "250" : 0.000000,
        "500" : 0.000000,
        "750" : 0.000000,
        "1000" : 0.000000
      },
      "latency_us" : {
        "2" : 0.000000,
        "4" : 0.000000,
        "10" : 0.000000,
        "20" : 0.000000,
        "50" : 0.000000,
        "100" : 0.000000,
        "250" : 0.000000,
        "500" : 0.000000,
        "750" : 0.000000,
        "1000" : 0.000000
      },
      "latency_ms" : {
        "2" : 0.000000,
        "4" : 0.000000,
        "10" : 0.000000,
        "20" : 0.390625,
        "50" : 1.171875,
        "100" : 1.953125,
        "250" : 5.468750,
        "500" : 91.015625,
        "750" : 0.000000,
        "1000" : 0.000000,
        "2000" : 0.000000,
        ">=2000" : 0.000000
      },
      "latency_depth" : 32,
      "latency_target" : 0,
      "latency_percentile" : 100.000000,
      "latency_window" : 0
    }
  ],
  "disk_util" : [
    {
      "name" : "sdb",
      "read_ios" : 0,
      "write_ios" : 64916,
      "read_merges" : 0,
      "write_merges" : 16,
      "read_ticks" : 0,
      "write_ticks" : 675677,
      "in_queue" : 675677,
      "util" : 89.876378
    }
  ]
}
