{
  "fio version" : "fio-3.33",
  "timestamp" : 1747284819,
  "timestamp_ms" : 1747284819459,
  "time" : "Thu May 15 07:53:39 2025",
  "jobs" : [
    {
      "jobname" : "write_B4096_Q128_T1",
      "groupid" : 0,
      "error" : 0,
      "eta" : 0,
      "elapsed" : 4,
      "job options" : {
        "rw" : "write",
        "name" : "write_B4096_Q128_T1",
        "bs" : "4096k",
        "iodepth" : "128",
        "numjobs" : "1",
        "runtime" : "10",
        "direct" : "1",
        "ioengine" : "libaio",
        "size" : "1G",
        "filename" : "/mnt/pve/test/write"
      },
      "read" : {
        "io_bytes" : 0,
        "io_kbytes" : 0,
        "bw_bytes" : 0,
        "bw" : 0,
        "iops" : 0.000000,
        "runtime" : 0,
        "total_ios" : 0,
        "short_ios" : 0,
        "drop_ios" : 0,
        "slat_ns" : {
          "min" : 0,
          "max" : 0,
          "mean" : 0.000000,
          "stddev" : 0.000000,
          "N" : 0
        },
        "clat_ns" : {
          "min" : 0,
          "max" : 0,
          "mean" : 0.000000,
          "stddev" : 0.000000,
          "N" : 0
        },
        "lat_ns" : {
          "min" : 0,
          "max" : 0,
          "mean" : 0.000000,
          "stddev" : 0.000000,
          "N" : 0
        },
        "bw_min" : 0,
        "bw_max" : 0,
        "bw_agg" : 0.000000,
        "bw_mean" : 0.000000,
        "bw_dev" : 0.000000,
        "bw_samples" : 0,
        "iops_min" : 0,
        "iops_max" : 0,
        "iops_mean" : 0.000000,
        "iops_stddev" : 0.000000,
        "iops_samples" : 0
      },
      "write" : {
        "io_bytes" : 1073741824,
        "io_kbytes" : 1048576,
        "bw_bytes" : 393600375,
        "bw" : 384375,
        "iops" : 93.841642,
        "runtime" : 2728,
        "total_ios" : 256,
        "short_ios" : 0,
        "drop_ios" : 0,
        "slat_ns" : {
          "min" : 704878,
          "max" : 10941374,
          "mean" : 10604149.398438,
          "stddev" : 635571.369306,
          "N" : 256
        },
        "clat_ns" : {
          "min" : 10531990,
          "max" : 1353547867,
          "mean" : 1019661096.910156,
          "stddev" : 434772748.423794,
          "N" : 256,
          "percentile" : {
            "1.000000" : 31588352,
            "5.000000" : 137363456,
            "10.000000" : 274726912,
            "20.000000" : 557842432,
            "30.000000" : 817889280,
            "40.000000" : 1098907648,
            "50.000000" : 1350565888,
            "60.000000" : 1350565888,
            "70.000000" : 1350565888,
            "80.000000" : 1350565888,
            "90.000000" : 1350565888,
            "95.000000" : 1350565888,
            "99.000000" : 1350565888,
            "99.500000" : 1350565888,
            "99.900000" : 1350565888,
            "99.950000" : 1350565888,
            "99.990000" : 1350565888
          }
        },
        "lat_ns" : {
          "min" : 21184104,
          "max" : 1363989278,
          "mean" : 1030265246.308593,
          "stddev" : 434747516.096605,
          "N" : 256
        },
        "bw_min" : 114688,
        "bw_max" : 385024,
        "bw_agg" : 76.725000,
        "bw_mean" : 294912.000000,
        "bw_dev" : 156078.562372,
        "bw_samples" : 3,
        "iops_min" : 28,
        "iops_max" : 94,
        "iops_mean" : 72.000000,
        "iops_stddev" : 38.105118,
        "iops_samples" : 3
      },
      "trim" : {
        "io_bytes" : 0,
        "io_kbytes" : 0,
        "bw_bytes" : 0,
        "bw" : 0,
        "iops" : 0.000000,
        "runtime" : 0,
        "total_ios" : 0,
        "short_ios" : 0,
        "drop_ios" : 0,
        "slat_ns" : {
          "min" : 0,
          "max" : 0,
          "mean" : 0.000000,
          "stddev" : 0.000000,
          "N" : 0
        },
        "clat_ns" : {
          "min" : 0,
          "max" : 0,
          "mean" : 0.000000,
          "stddev" : 0.000000,
          "N" : 0
        },
        "lat_ns" : {
          "min" : 0,
          "max" : 0,
          "mean" : 0.000000,
          "stddev" : 0.000000,
          "N" : 0
        },
        "bw_min" : 0,
        "bw_max" : 0,
        "bw_agg" : 0.000000,
        "bw_mean" : 0.000000,
        "bw_dev" : 0.000000,
        "bw_samples" : 0,
        "iops_min" : 0,
        "iops_max" : 0,
        "iops_mean" : 0.000000,
        "iops_stddev" : 0.000000,
        "iops_samples" : 0
      },
      "sync" : {
        "total_ios" : 0,
        "lat_ns" : {
          "min" : 0,
          "max" : 0,
          "mean" : 0.000000,
          "stddev" : 0.000000,
          "N" : 0
        }
      },
      "job_runtime" : 2727,
      "usr_cpu" : 4.033737,
      "sys_cpu" : 9.900990,
      "ctx" : 7628,
      "majf" : 0,
      "minf" : 12,
      "iodepth_level" : {
        "1" : 0.390625,
        "2" : 0.781250,
        "4" : 1.562500,
        "8" : 3.125000,
        "16" : 6.250000,
        "32" : 12.500000,
        ">=64" : 75.390625
      },
      "iodepth_submit" : {
        "0" : 0.000000,
        "4" : 100.000000,
        "8" : 0.000000,
        "16" : 0.000000,
        "32" : 0.000000,
        "64" : 0.000000,
        ">=64" : 0.000000
      },
      "iodepth_complete" : {
        "0" : 0.000000,
        "4" : 99.230769,
        "8" : 0.000000,
        "16" : 0.000000,
        "32" : 0.000000,
        "64" : 0.000000,
        ">=64" : 0.769231
      },
      "latency_ns" : {
        "2" : 0.000000,
        "4" : 0.000000,
        "10" : 0.000000,
        "20" : 0.000000,
        "50" : 0.000000,
        "100" : 0.000000,
        "250" : 0.000000,
        "500" : 0.000000,
        "750" : 0.000000,
        "1000" : 0.000000
      },
      "latency_us" : {
        "2" : 0.000000,
        "4" : 0.000000,
        "10" : 0.000000,
        "20" : 0.000000,
        "50" : 0.000000,
        "100" : 0.000000,
        "250" : 0.000000,
        "500" : 0.000000,
        "750" : 0.000000,
        "1000" : 0.000000
      },
      "latency_ms" : {
        "2" : 0.000000,
        "4" : 0.000000,
        "10" : 0.000000,
        "20" : 0.390625,
        "50" : 1.171875,
        "100" : 1.953125,
        "250" : 5.468750,
        "500" : 8.984375,
        "750" : 9.375000,
        "1000" : 8.984375,
        "2000" : 63.671875,
        ">=2000" : 0.000000
      },
      "latency_depth" : 128,
      "latency_target" : 0,
      "latency_percentile" : 100.000000,
      "latency_window" : 0
    }
  ],
  "disk_util" : [
    {
      "name" : "sdb",
      "read_ios" : 0,
      "write_ios" : 61841,
      "read_merges" : 0,
      "write_merges" : 1,
      "read_ticks" : 0,
      "write_ticks" : 646647,
      "in_queue" : 646646,
      "util" : 79.426280
    }
  ]
}
