{
  "fio version" : "fio-3.33",
  "timestamp" : 1747284366,
  "timestamp_ms" : 1747284366481,
  "time" : "Thu May 15 07:46:06 2025",
  "jobs" : [
    {
      "jobname" : "write_B8_Q32_T1",
      "groupid" : 0,
      "error" : 0,
      "eta" : 0,
      "elapsed" : 5,
      "job options" : {
        "rw" : "write",
        "name" : "write_B8_Q32_T1",
        "bs" : "8k",
        "iodepth" : "32",
        "numjobs" : "1",
        "runtime" : "10",
        "direct" : "1",
        "ioengine" : "libaio",
        "size" : "1G",
        "filename" : "/mnt/pve/test/write"
      },
      "read" : {
        "io_bytes" : 0,
        "io_kbytes" : 0,
        "bw_bytes" : 0,
        "bw" : 0,
        "iops" : 0.000000,
        "runtime" : 0,
        "total_ios" : 0,
        "short_ios" : 0,
        "drop_ios" : 0,
        "slat_ns" : {
          "min" : 0,
          "max" : 0,
          "mean" : 0.000000,
          "stddev" : 0.000000,
          "N" : 0
        },
        "clat_ns" : {
          "min" : 0,
          "max" : 0,
          "mean" : 0.000000,
          "stddev" : 0.000000,
          "N" : 0
        },
        "lat_ns" : {
          "min" : 0,
          "max" : 0,
          "mean" : 0.000000,
          "stddev" : 0.000000,
          "N" : 0
        },
        "bw_min" : 0,
        "bw_max" : 0,
        "bw_agg" : 0.000000,
        "bw_mean" : 0.000000,
        "bw_dev" : 0.000000,
        "bw_samples" : 0,
        "iops_min" : 0,
        "iops_max" : 0,
        "iops_mean" : 0.000000,
        "iops_stddev" : 0.000000,
        "iops_samples" : 0
      },
      "write" : {
        "io_bytes" : 1073741824,
        "io_kbytes" : 1048576,
        "bw_bytes" : 270736718,
        "bw" : 264391,
        "iops" : 33048.915784,
        "runtime" : 3966,
        "total_ios" : 131072,
        "short_ios" : 0,
        "drop_ios" : 0,
        "slat_ns" : {
          "min" : 3282,
          "max" : 578073,
          "mean" : 22295.533401,
          "stddev" : 13874.735635,
          "N" : 131072
        },
        "clat_ns" : {
          "min" : 466640,
          "max" : 3092742,
          "mean" : 943175.283195,
          "stddev" : 162124.598387,
          "N" : 131072,
          "percentile" : {
            "1.000000" : 626688,
            "5.000000" : 675840,
            "10.000000" : 708608,
            "20.000000" : 741376,
            "30.000000" : 823296,
            "40.000000" : 1003520,
            "50.000000" : 1028096,
            "60.000000" : 1044480,
            "70.000000" : 1056768,
            "80.000000" : 1056768,
            "90.000000" : 1073152,
            "95.000000" : 1089536,
            "99.000000" : 1204224,
            "99.500000" : 1384448,
            "99.900000" : 1531904,
            "99.950000" : 1548288,
            "99.990000" : 2637824
          }
        },
        "lat_ns" : {
          "min" : 481667,
          "max" : 3098115,
          "mean" : 965470.816597,
          "stddev" : 167218.498612,
          "N" : 131072
        },
        "bw_min" : 236327,
        "bw_max" : 332720,
        "bw_agg" : 100.000000,
        "bw_mean" : 265082.142857,
        "bw_dev" : 38041.314245,
        "bw_samples" : 7,
        "iops_min" : 29540,
        "iops_max" : 41590,
        "iops_mean" : 33135.142857,
        "iops_stddev" : 4755.274525,
        "iops_samples" : 7
      },
      "trim" : {
        "io_bytes" : 0,
        "io_kbytes" : 0,
        "bw_bytes" : 0,
        "bw" : 0,
        "iops" : 0.000000,
        "runtime" : 0,
        "total_ios" : 0,
        "short_ios" : 0,
        "drop_ios" : 0,
        "slat_ns" : {
          "min" : 0,
          "max" : 0,
          "mean" : 0.000000,
          "stddev" : 0.000000,
          "N" : 0
        },
        "clat_ns" : {
          "min" : 0,
          "max" : 0,
          "mean" : 0.000000,
          "stddev" : 0.000000,
          "N" : 0
        },
        "lat_ns" : {
          "min" : 0,
          "max" : 0,
          "mean" : 0.000000,
          "stddev" : 0.000000,
          "N" : 0
        },
        "bw_min" : 0,
        "bw_max" : 0,
        "bw_agg" : 0.000000,
        "bw_mean" : 0.000000,
        "bw_dev" : 0.000000,
        "bw_samples" : 0,
        "iops_min" : 0,
        "iops_max" : 0,
        "iops_mean" : 0.000000,
        "iops_stddev" : 0.000000,
        "iops_samples" : 0
      },
      "sync" : {
        "total_ios" : 0,
        "lat_ns" : {
          "min" : 0,
          "max" : 0,
          "mean" : 0.000000,
          "stddev" : 0.000000,
          "N" : 0
        }
      },
      "job_runtime" : 3965,
      "usr_cpu" : 15.132409,
      "sys_cpu" : 61.488020,
      "ctx" : 91717,
      "majf" : 0,
      "minf" : 14,
      "iodepth_level" : {
        "1" : 0.100000,
        "2" : 0.100000,
        "4" : 0.100000,
        "8" : 0.100000,
        "16" : 0.100000,
        "32" : 99.976349,
        ">=64" : 0.000000
      },
      "iodepth_submit" : {
        "0" : 0.000000,
        "4" : 100.000000,
        "8" : 0.000000,
        "16" : 0.000000,
        "32" : 0.000000,
        "64" : 0.000000,
        ">=64" : 0.000000
      },
      "iodepth_complete" : {
        "0" : 0.000000,
        "4" : 99.999237,
        "8" : 0.000000,
        "16" : 0.000000,
        "32" : 0.100000,
        "64" : 0.000000,
        ">=64" : 0.000000
      },
      "latency_ns" : {
        "2" : 0.000000,
        "4" : 0.000000,
        "10" : 0.000000,
        "20" : 0.000000,
        "50" : 0.000000,
        "100" : 0.000000,
        "250" : 0.000000,
        "500" : 0.000000,
        "750" : 0.000000,
        "1000" : 0.000000
      },
      "latency_us" : {
        "2" : 0.000000,
        "4" : 0.000000,
        "10" : 0.000000,
        "20" : 0.000000,
        "50" : 0.000000,
        "100" : 0.000000,
        "250" : 0.000000,
        "500" : 0.010000,
        "750" : 21.637726,
        "1000" : 17.513275
      },
      "latency_ms" : {
        "2" : 60.820007,
        "4" : 0.024414,
        "10" : 0.000000,
        "20" : 0.000000,
        "50" : 0.000000,
        "100" : 0.000000,
        "250" : 0.000000,
        "500" : 0.000000,
        "750" : 0.000000,
        "1000" : 0.000000,
        "2000" : 0.000000,
        ">=2000" : 0.000000
      },
      "latency_depth" : 32,
      "latency_target" : 0,
      "latency_percentile" : 100.000000,
      "latency_window" : 0
    }
  ],
  "disk_util" : [
    {
      "name" : "sdb",
      "read_ios" : 0,
      "write_ios" : 122018,
      "read_merges" : 0,
      "write_merges" : 6120,
      "read_ticks" : 0,
      "write_ticks" : 30635,
      "in_queue" : 30635,
      "util" : 97.545705
    }
  ]
}
