{
  "fio version" : "fio-3.33",
  "timestamp" : 1747293677,
  "timestamp_ms" : 1747293677207,
  "time" : "Thu May 15 10:21:17 2025",
  "jobs" : [
    {
      "jobname" : "randwrite_B4_Q128_T1",
      "groupid" : 0,
      "error" : 0,
      "eta" : 0,
      "elapsed" : 7,
      "job options" : {
        "rw" : "randwrite",
        "name" : "randwrite_B4_Q128_T1",
        "bs" : "4k",
        "iodepth" : "128",
        "numjobs" : "1",
        "runtime" : "10",
        "direct" : "1",
        "ioengine" : "libaio",
        "size" : "1G",
        "filename" : "/mnt/pve/test/write"
      },
      "read" : {
        "io_bytes" : 0,
        "io_kbytes" : 0,
        "bw_bytes" : 0,
        "bw" : 0,
        "iops" : 0.000000,
        "runtime" : 0,
        "total_ios" : 0,
        "short_ios" : 0,
        "drop_ios" : 0,
        "slat_ns" : {
          "min" : 0,
          "max" : 0,
          "mean" : 0.000000,
          "stddev" : 0.000000,
          "N" : 0
        },
        "clat_ns" : {
          "min" : 0,
          "max" : 0,
          "mean" : 0.000000,
          "stddev" : 0.000000,
          "N" : 0
        },
        "lat_ns" : {
          "min" : 0,
          "max" : 0,
          "mean" : 0.000000,
          "stddev" : 0.000000,
          "N" : 0
        },
        "bw_min" : 0,
        "bw_max" : 0,
        "bw_agg" : 0.000000,
        "bw_mean" : 0.000000,
        "bw_dev" : 0.000000,
        "bw_samples" : 0,
        "iops_min" : 0,
        "iops_max" : 0,
        "iops_mean" : 0.000000,
        "iops_stddev" : 0.000000,
        "iops_samples" : 0
      },
      "write" : {
        "io_bytes" : 1073741824,
        "io_kbytes" : 1048576,
        "bw_bytes" : 165957005,
        "bw" : 162067,
        "iops" : 40516.846986,
        "runtime" : 6470,
        "total_ios" : 262144,
        "short_ios" : 0,
        "drop_ios" : 0,
        "slat_ns" : {
          "min" : 2628,
          "max" : 626051,
          "mean" : 17807.560871,
          "stddev" : 12048.203481,
          "N" : 262144
        },
        "clat_ns" : {
          "min" : 45950,
          "max" : 19187019,
          "mean" : 3138621.567951,
          "stddev" : 967959.348012,
          "N" : 262144,
          "percentile" : {
            "1.000000" : 1220608,
            "5.000000" : 2211840,
            "10.000000" : 2342912,
            "20.000000" : 2375680,
            "30.000000" : 2408448,
            "40.000000" : 2572288,
            "50.000000" : 2703360,
            "60.000000" : 3096576,
            "70.000000" : 3915776,
            "80.000000" : 4227072,
            "90.000000" : 4423680,
            "95.000000" : 4489216,
            "99.000000" : 5013504,
            "99.500000" : 6586368,
            "99.900000" : 8847360,
            "99.950000" : 9633792,
            "99.990000" : 11599872
          }
        },
        "lat_ns" : {
          "min" : 77653,
          "max" : 19191067,
          "mean" : 3156429.128822,
          "stddev" : 971427.382270,
          "N" : 262144
        },
        "bw_min" : 124456,
        "bw_max" : 209848,
        "bw_agg" : 98.710174,
        "bw_mean" : 159978.000000,
        "bw_dev" : 27952.116589,
        "bw_samples" : 12,
        "iops_min" : 31114,
        "iops_max" : 52462,
        "iops_mean" : 39994.500000,
        "iops_stddev" : 6988.029147,
        "iops_samples" : 12
      },
      "trim" : {
        "io_bytes" : 0,
        "io_kbytes" : 0,
        "bw_bytes" : 0,
        "bw" : 0,
        "iops" : 0.000000,
        "runtime" : 0,
        "total_ios" : 0,
        "short_ios" : 0,
        "drop_ios" : 0,
        "slat_ns" : {
          "min" : 0,
          "max" : 0,
          "mean" : 0.000000,
          "stddev" : 0.000000,
          "N" : 0
        },
        "clat_ns" : {
          "min" : 0,
          "max" : 0,
          "mean" : 0.000000,
          "stddev" : 0.000000,
          "N" : 0
        },
        "lat_ns" : {
          "min" : 0,
          "max" : 0,
          "mean" : 0.000000,
          "stddev" : 0.000000,
          "N" : 0
        },
        "bw_min" : 0,
        "bw_max" : 0,
        "bw_agg" : 0.000000,
        "bw_mean" : 0.000000,
        "bw_dev" : 0.000000,
        "bw_samples" : 0,
        "iops_min" : 0,
        "iops_max" : 0,
        "iops_mean" : 0.000000,
        "iops_stddev" : 0.000000,
        "iops_samples" : 0
      },
      "sync" : {
        "total_ios" : 0,
        "lat_ns" : {
          "min" : 0,
          "max" : 0,
          "mean" : 0.000000,
          "stddev" : 0.000000,
          "N" : 0
        }
      },
      "job_runtime" : 6469,
      "usr_cpu" : 15.133715,
      "sys_cpu" : 62.528984,
      "ctx" : 198807,
      "majf" : 0,
      "minf" : 21,
      "iodepth_level" : {
        "1" : 0.100000,
        "2" : 0.100000,
        "4" : 0.100000,
        "8" : 0.100000,
        "16" : 0.100000,
        "32" : 0.100000,
        ">=64" : 99.975967
      },
      "iodepth_submit" : {
        "0" : 0.000000,
        "4" : 100.000000,
        "8" : 0.000000,
        "16" : 0.000000,
        "32" : 0.000000,
        "64" : 0.000000,
        ">=64" : 0.000000
      },
      "iodepth_complete" : {
        "0" : 0.000000,
        "4" : 99.999618,
        "8" : 0.000000,
        "16" : 0.000000,
        "32" : 0.000000,
        "64" : 0.000000,
        ">=64" : 0.100000
      },
      "latency_ns" : {
        "2" : 0.000000,
        "4" : 0.000000,
        "10" : 0.000000,
        "20" : 0.000000,
        "50" : 0.000000,
        "100" : 0.000000,
        "250" : 0.000000,
        "500" : 0.000000,
        "750" : 0.000000,
        "1000" : 0.000000
      },
      "latency_us" : {
        "2" : 0.000000,
        "4" : 0.000000,
        "10" : 0.000000,
        "20" : 0.000000,
        "50" : 0.010000,
        "100" : 0.010000,
        "250" : 0.010000,
        "500" : 0.010000,
        "750" : 0.240326,
        "1000" : 0.338745
      },
      "latency_ms" : {
        "2" : 1.908493,
        "4" : 68.915558,
        "10" : 28.548813,
        "20" : 0.040054,
        "50" : 0.000000,
        "100" : 0.000000,
        "250" : 0.000000,
        "500" : 0.000000,
        "750" : 0.000000,
        "1000" : 0.000000,
        "2000" : 0.000000,
        ">=2000" : 0.000000
      },
      "latency_depth" : 128,
      "latency_target" : 0,
      "latency_percentile" : 100.000000,
      "latency_window" : 0
    }
  ],
  "disk_util" : [
    {
      "name" : "sdb",
      "read_ios" : 0,
      "write_ios" : 259720,
      "read_merges" : 0,
      "write_merges" : 53,
      "read_ticks" : 0,
      "write_ticks" : 95045,
      "in_queue" : 95044,
      "util" : 98.567247
    }
  ]
}
