{
  "fio version" : "fio-3.33",
  "timestamp" : 1747293878,
  "timestamp_ms" : 1747293878832,
  "time" : "Thu May 15 10:24:38 2025",
  "jobs" : [
    {
      "jobname" : "randread_B4_Q1_T1",
      "groupid" : 0,
      "error" : 0,
      "eta" : 0,
      "elapsed" : 11,
      "job options" : {
        "rw" : "randread",
        "name" : "randread_B4_Q1_T1",
        "bs" : "4k",
        "iodepth" : "1",
        "numjobs" : "1",
        "runtime" : "10",
        "direct" : "1",
        "ioengine" : "libaio",
        "size" : "1G",
        "filename" : "/mnt/pve/test/write"
      },
      "read" : {
        "io_bytes" : 280104960,
        "io_kbytes" : 273540,
        "bw_bytes" : 28007695,
        "bw" : 27351,
        "iops" : 6837.816218,
        "runtime" : 10001,
        "total_ios" : 68385,
        "short_ios" : 0,
        "drop_ios" : 0,
        "slat_ns" : {
          "min" : 14420,
          "max" : 465022,
          "mean" : 16098.389998,
          "stddev" : 4836.755151,
          "N" : 68385
        },
        "clat_ns" : {
          "min" : 4172,
          "max" : 4209951,
          "mean" : 127790.178738,
          "stddev" : 79022.403821,
          "N" : 68385,
          "percentile" : {
            "1.000000" : 101888,
            "5.000000" : 102912,
            "10.000000" : 102912,
            "20.000000" : 103936,
            "30.000000" : 105984,
            "40.000000" : 132096,
            "50.000000" : 134144,
            "60.000000" : 134144,
            "70.000000" : 134144,
            "80.000000" : 136192,
            "90.000000" : 136192,
            "95.000000" : 138240,
            "99.000000" : 142336,
            "99.500000" : 146432,
            "99.900000" : 1335296,
            "99.950000" : 2179072,
            "99.990000" : 3653632
          }
        },
        "lat_ns" : {
          "min" : 115004,
          "max" : 4233989,
          "mean" : 143888.568736,
          "stddev" : 79632.748270,
          "N" : 68385
        },
        "bw_min" : 27168,
        "bw_max" : 27608,
        "bw_agg" : 100.000000,
        "bw_mean" : 27362.526316,
        "bw_dev" : 133.067806,
        "bw_samples" : 19,
        "iops_min" : 6792,
        "iops_max" : 6902,
        "iops_mean" : 6840.631579,
        "iops_stddev" : 33.266951,
        "iops_samples" : 19
      },
      "write" : {
        "io_bytes" : 0,
        "io_kbytes" : 0,
        "bw_bytes" : 0,
        "bw" : 0,
        "iops" : 0.000000,
        "runtime" : 0,
        "total_ios" : 0,
        "short_ios" : 0,
        "drop_ios" : 0,
        "slat_ns" : {
          "min" : 0,
          "max" : 0,
          "mean" : 0.000000,
          "stddev" : 0.000000,
          "N" : 0
        },
        "clat_ns" : {
          "min" : 0,
          "max" : 0,
          "mean" : 0.000000,
          "stddev" : 0.000000,
          "N" : 0
        },
        "lat_ns" : {
          "min" : 0,
          "max" : 0,
          "mean" : 0.000000,
          "stddev" : 0.000000,
          "N" : 0
        },
        "bw_min" : 0,
        "bw_max" : 0,
        "bw_agg" : 0.000000,
        "bw_mean" : 0.000000,
        "bw_dev" : 0.000000,
        "bw_samples" : 0,
        "iops_min" : 0,
        "iops_max" : 0,
        "iops_mean" : 0.000000,
        "iops_stddev" : 0.000000,
        "iops_samples" : 0
      },
      "trim" : {
        "io_bytes" : 0,
        "io_kbytes" : 0,
        "bw_bytes" : 0,
        "bw" : 0,
        "iops" : 0.000000,
        "runtime" : 0,
        "total_ios" : 0,
        "short_ios" : 0,
        "drop_ios" : 0,
        "slat_ns" : {
          "min" : 0,
          "max" : 0,
          "mean" : 0.000000,
          "stddev" : 0.000000,
          "N" : 0
        },
        "clat_ns" : {
          "min" : 0,
          "max" : 0,
          "mean" : 0.000000,
          "stddev" : 0.000000,
          "N" : 0
        },
        "lat_ns" : {
          "min" : 0,
          "max" : 0,
          "mean" : 0.000000,
          "stddev" : 0.000000,
          "N" : 0
        },
        "bw_min" : 0,
        "bw_max" : 0,
        "bw_agg" : 0.000000,
        "bw_mean" : 0.000000,
        "bw_dev" : 0.000000,
        "bw_samples" : 0,
        "iops_min" : 0,
        "iops_max" : 0,
        "iops_mean" : 0.000000,
        "iops_stddev" : 0.000000,
        "iops_samples" : 0
      },
      "sync" : {
        "total_ios" : 0,
        "lat_ns" : {
          "min" : 0,
          "max" : 0,
          "mean" : 0.000000,
          "stddev" : 0.000000,
          "N" : 0
        }
      },
      "job_runtime" : 10000,
      "usr_cpu" : 5.660000,
      "sys_cpu" : 14.890000,
      "ctx" : 68386,
      "majf" : 0,
      "minf" : 12,
      "iodepth_level" : {
        "1" : 100.000000,
        "2" : 0.000000,
        "4" : 0.000000,
        "8" : 0.000000,
        "16" : 0.000000,
        "32" : 0.000000,
        ">=64" : 0.000000
      },
      "iodepth_submit" : {
        "0" : 0.000000,
        "4" : 100.000000,
        "8" : 0.000000,
        "16" : 0.000000,
        "32" : 0.000000,
        "64" : 0.000000,
        ">=64" : 0.000000
      },
      "iodepth_complete" : {
        "0" : 0.000000,
        "4" : 100.000000,
        "8" : 0.000000,
        "16" : 0.000000,
        "32" : 0.000000,
        "64" : 0.000000,
        ">=64" : 0.000000
      },
      "latency_ns" : {
        "2" : 0.000000,
        "4" : 0.000000,
        "10" : 0.000000,
        "20" : 0.000000,
        "50" : 0.000000,
        "100" : 0.000000,
        "250" : 0.000000,
        "500" : 0.000000,
        "750" : 0.000000,
        "1000" : 0.000000
      },
      "latency_us" : {
        "2" : 0.000000,
        "4" : 0.000000,
        "10" : 0.010000,
        "20" : 0.000000,
        "50" : 0.000000,
        "100" : 0.081889,
        "250" : 99.613950,
        "500" : 0.093588,
        "750" : 0.073115,
        "1000" : 0.010236
      },
      "latency_ms" : {
        "2" : 0.070191,
        "4" : 0.049719,
        "10" : 0.010000,
        "20" : 0.000000,
        "50" : 0.000000,
        "100" : 0.000000,
        "250" : 0.000000,
        "500" : 0.000000,
        "750" : 0.000000,
        "1000" : 0.000000,
        "2000" : 0.000000,
        ">=2000" : 0.000000
      },
      "latency_depth" : 1,
      "latency_target" : 0,
      "latency_percentile" : 100.000000,
      "latency_window" : 0
    }
  ],
  "disk_util" : [
    {
      "name" : "sdb",
      "read_ios" : 67662,
      "write_ios" : 596,
      "read_merges" : 0,
      "write_merges" : 4,
      "read_ticks" : 8801,
      "write_ticks" : 1011,
      "in_queue" : 9812,
      "util" : 99.129129
    }
  ]
}
