{
  "fio version" : "fio-3.33",
  "timestamp" : 1747293982,
  "timestamp_ms" : 1747293982317,
  "time" : "Thu May 15 10:26:22 2025",
  "jobs" : [
    {
      "jobname" : "randread_B4_Q32_T1",
      "groupid" : 0,
      "error" : 0,
      "eta" : 0,
      "elapsed" : 5,
      "job options" : {
        "rw" : "randread",
        "name" : "randread_B4_Q32_T1",
        "bs" : "4k",
        "iodepth" : "32",
        "numjobs" : "1",
        "runtime" : "10",
        "direct" : "1",
        "ioengine" : "libaio",
        "size" : "1G",
        "filename" : "/mnt/pve/test/write"
      },
      "read" : {
        "io_bytes" : 1073741824,
        "io_kbytes" : 1048576,
        "bw_bytes" : 249998096,
        "bw" : 244138,
        "iops" : 61034.691502,
        "runtime" : 4295,
        "total_ios" : 262144,
        "short_ios" : 0,
        "drop_ios" : 0,
        "slat_ns" : {
          "min" : 3056,
          "max" : 585035,
          "mean" : 9810.103313,
          "stddev" : 9635.983475,
          "N" : 262144
        },
        "clat_ns" : {
          "min" : 213591,
          "max" : 6446057,
          "mean" : 513286.329082,
          "stddev" : 164509.433411,
          "N" : 262144,
          "percentile" : {
            "1.000000" : 350208,
            "5.000000" : 391168,
            "10.000000" : 419840,
            "20.000000" : 448512,
            "30.000000" : 473088,
            "40.000000" : 489472,
            "50.000000" : 505856,
            "60.000000" : 522240,
            "70.000000" : 536576,
            "80.000000" : 552960,
            "90.000000" : 585728,
            "95.000000" : 602112,
            "99.000000" : 716800,
            "99.500000" : 1028096,
            "99.900000" : 3293184,
            "99.950000" : 3588096,
            "99.990000" : 4685824
          }
        },
        "lat_ns" : {
          "min" : 218987,
          "max" : 6452664,
          "mean" : 523096.432396,
          "stddev" : 164416.866575,
          "N" : 262144
        },
        "bw_min" : 240248,
        "bw_max" : 251320,
        "bw_agg" : 100.000000,
        "bw_mean" : 244935.000000,
        "bw_dev" : 3938.490356,
        "bw_samples" : 8,
        "iops_min" : 60062,
        "iops_max" : 62830,
        "iops_mean" : 61234.000000,
        "iops_stddev" : 984.405840,
        "iops_samples" : 8
      },
      "write" : {
        "io_bytes" : 0,
        "io_kbytes" : 0,
        "bw_bytes" : 0,
        "bw" : 0,
        "iops" : 0.000000,
        "runtime" : 0,
        "total_ios" : 0,
        "short_ios" : 0,
        "drop_ios" : 0,
        "slat_ns" : {
          "min" : 0,
          "max" : 0,
          "mean" : 0.000000,
          "stddev" : 0.000000,
          "N" : 0
        },
        "clat_ns" : {
          "min" : 0,
          "max" : 0,
          "mean" : 0.000000,
          "stddev" : 0.000000,
          "N" : 0
        },
        "lat_ns" : {
          "min" : 0,
          "max" : 0,
          "mean" : 0.000000,
          "stddev" : 0.000000,
          "N" : 0
        },
        "bw_min" : 0,
        "bw_max" : 0,
        "bw_agg" : 0.000000,
        "bw_mean" : 0.000000,
        "bw_dev" : 0.000000,
        "bw_samples" : 0,
        "iops_min" : 0,
        "iops_max" : 0,
        "iops_mean" : 0.000000,
        "iops_stddev" : 0.000000,
        "iops_samples" : 0
      },
      "trim" : {
        "io_bytes" : 0,
        "io_kbytes" : 0,
        "bw_bytes" : 0,
        "bw" : 0,
        "iops" : 0.000000,
        "runtime" : 0,
        "total_ios" : 0,
        "short_ios" : 0,
        "drop_ios" : 0,
        "slat_ns" : {
          "min" : 0,
          "max" : 0,
          "mean" : 0.000000,
          "stddev" : 0.000000,
          "N" : 0
        },
        "clat_ns" : {
          "min" : 0,
          "max" : 0,
          "mean" : 0.000000,
          "stddev" : 0.000000,
          "N" : 0
        },
        "lat_ns" : {
          "min" : 0,
          "max" : 0,
          "mean" : 0.000000,
          "stddev" : 0.000000,
          "N" : 0
        },
        "bw_min" : 0,
        "bw_max" : 0,
        "bw_agg" : 0.000000,
        "bw_mean" : 0.000000,
        "bw_dev" : 0.000000,
        "bw_samples" : 0,
        "iops_min" : 0,
        "iops_max" : 0,
        "iops_mean" : 0.000000,
        "iops_stddev" : 0.000000,
        "iops_samples" : 0
      },
      "sync" : {
        "total_ios" : 0,
        "lat_ns" : {
          "min" : 0,
          "max" : 0,
          "mean" : 0.000000,
          "stddev" : 0.000000,
          "N" : 0
        }
      },
      "job_runtime" : 4294,
      "usr_cpu" : 17.186772,
      "sys_cpu" : 58.081043,
      "ctx" : 19106,
      "majf" : 0,
      "minf" : 43,
      "iodepth_level" : {
        "1" : 0.100000,
        "2" : 0.100000,
        "4" : 0.100000,
        "8" : 0.100000,
        "16" : 0.100000,
        "32" : 99.988174,
        ">=64" : 0.000000
      },
      "iodepth_submit" : {
        "0" : 0.000000,
        "4" : 100.000000,
        "8" : 0.000000,
        "16" : 0.000000,
        "32" : 0.000000,
        "64" : 0.000000,
        ">=64" : 0.000000
      },
      "iodepth_complete" : {
        "0" : 0.000000,
        "4" : 99.999618,
        "8" : 0.000000,
        "16" : 0.000000,
        "32" : 0.100000,
        "64" : 0.000000,
        ">=64" : 0.000000
      },
      "latency_ns" : {
        "2" : 0.000000,
        "4" : 0.000000,
        "10" : 0.000000,
        "20" : 0.000000,
        "50" : 0.000000,
        "100" : 0.000000,
        "250" : 0.000000,
        "500" : 0.000000,
        "750" : 0.000000,
        "1000" : 0.000000
      },
      "latency_us" : {
        "2" : 0.000000,
        "4" : 0.000000,
        "10" : 0.000000,
        "20" : 0.000000,
        "50" : 0.000000,
        "100" : 0.000000,
        "250" : 0.022125,
        "500" : 45.728302,
        "750" : 53.320312,
        "1000" : 0.387955
      },
      "latency_ms" : {
        "2" : 0.281525,
        "4" : 0.231171,
        "10" : 0.028610,
        "20" : 0.000000,
        "50" : 0.000000,
        "100" : 0.000000,
        "250" : 0.000000,
        "500" : 0.000000,
        "750" : 0.000000,
        "1000" : 0.000000,
        "2000" : 0.000000,
        ">=2000" : 0.000000
      },
      "latency_depth" : 32,
      "latency_target" : 0,
      "latency_percentile" : 100.000000,
      "latency_window" : 0
    }
  ],
  "disk_util" : [
    {
      "name" : "sdb",
      "read_ios" : 253504,
      "write_ios" : 242,
      "read_merges" : 9,
      "write_merges" : 1,
      "read_ticks" : 97366,
      "write_ticks" : 511,
      "in_queue" : 97876,
      "util" : 97.690858
    }
  ]
}
