{
  "fio version" : "fio-3.33",
  "timestamp" : 1747293634,
  "timestamp_ms" : 1747293634750,
  "time" : "Thu May 15 10:20:34 2025",
  "jobs" : [
    {
      "jobname" : "randread_B4096_Q128_T1",
      "groupid" : 0,
      "error" : 0,
      "eta" : 0,
      "elapsed" : 3,
      "job options" : {
        "rw" : "randread",
        "name" : "randread_B4096_Q128_T1",
        "bs" : "4096k",
        "iodepth" : "128",
        "numjobs" : "1",
        "runtime" : "10",
        "direct" : "1",
        "ioengine" : "libaio",
        "size" : "1G",
        "filename" : "/mnt/pve/test/write"
      },
      "read" : {
        "io_bytes" : 1073741824,
        "io_kbytes" : 1048576,
        "bw_bytes" : 504340922,
        "bw" : 492520,
        "iops" : 120.244246,
        "runtime" : 2129,
        "total_ios" : 256,
        "short_ios" : 0,
        "drop_ios" : 0,
        "slat_ns" : {
          "min" : 3861809,
          "max" : 12822048,
          "mean" : 8055833.148438,
          "stddev" : 1424780.253552,
          "N" : 256
        },
        "clat_ns" : {
          "min" : 64224030,
          "max" : 1156485067,
          "mean" : 821384329.519531,
          "stddev" : 318627758.355210,
          "N" : 256,
          "percentile" : {
            "1.000000" : 79167488,
            "5.000000" : 160432128,
            "10.000000" : 270532608,
            "20.000000" : 488636416,
            "30.000000" : 692060160,
            "40.000000" : 910163968,
            "50.000000" : 1010827264,
            "60.000000" : 1027604480,
            "70.000000" : 1035993088,
            "80.000000" : 1069547520,
            "90.000000" : 1098907648,
            "95.000000" : 1115684864,
            "99.000000" : 1132462080,
            "99.500000" : 1149239296,
            "99.900000" : 1149239296,
            "99.950000" : 1149239296,
            "99.990000" : 1149239296
          }
        },
        "lat_ns" : {
          "min" : 72361456,
          "max" : 1164009710,
          "mean" : 829440162.667969,
          "stddev" : 318488363.494269,
          "N" : 256
        },
        "bw_min" : 491520,
        "bw_max" : 499712,
        "bw_agg" : 100.000000,
        "bw_mean" : 495616.000000,
        "bw_dev" : 5792.618751,
        "bw_samples" : 2,
        "iops_min" : 120,
        "iops_max" : 122,
        "iops_mean" : 121.000000,
        "iops_stddev" : 1.414214,
        "iops_samples" : 2
      },
      "write" : {
        "io_bytes" : 0,
        "io_kbytes" : 0,
        "bw_bytes" : 0,
        "bw" : 0,
        "iops" : 0.000000,
        "runtime" : 0,
        "total_ios" : 0,
        "short_ios" : 0,
        "drop_ios" : 0,
        "slat_ns" : {
          "min" : 0,
          "max" : 0,
          "mean" : 0.000000,
          "stddev" : 0.000000,
          "N" : 0
        },
        "clat_ns" : {
          "min" : 0,
          "max" : 0,
          "mean" : 0.000000,
          "stddev" : 0.000000,
          "N" : 0
        },
        "lat_ns" : {
          "min" : 0,
          "max" : 0,
          "mean" : 0.000000,
          "stddev" : 0.000000,
          "N" : 0
        },
        "bw_min" : 0,
        "bw_max" : 0,
        "bw_agg" : 0.000000,
        "bw_mean" : 0.000000,
        "bw_dev" : 0.000000,
        "bw_samples" : 0,
        "iops_min" : 0,
        "iops_max" : 0,
        "iops_mean" : 0.000000,
        "iops_stddev" : 0.000000,
        "iops_samples" : 0
      },
      "trim" : {
        "io_bytes" : 0,
        "io_kbytes" : 0,
        "bw_bytes" : 0,
        "bw" : 0,
        "iops" : 0.000000,
        "runtime" : 0,
        "total_ios" : 0,
        "short_ios" : 0,
        "drop_ios" : 0,
        "slat_ns" : {
          "min" : 0,
          "max" : 0,
          "mean" : 0.000000,
          "stddev" : 0.000000,
          "N" : 0
        },
        "clat_ns" : {
          "min" : 0,
          "max" : 0,
          "mean" : 0.000000,
          "stddev" : 0.000000,
          "N" : 0
        },
        "lat_ns" : {
          "min" : 0,
          "max" : 0,
          "mean" : 0.000000,
          "stddev" : 0.000000,
          "N" : 0
        },
        "bw_min" : 0,
        "bw_max" : 0,
        "bw_agg" : 0.000000,
        "bw_mean" : 0.000000,
        "bw_dev" : 0.000000,
        "bw_samples" : 0,
        "iops_min" : 0,
        "iops_max" : 0,
        "iops_mean" : 0.000000,
        "iops_stddev" : 0.000000,
        "iops_samples" : 0
      },
      "sync" : {
        "total_ios" : 0,
        "lat_ns" : {
          "min" : 0,
          "max" : 0,
          "mean" : 0.000000,
          "stddev" : 0.000000,
          "N" : 0
        }
      },
      "job_runtime" : 2128,
      "usr_cpu" : 0.140977,
      "sys_cpu" : 25.093985,
      "ctx" : 1135,
      "majf" : 0,
      "minf" : 131082,
      "iodepth_level" : {
        "1" : 0.390625,
        "2" : 0.781250,
        "4" : 1.562500,
        "8" : 3.125000,
        "16" : 6.250000,
        "32" : 12.500000,
        ">=64" : 75.390625
      },
      "iodepth_submit" : {
        "0" : 0.000000,
        "4" : 100.000000,
        "8" : 0.000000,
        "16" : 0.000000,
        "32" : 0.000000,
        "64" : 0.000000,
        ">=64" : 0.000000
      },
      "iodepth_complete" : {
        "0" : 0.000000,
        "4" : 99.230769,
        "8" : 0.000000,
        "16" : 0.000000,
        "32" : 0.000000,
        "64" : 0.000000,
        ">=64" : 0.769231
      },
      "latency_ns" : {
        "2" : 0.000000,
        "4" : 0.000000,
        "10" : 0.000000,
        "20" : 0.000000,
        "50" : 0.000000,
        "100" : 0.000000,
        "250" : 0.000000,
        "500" : 0.000000,
        "750" : 0.000000,
        "1000" : 0.000000
      },
      "latency_us" : {
        "2" : 0.000000,
        "4" : 0.000000,
        "10" : 0.000000,
        "20" : 0.000000,
        "50" : 0.000000,
        "100" : 0.000000,
        "250" : 0.000000,
        "500" : 0.000000,
        "750" : 0.000000,
        "1000" : 0.000000
      },
      "latency_ms" : {
        "2" : 0.000000,
        "4" : 0.000000,
        "10" : 0.000000,
        "20" : 0.000000,
        "50" : 0.000000,
        "100" : 1.953125,
        "250" : 7.031250,
        "500" : 11.718750,
        "750" : 11.718750,
        "1000" : 12.890625,
        "2000" : 54.687500,
        ">=2000" : 0.000000
      },
      "latency_depth" : 128,
      "latency_target" : 0,
      "latency_percentile" : 100.000000,
      "latency_window" : 0
    }
  ],
  "disk_util" : [
    {
      "name" : "sdb",
      "read_ios" : 7278,
      "write_ios" : 94,
      "read_merges" : 16,
      "write_merges" : 0,
      "read_ticks" : 453994,
      "write_ticks" : 1208,
      "in_queue" : 455201,
      "util" : 95.135406
    }
  ]
}
