{
  "fio version" : "fio-3.33",
  "timestamp" : 1747293743,
  "timestamp_ms" : 1747293743228,
  "time" : "Thu May 15 10:22:23 2025",
  "jobs" : [
    {
      "jobname" : "randread_B4_Q128_T1",
      "groupid" : 0,
      "error" : 0,
      "eta" : 0,
      "elapsed" : 5,
      "job options" : {
        "rw" : "randread",
        "name" : "randread_B4_Q128_T1",
        "bs" : "4k",
        "iodepth" : "128",
        "numjobs" : "1",
        "runtime" : "10",
        "direct" : "1",
        "ioengine" : "libaio",
        "size" : "1G",
        "filename" : "/mnt/pve/test/write"
      },
      "read" : {
        "io_bytes" : 1073741824,
        "io_kbytes" : 1048576,
        "bw_bytes" : 232814792,
        "bw" : 227358,
        "iops" : 56839.549003,
        "runtime" : 4612,
        "total_ios" : 262144,
        "short_ios" : 0,
        "drop_ios" : 0,
        "slat_ns" : {
          "min" : 2485,
          "max" : 939271,
          "mean" : 11874.043964,
          "stddev" : 10092.741382,
          "N" : 262144
        },
        "clat_ns" : {
          "min" : 209331,
          "max" : 23759625,
          "mean" : 2237947.082966,
          "stddev" : 693598.253362,
          "N" : 262144,
          "percentile" : {
            "1.000000" : 602112,
            "5.000000" : 1073152,
            "10.000000" : 1630208,
            "20.000000" : 2088960,
            "30.000000" : 2211840,
            "40.000000" : 2211840,
            "50.000000" : 2244608,
            "60.000000" : 2277376,
            "70.000000" : 2310144,
            "80.000000" : 2506752,
            "90.000000" : 2605056,
            "95.000000" : 2867200,
            "99.000000" : 4620288,
            "99.500000" : 6324224,
            "99.900000" : 8978432,
            "99.950000" : 10682368,
            "99.990000" : 15007744
          }
        },
        "lat_ns" : {
          "min" : 216686,
          "max" : 23763534,
          "mean" : 2249821.126930,
          "stddev" : 694300.421575,
          "N" : 262144
        },
        "bw_min" : 211824,
        "bw_max" : 235768,
        "bw_agg" : 99.894794,
        "bw_mean" : 227120.000000,
        "bw_dev" : 8320.935524,
        "bw_samples" : 9,
        "iops_min" : 52956,
        "iops_max" : 58942,
        "iops_mean" : 56780.000000,
        "iops_stddev" : 2080.233881,
        "iops_samples" : 9
      },
      "write" : {
        "io_bytes" : 0,
        "io_kbytes" : 0,
        "bw_bytes" : 0,
        "bw" : 0,
        "iops" : 0.000000,
        "runtime" : 0,
        "total_ios" : 0,
        "short_ios" : 0,
        "drop_ios" : 0,
        "slat_ns" : {
          "min" : 0,
          "max" : 0,
          "mean" : 0.000000,
          "stddev" : 0.000000,
          "N" : 0
        },
        "clat_ns" : {
          "min" : 0,
          "max" : 0,
          "mean" : 0.000000,
          "stddev" : 0.000000,
          "N" : 0
        },
        "lat_ns" : {
          "min" : 0,
          "max" : 0,
          "mean" : 0.000000,
          "stddev" : 0.000000,
          "N" : 0
        },
        "bw_min" : 0,
        "bw_max" : 0,
        "bw_agg" : 0.000000,
        "bw_mean" : 0.000000,
        "bw_dev" : 0.000000,
        "bw_samples" : 0,
        "iops_min" : 0,
        "iops_max" : 0,
        "iops_mean" : 0.000000,
        "iops_stddev" : 0.000000,
        "iops_samples" : 0
      },
      "trim" : {
        "io_bytes" : 0,
        "io_kbytes" : 0,
        "bw_bytes" : 0,
        "bw" : 0,
        "iops" : 0.000000,
        "runtime" : 0,
        "total_ios" : 0,
        "short_ios" : 0,
        "drop_ios" : 0,
        "slat_ns" : {
          "min" : 0,
          "max" : 0,
          "mean" : 0.000000,
          "stddev" : 0.000000,
          "N" : 0
        },
        "clat_ns" : {
          "min" : 0,
          "max" : 0,
          "mean" : 0.000000,
          "stddev" : 0.000000,
          "N" : 0
        },
        "lat_ns" : {
          "min" : 0,
          "max" : 0,
          "mean" : 0.000000,
          "stddev" : 0.000000,
          "N" : 0
        },
        "bw_min" : 0,
        "bw_max" : 0,
        "bw_agg" : 0.000000,
        "bw_mean" : 0.000000,
        "bw_dev" : 0.000000,
        "bw_samples" : 0,
        "iops_min" : 0,
        "iops_max" : 0,
        "iops_mean" : 0.000000,
        "iops_stddev" : 0.000000,
        "iops_samples" : 0
      },
      "sync" : {
        "total_ios" : 0,
        "lat_ns" : {
          "min" : 0,
          "max" : 0,
          "mean" : 0.000000,
          "stddev" : 0.000000,
          "N" : 0
        }
      },
      "job_runtime" : 4611,
      "usr_cpu" : 20.039037,
      "sys_cpu" : 67.534157,
      "ctx" : 18291,
      "majf" : 0,
      "minf" : 296,
      "iodepth_level" : {
        "1" : 0.100000,
        "2" : 0.100000,
        "4" : 0.100000,
        "8" : 0.100000,
        "16" : 0.100000,
        "32" : 0.100000,
        ">=64" : 99.975967
      },
      "iodepth_submit" : {
        "0" : 0.000000,
        "4" : 100.000000,
        "8" : 0.000000,
        "16" : 0.000000,
        "32" : 0.000000,
        "64" : 0.000000,
        ">=64" : 0.000000
      },
      "iodepth_complete" : {
        "0" : 0.000000,
        "4" : 99.999618,
        "8" : 0.000000,
        "16" : 0.000000,
        "32" : 0.000000,
        "64" : 0.000000,
        ">=64" : 0.100000
      },
      "latency_ns" : {
        "2" : 0.000000,
        "4" : 0.000000,
        "10" : 0.000000,
        "20" : 0.000000,
        "50" : 0.000000,
        "100" : 0.000000,
        "250" : 0.000000,
        "500" : 0.000000,
        "750" : 0.000000,
        "1000" : 0.000000
      },
      "latency_us" : {
        "2" : 0.000000,
        "4" : 0.000000,
        "10" : 0.000000,
        "20" : 0.000000,
        "50" : 0.000000,
        "100" : 0.000000,
        "250" : 0.010000,
        "500" : 0.389099,
        "750" : 1.898575,
        "1000" : 1.919556
      },
      "latency_ms" : {
        "2" : 14.038086,
        "4" : 80.493546,
        "10" : 1.197052,
        "20" : 0.062561,
        "50" : 0.010000,
        "100" : 0.000000,
        "250" : 0.000000,
        "500" : 0.000000,
        "750" : 0.000000,
        "1000" : 0.000000,
        "2000" : 0.000000,
        ">=2000" : 0.000000
      },
      "latency_depth" : 128,
      "latency_target" : 0,
      "latency_percentile" : 100.000000,
      "latency_window" : 0
    }
  ],
  "disk_util" : [
    {
      "name" : "sdb",
      "read_ios" : 249226,
      "write_ios" : 258,
      "read_merges" : 252,
      "write_merges" : 2,
      "read_ticks" : 170080,
      "write_ticks" : 622,
      "in_queue" : 170702,
      "util" : 97.819315
    }
  ]
}
