{
  "fio version" : "fio-3.33",
  "timestamp" : 1747293914,
  "timestamp_ms" : 1747293914461,
  "time" : "Thu May 15 10:25:14 2025",
  "jobs" : [
    {
      "jobname" : "randread_B8_Q32_T1",
      "groupid" : 0,
      "error" : 0,
      "eta" : 0,
      "elapsed" : 4,
      "job options" : {
        "rw" : "randread",
        "name" : "randread_B8_Q32_T1",
        "bs" : "8k",
        "iodepth" : "32",
        "numjobs" : "1",
        "runtime" : "10",
        "direct" : "1",
        "ioengine" : "libaio",
        "size" : "1G",
        "filename" : "/mnt/pve/test/write"
      },
      "read" : {
        "io_bytes" : 1073741824,
        "io_kbytes" : 1048576,
        "bw_bytes" : 355897190,
        "bw" : 347555,
        "iops" : 43444.481273,
        "runtime" : 3017,
        "total_ios" : 131072,
        "short_ios" : 0,
        "drop_ios" : 0,
        "slat_ns" : {
          "min" : 3322,
          "max" : 570845,
          "mean" : 13520.663002,
          "stddev" : 12645.613662,
          "N" : 131072
        },
        "clat_ns" : {
          "min" : 260030,
          "max" : 6754072,
          "mean" : 721011.320908,
          "stddev" : 193841.883646,
          "N" : 131072,
          "percentile" : {
            "1.000000" : 544768,
            "5.000000" : 593920,
            "10.000000" : 618496,
            "20.000000" : 651264,
            "30.000000" : 667648,
            "40.000000" : 684032,
            "50.000000" : 700416,
            "60.000000" : 716800,
            "70.000000" : 733184,
            "80.000000" : 765952,
            "90.000000" : 815104,
            "95.000000" : 864256,
            "99.000000" : 1105920,
            "99.500000" : 1630208,
            "99.900000" : 3751936,
            "99.950000" : 4145152,
            "99.990000" : 5210112
          }
        },
        "lat_ns" : {
          "min" : 266339,
          "max" : 6761030,
          "mean" : 734531.983910,
          "stddev" : 192833.609576,
          "N" : 131072
        },
        "bw_min" : 347008,
        "bw_max" : 349024,
        "bw_agg" : 100.000000,
        "bw_mean" : 347925.333333,
        "bw_dev" : 823.691852,
        "bw_samples" : 6,
        "iops_min" : 43376,
        "iops_max" : 43628,
        "iops_mean" : 43490.666667,
        "iops_stddev" : 102.961481,
        "iops_samples" : 6
      },
      "write" : {
        "io_bytes" : 0,
        "io_kbytes" : 0,
        "bw_bytes" : 0,
        "bw" : 0,
        "iops" : 0.000000,
        "runtime" : 0,
        "total_ios" : 0,
        "short_ios" : 0,
        "drop_ios" : 0,
        "slat_ns" : {
          "min" : 0,
          "max" : 0,
          "mean" : 0.000000,
          "stddev" : 0.000000,
          "N" : 0
        },
        "clat_ns" : {
          "min" : 0,
          "max" : 0,
          "mean" : 0.000000,
          "stddev" : 0.000000,
          "N" : 0
        },
        "lat_ns" : {
          "min" : 0,
          "max" : 0,
          "mean" : 0.000000,
          "stddev" : 0.000000,
          "N" : 0
        },
        "bw_min" : 0,
        "bw_max" : 0,
        "bw_agg" : 0.000000,
        "bw_mean" : 0.000000,
        "bw_dev" : 0.000000,
        "bw_samples" : 0,
        "iops_min" : 0,
        "iops_max" : 0,
        "iops_mean" : 0.000000,
        "iops_stddev" : 0.000000,
        "iops_samples" : 0
      },
      "trim" : {
        "io_bytes" : 0,
        "io_kbytes" : 0,
        "bw_bytes" : 0,
        "bw" : 0,
        "iops" : 0.000000,
        "runtime" : 0,
        "total_ios" : 0,
        "short_ios" : 0,
        "drop_ios" : 0,
        "slat_ns" : {
          "min" : 0,
          "max" : 0,
          "mean" : 0.000000,
          "stddev" : 0.000000,
          "N" : 0
        },
        "clat_ns" : {
          "min" : 0,
          "max" : 0,
          "mean" : 0.000000,
          "stddev" : 0.000000,
          "N" : 0
        },
        "lat_ns" : {
          "min" : 0,
          "max" : 0,
          "mean" : 0.000000,
          "stddev" : 0.000000,
          "N" : 0
        },
        "bw_min" : 0,
        "bw_max" : 0,
        "bw_agg" : 0.000000,
        "bw_mean" : 0.000000,
        "bw_dev" : 0.000000,
        "bw_samples" : 0,
        "iops_min" : 0,
        "iops_max" : 0,
        "iops_mean" : 0.000000,
        "iops_stddev" : 0.000000,
        "iops_samples" : 0
      },
      "sync" : {
        "total_ios" : 0,
        "lat_ns" : {
          "min" : 0,
          "max" : 0,
          "mean" : 0.000000,
          "stddev" : 0.000000,
          "N" : 0
        }
      },
      "job_runtime" : 3016,
      "usr_cpu" : 16.279841,
      "sys_cpu" : 57.692308,
      "ctx" : 22129,
      "majf" : 0,
      "minf" : 80,
      "iodepth_level" : {
        "1" : 0.100000,
        "2" : 0.100000,
        "4" : 0.100000,
        "8" : 0.100000,
        "16" : 0.100000,
        "32" : 99.976349,
        ">=64" : 0.000000
      },
      "iodepth_submit" : {
        "0" : 0.000000,
        "4" : 100.000000,
        "8" : 0.000000,
        "16" : 0.000000,
        "32" : 0.000000,
        "64" : 0.000000,
        ">=64" : 0.000000
      },
      "iodepth_complete" : {
        "0" : 0.000000,
        "4" : 99.999237,
        "8" : 0.000000,
        "16" : 0.000000,
        "32" : 0.100000,
        "64" : 0.000000,
        ">=64" : 0.000000
      },
      "latency_ns" : {
        "2" : 0.000000,
        "4" : 0.000000,
        "10" : 0.000000,
        "20" : 0.000000,
        "50" : 0.000000,
        "100" : 0.000000,
        "250" : 0.000000,
        "500" : 0.000000,
        "750" : 0.000000,
        "1000" : 0.000000
      },
      "latency_us" : {
        "2" : 0.000000,
        "4" : 0.000000,
        "10" : 0.000000,
        "20" : 0.000000,
        "50" : 0.000000,
        "100" : 0.000000,
        "250" : 0.000000,
        "500" : 0.260925,
        "750" : 74.694061,
        "1000" : 23.730469
      },
      "latency_ms" : {
        "2" : 0.924683,
        "4" : 0.331116,
        "10" : 0.058746,
        "20" : 0.000000,
        "50" : 0.000000,
        "100" : 0.000000,
        "250" : 0.000000,
        "500" : 0.000000,
        "750" : 0.000000,
        "1000" : 0.000000,
        "2000" : 0.000000,
        ">=2000" : 0.000000
      },
      "latency_depth" : 32,
      "latency_target" : 0,
      "latency_percentile" : 100.000000,
      "latency_window" : 0
    }
  ],
  "disk_util" : [
    {
      "name" : "sdb",
      "read_ios" : 125552,
      "write_ios" : 176,
      "read_merges" : 25,
      "write_merges" : 0,
      "read_ticks" : 76849,
      "write_ticks" : 397,
      "in_queue" : 77245,
      "util" : 96.692282
    }
  ]
}
