{
  "fio version" : "fio-3.33",
  "timestamp" : 1747293780,
  "timestamp_ms" : 1747293780725,
  "time" : "Thu May 15 10:23:00 2025",
  "jobs" : [
    {
      "jobname" : "read_B8_Q32_T1",
      "groupid" : 0,
      "error" : 0,
      "eta" : 0,
      "elapsed" : 4,
      "job options" : {
        "rw" : "read",
        "name" : "read_B8_Q32_T1",
        "bs" : "8k",
        "iodepth" : "32",
        "numjobs" : "1",
        "runtime" : "10",
        "direct" : "1",
        "ioengine" : "libaio",
        "size" : "1G",
        "filename" : "/mnt/pve/test/write"
      },
      "read" : {
        "io_bytes" : 1073741824,
        "io_kbytes" : 1048576,
        "bw_bytes" : 339362144,
        "bw" : 331408,
        "iops" : 41426.042984,
        "runtime" : 3164,
        "total_ios" : 131072,
        "short_ios" : 0,
        "drop_ios" : 0,
        "slat_ns" : {
          "min" : 4785,
          "max" : 558033,
          "mean" : 13535.411392,
          "stddev" : 7941.066338,
          "N" : 131072
        },
        "clat_ns" : {
          "min" : 175377,
          "max" : 7860517,
          "mean" : 757674.081017,
          "stddev" : 325421.561187,
          "N" : 131072,
          "percentile" : {
            "1.000000" : 468992,
            "5.000000" : 528384,
            "10.000000" : 561152,
            "20.000000" : 610304,
            "30.000000" : 651264,
            "40.000000" : 684032,
            "50.000000" : 716800,
            "60.000000" : 749568,
            "70.000000" : 790528,
            "80.000000" : 847872,
            "90.000000" : 962560,
            "95.000000" : 1056768,
            "99.000000" : 1236992,
            "99.500000" : 2703360,
            "99.900000" : 5210112,
            "99.950000" : 6651904,
            "99.990000" : 7176192
          }
        },
        "lat_ns" : {
          "min" : 186443,
          "max" : 7865573,
          "mean" : 771209.492409,
          "stddev" : 324721.762231,
          "N" : 131072
        },
        "bw_min" : 322144,
        "bw_max" : 338848,
        "bw_agg" : 99.975757,
        "bw_mean" : 331328.000000,
        "bw_dev" : 6521.384884,
        "bw_samples" : 6,
        "iops_min" : 40268,
        "iops_max" : 42356,
        "iops_mean" : 41416.000000,
        "iops_stddev" : 815.173110,
        "iops_samples" : 6
      },
      "write" : {
        "io_bytes" : 0,
        "io_kbytes" : 0,
        "bw_bytes" : 0,
        "bw" : 0,
        "iops" : 0.000000,
        "runtime" : 0,
        "total_ios" : 0,
        "short_ios" : 0,
        "drop_ios" : 0,
        "slat_ns" : {
          "min" : 0,
          "max" : 0,
          "mean" : 0.000000,
          "stddev" : 0.000000,
          "N" : 0
        },
        "clat_ns" : {
          "min" : 0,
          "max" : 0,
          "mean" : 0.000000,
          "stddev" : 0.000000,
          "N" : 0
        },
        "lat_ns" : {
          "min" : 0,
          "max" : 0,
          "mean" : 0.000000,
          "stddev" : 0.000000,
          "N" : 0
        },
        "bw_min" : 0,
        "bw_max" : 0,
        "bw_agg" : 0.000000,
        "bw_mean" : 0.000000,
        "bw_dev" : 0.000000,
        "bw_samples" : 0,
        "iops_min" : 0,
        "iops_max" : 0,
        "iops_mean" : 0.000000,
        "iops_stddev" : 0.000000,
        "iops_samples" : 0
      },
      "trim" : {
        "io_bytes" : 0,
        "io_kbytes" : 0,
        "bw_bytes" : 0,
        "bw" : 0,
        "iops" : 0.000000,
        "runtime" : 0,
        "total_ios" : 0,
        "short_ios" : 0,
        "drop_ios" : 0,
        "slat_ns" : {
          "min" : 0,
          "max" : 0,
          "mean" : 0.000000,
          "stddev" : 0.000000,
          "N" : 0
        },
        "clat_ns" : {
          "min" : 0,
          "max" : 0,
          "mean" : 0.000000,
          "stddev" : 0.000000,
          "N" : 0
        },
        "lat_ns" : {
          "min" : 0,
          "max" : 0,
          "mean" : 0.000000,
          "stddev" : 0.000000,
          "N" : 0
        },
        "bw_min" : 0,
        "bw_max" : 0,
        "bw_agg" : 0.000000,
        "bw_mean" : 0.000000,
        "bw_dev" : 0.000000,
        "bw_samples" : 0,
        "iops_min" : 0,
        "iops_max" : 0,
        "iops_mean" : 0.000000,
        "iops_stddev" : 0.000000,
        "iops_samples" : 0
      },
      "sync" : {
        "total_ios" : 0,
        "lat_ns" : {
          "min" : 0,
          "max" : 0,
          "mean" : 0.000000,
          "stddev" : 0.000000,
          "N" : 0
        }
      },
      "job_runtime" : 3163,
      "usr_cpu" : 15.965855,
      "sys_cpu" : 56.465381,
      "ctx" : 8822,
      "majf" : 0,
      "minf" : 77,
      "iodepth_level" : {
        "1" : 0.100000,
        "2" : 0.100000,
        "4" : 0.100000,
        "8" : 0.100000,
        "16" : 0.100000,
        "32" : 99.976349,
        ">=64" : 0.000000
      },
      "iodepth_submit" : {
        "0" : 0.000000,
        "4" : 100.000000,
        "8" : 0.000000,
        "16" : 0.000000,
        "32" : 0.000000,
        "64" : 0.000000,
        ">=64" : 0.000000
      },
      "iodepth_complete" : {
        "0" : 0.000000,
        "4" : 99.999237,
        "8" : 0.000000,
        "16" : 0.000000,
        "32" : 0.100000,
        "64" : 0.000000,
        ">=64" : 0.000000
      },
      "latency_ns" : {
        "2" : 0.000000,
        "4" : 0.000000,
        "10" : 0.000000,
        "20" : 0.000000,
        "50" : 0.000000,
        "100" : 0.000000,
        "250" : 0.000000,
        "500" : 0.000000,
        "750" : 0.000000,
        "1000" : 0.000000
      },
      "latency_us" : {
        "2" : 0.000000,
        "4" : 0.000000,
        "10" : 0.000000,
        "20" : 0.000000,
        "50" : 0.000000,
        "100" : 0.000000,
        "250" : 0.010000,
        "500" : 2.286530,
        "750" : 57.947540,
        "1000" : 31.787109
      },
      "latency_ms" : {
        "2" : 7.402802,
        "4" : 0.192261,
        "10" : 0.376892,
        "20" : 0.000000,
        "50" : 0.000000,
        "100" : 0.000000,
        "250" : 0.000000,
        "500" : 0.000000,
        "750" : 0.000000,
        "1000" : 0.000000,
        "2000" : 0.000000,
        ">=2000" : 0.000000
      },
      "latency_depth" : 32,
      "latency_target" : 0,
      "latency_percentile" : 100.000000,
      "latency_window" : 0
    }
  ],
  "disk_util" : [
    {
      "name" : "sdb",
      "read_ios" : 109261,
      "write_ios" : 194,
      "read_merges" : 21056,
      "write_merges" : 2,
      "read_ticks" : 69089,
      "write_ticks" : 612,
      "in_queue" : 69701,
      "util" : 97.103236
    }
  ]
}
