{
  "fio version" : "fio-3.33",
  "timestamp" : 1747293706,
  "timestamp_ms" : 1747293706713,
  "time" : "Thu May 15 10:21:46 2025",
  "jobs" : [
    {
      "jobname" : "read_B4_Q32_T1",
      "groupid" : 0,
      "error" : 0,
      "eta" : 0,
      "elapsed" : 6,
      "job options" : {
        "rw" : "read",
        "name" : "read_B4_Q32_T1",
        "bs" : "4k",
        "iodepth" : "32",
        "numjobs" : "1",
        "runtime" : "10",
        "direct" : "1",
        "ioengine" : "libaio",
        "size" : "1G",
        "filename" : "/mnt/pve/test/write"
      },
      "read" : {
        "io_bytes" : 1073741824,
        "io_kbytes" : 1048576,
        "bw_bytes" : 189005777,
        "bw" : 184575,
        "iops" : 46143.988734,
        "runtime" : 5681,
        "total_ios" : 262144,
        "short_ios" : 0,
        "drop_ios" : 0,
        "slat_ns" : {
          "min" : 2254,
          "max" : 578904,
          "mean" : 12251.461693,
          "stddev" : 8134.317216,
          "N" : 262144
        },
        "clat_ns" : {
          "min" : 97470,
          "max" : 5623488,
          "mean" : 680080.525391,
          "stddev" : 325123.088880,
          "N" : 262144,
          "percentile" : {
            "1.000000" : 216064,
            "5.000000" : 264192,
            "10.000000" : 305152,
            "20.000000" : 382976,
            "30.000000" : 477184,
            "40.000000" : 561152,
            "50.000000" : 651264,
            "60.000000" : 741376,
            "70.000000" : 831488,
            "80.000000" : 937984,
            "90.000000" : 1073152,
            "95.000000" : 1187840,
            "99.000000" : 1351680,
            "99.500000" : 1646592,
            "99.900000" : 3457024,
            "99.950000" : 3883008,
            "99.990000" : 4816896
          }
        },
        "lat_ns" : {
          "min" : 109565,
          "max" : 5628140,
          "mean" : 692331.987083,
          "stddev" : 324483.386219,
          "N" : 262144
        },
        "bw_min" : 180952,
        "bw_max" : 190216,
        "bw_agg" : 99.968060,
        "bw_mean" : 184517.818182,
        "bw_dev" : 2874.296777,
        "bw_samples" : 11,
        "iops_min" : 45238,
        "iops_max" : 47554,
        "iops_mean" : 46129.454545,
        "iops_stddev" : 718.574194,
        "iops_samples" : 11
      },
      "write" : {
        "io_bytes" : 0,
        "io_kbytes" : 0,
        "bw_bytes" : 0,
        "bw" : 0,
        "iops" : 0.000000,
        "runtime" : 0,
        "total_ios" : 0,
        "short_ios" : 0,
        "drop_ios" : 0,
        "slat_ns" : {
          "min" : 0,
          "max" : 0,
          "mean" : 0.000000,
          "stddev" : 0.000000,
          "N" : 0
        },
        "clat_ns" : {
          "min" : 0,
          "max" : 0,
          "mean" : 0.000000,
          "stddev" : 0.000000,
          "N" : 0
        },
        "lat_ns" : {
          "min" : 0,
          "max" : 0,
          "mean" : 0.000000,
          "stddev" : 0.000000,
          "N" : 0
        },
        "bw_min" : 0,
        "bw_max" : 0,
        "bw_agg" : 0.000000,
        "bw_mean" : 0.000000,
        "bw_dev" : 0.000000,
        "bw_samples" : 0,
        "iops_min" : 0,
        "iops_max" : 0,
        "iops_mean" : 0.000000,
        "iops_stddev" : 0.000000,
        "iops_samples" : 0
      },
      "trim" : {
        "io_bytes" : 0,
        "io_kbytes" : 0,
        "bw_bytes" : 0,
        "bw" : 0,
        "iops" : 0.000000,
        "runtime" : 0,
        "total_ios" : 0,
        "short_ios" : 0,
        "drop_ios" : 0,
        "slat_ns" : {
          "min" : 0,
          "max" : 0,
          "mean" : 0.000000,
          "stddev" : 0.000000,
          "N" : 0
        },
        "clat_ns" : {
          "min" : 0,
          "max" : 0,
          "mean" : 0.000000,
          "stddev" : 0.000000,
          "N" : 0
        },
        "lat_ns" : {
          "min" : 0,
          "max" : 0,
          "mean" : 0.000000,
          "stddev" : 0.000000,
          "N" : 0
        },
        "bw_min" : 0,
        "bw_max" : 0,
        "bw_agg" : 0.000000,
        "bw_mean" : 0.000000,
        "bw_dev" : 0.000000,
        "bw_samples" : 0,
        "iops_min" : 0,
        "iops_max" : 0,
        "iops_mean" : 0.000000,
        "iops_stddev" : 0.000000,
        "iops_samples" : 0
      },
      "sync" : {
        "total_ios" : 0,
        "lat_ns" : {
          "min" : 0,
          "max" : 0,
          "mean" : 0.000000,
          "stddev" : 0.000000,
          "N" : 0
        }
      },
      "job_runtime" : 5680,
      "usr_cpu" : 17.975352,
      "sys_cpu" : 59.471831,
      "ctx" : 19387,
      "majf" : 0,
      "minf" : 46,
      "iodepth_level" : {
        "1" : 0.100000,
        "2" : 0.100000,
        "4" : 0.100000,
        "8" : 0.100000,
        "16" : 0.100000,
        "32" : 99.988174,
        ">=64" : 0.000000
      },
      "iodepth_submit" : {
        "0" : 0.000000,
        "4" : 100.000000,
        "8" : 0.000000,
        "16" : 0.000000,
        "32" : 0.000000,
        "64" : 0.000000,
        ">=64" : 0.000000
      },
      "iodepth_complete" : {
        "0" : 0.000000,
        "4" : 99.999618,
        "8" : 0.000000,
        "16" : 0.000000,
        "32" : 0.100000,
        "64" : 0.000000,
        ">=64" : 0.000000
      },
      "latency_ns" : {
        "2" : 0.000000,
        "4" : 0.000000,
        "10" : 0.000000,
        "20" : 0.000000,
        "50" : 0.000000,
        "100" : 0.000000,
        "250" : 0.000000,
        "500" : 0.000000,
        "750" : 0.000000,
        "1000" : 0.000000
      },
      "latency_us" : {
        "2" : 0.000000,
        "4" : 0.000000,
        "10" : 0.000000,
        "20" : 0.000000,
        "50" : 0.000000,
        "100" : 0.010000,
        "250" : 3.432083,
        "500" : 28.893280,
        "750" : 28.955841,
        "1000" : 23.566437
      },
      "latency_ms" : {
        "2" : 14.785767,
        "4" : 0.325394,
        "10" : 0.040054,
        "20" : 0.000000,
        "50" : 0.000000,
        "100" : 0.000000,
        "250" : 0.000000,
        "500" : 0.000000,
        "750" : 0.000000,
        "1000" : 0.000000,
        "2000" : 0.000000,
        ">=2000" : 0.000000
      },
      "latency_depth" : 32,
      "latency_target" : 0,
      "latency_percentile" : 100.000000,
      "latency_window" : 0
    }
  ],
  "disk_util" : [
    {
      "name" : "sdb",
      "read_ios" : 215228,
      "write_ios" : 338,
      "read_merges" : 45287,
      "write_merges" : 1,
      "read_ticks" : 113803,
      "write_ticks" : 677,
      "in_queue" : 114480,
      "util" : 98.327817
    }
  ]
}
