{
  "fio version" : "fio-3.33",
  "timestamp" : 1747293845,
  "timestamp_ms" : 1747293845135,
  "time" : "Thu May 15 10:24:05 2025",
  "jobs" : [
    {
      "jobname" : "read_B4_Q128_T1",
      "groupid" : 0,
      "error" : 0,
      "eta" : 0,
      "elapsed" : 4,
      "job options" : {
        "rw" : "read",
        "name" : "read_B4_Q128_T1",
        "bs" : "4k",
        "iodepth" : "128",
        "numjobs" : "1",
        "runtime" : "10",
        "direct" : "1",
        "ioengine" : "libaio",
        "size" : "1G",
        "filename" : "/mnt/pve/test/write"
      },
      "read" : {
        "io_bytes" : 1073741824,
        "io_kbytes" : 1048576,
        "bw_bytes" : 289652501,
        "bw" : 282863,
        "iops" : 70715.942811,
        "runtime" : 3707,
        "total_ios" : 262144,
        "short_ios" : 0,
        "drop_ios" : 0,
        "slat_ns" : {
          "min" : 2346,
          "max" : 601011,
          "mean" : 9550.328625,
          "stddev" : 11695.421778,
          "N" : 262144
        },
        "clat_ns" : {
          "min" : 232291,
          "max" : 6941463,
          "mean" : 1798495.900768,
          "stddev" : 482108.853005,
          "N" : 262144,
          "percentile" : {
            "1.000000" : 913408,
            "5.000000" : 1155072,
            "10.000000" : 1286144,
            "20.000000" : 1433600,
            "30.000000" : 1531904,
            "40.000000" : 1613824,
            "50.000000" : 1712128,
            "60.000000" : 1826816,
            "70.000000" : 1957888,
            "80.000000" : 2146304,
            "90.000000" : 2441216,
            "95.000000" : 2670592,
            "99.000000" : 3063808,
            "99.500000" : 3489792,
            "99.900000" : 5079040,
            "99.950000" : 5275648,
            "99.990000" : 5603328
          }
        },
        "lat_ns" : {
          "min" : 248373,
          "max" : 6966579,
          "mean" : 1808046.229393,
          "stddev" : 483491.085117,
          "N" : 262144
        },
        "bw_min" : 234608,
        "bw_max" : 325480,
        "bw_agg" : 98.661274,
        "bw_mean" : 279077.714286,
        "bw_dev" : 36740.608223,
        "bw_samples" : 7,
        "iops_min" : 58652,
        "iops_max" : 81370,
        "iops_mean" : 69769.142857,
        "iops_stddev" : 9185.200768,
        "iops_samples" : 7
      },
      "write" : {
        "io_bytes" : 0,
        "io_kbytes" : 0,
        "bw_bytes" : 0,
        "bw" : 0,
        "iops" : 0.000000,
        "runtime" : 0,
        "total_ios" : 0,
        "short_ios" : 0,
        "drop_ios" : 0,
        "slat_ns" : {
          "min" : 0,
          "max" : 0,
          "mean" : 0.000000,
          "stddev" : 0.000000,
          "N" : 0
        },
        "clat_ns" : {
          "min" : 0,
          "max" : 0,
          "mean" : 0.000000,
          "stddev" : 0.000000,
          "N" : 0
        },
        "lat_ns" : {
          "min" : 0,
          "max" : 0,
          "mean" : 0.000000,
          "stddev" : 0.000000,
          "N" : 0
        },
        "bw_min" : 0,
        "bw_max" : 0,
        "bw_agg" : 0.000000,
        "bw_mean" : 0.000000,
        "bw_dev" : 0.000000,
        "bw_samples" : 0,
        "iops_min" : 0,
        "iops_max" : 0,
        "iops_mean" : 0.000000,
        "iops_stddev" : 0.000000,
        "iops_samples" : 0
      },
      "trim" : {
        "io_bytes" : 0,
        "io_kbytes" : 0,
        "bw_bytes" : 0,
        "bw" : 0,
        "iops" : 0.000000,
        "runtime" : 0,
        "total_ios" : 0,
        "short_ios" : 0,
        "drop_ios" : 0,
        "slat_ns" : {
          "min" : 0,
          "max" : 0,
          "mean" : 0.000000,
          "stddev" : 0.000000,
          "N" : 0
        },
        "clat_ns" : {
          "min" : 0,
          "max" : 0,
          "mean" : 0.000000,
          "stddev" : 0.000000,
          "N" : 0
        },
        "lat_ns" : {
          "min" : 0,
          "max" : 0,
          "mean" : 0.000000,
          "stddev" : 0.000000,
          "N" : 0
        },
        "bw_min" : 0,
        "bw_max" : 0,
        "bw_agg" : 0.000000,
        "bw_mean" : 0.000000,
        "bw_dev" : 0.000000,
        "bw_samples" : 0,
        "iops_min" : 0,
        "iops_max" : 0,
        "iops_mean" : 0.000000,
        "iops_stddev" : 0.000000,
        "iops_samples" : 0
      },
      "sync" : {
        "total_ios" : 0,
        "lat_ns" : {
          "min" : 0,
          "max" : 0,
          "mean" : 0.000000,
          "stddev" : 0.000000,
          "N" : 0
        }
      },
      "job_runtime" : 3706,
      "usr_cpu" : 20.696168,
      "sys_cpu" : 65.299514,
      "ctx" : 11111,
      "majf" : 0,
      "minf" : 141,
      "iodepth_level" : {
        "1" : 0.100000,
        "2" : 0.100000,
        "4" : 0.100000,
        "8" : 0.100000,
        "16" : 0.100000,
        "32" : 0.100000,
        ">=64" : 99.975967
      },
      "iodepth_submit" : {
        "0" : 0.000000,
        "4" : 100.000000,
        "8" : 0.000000,
        "16" : 0.000000,
        "32" : 0.000000,
        "64" : 0.000000,
        ">=64" : 0.000000
      },
      "iodepth_complete" : {
        "0" : 0.000000,
        "4" : 99.999618,
        "8" : 0.000000,
        "16" : 0.000000,
        "32" : 0.000000,
        "64" : 0.000000,
        ">=64" : 0.100000
      },
      "latency_ns" : {
        "2" : 0.000000,
        "4" : 0.000000,
        "10" : 0.000000,
        "20" : 0.000000,
        "50" : 0.000000,
        "100" : 0.000000,
        "250" : 0.000000,
        "500" : 0.000000,
        "750" : 0.000000,
        "1000" : 0.000000
      },
      "latency_us" : {
        "2" : 0.000000,
        "4" : 0.000000,
        "10" : 0.000000,
        "20" : 0.000000,
        "50" : 0.000000,
        "100" : 0.000000,
        "250" : 0.010000,
        "500" : 0.033188,
        "750" : 0.246811,
        "1000" : 1.591492
      },
      "latency_ms" : {
        "2" : 70.230103,
        "4" : 27.549744,
        "10" : 0.347519,
        "20" : 0.000000,
        "50" : 0.000000,
        "100" : 0.000000,
        "250" : 0.000000,
        "500" : 0.000000,
        "750" : 0.000000,
        "1000" : 0.000000,
        "2000" : 0.000000,
        ">=2000" : 0.000000
      },
      "latency_depth" : 128,
      "latency_target" : 0,
      "latency_percentile" : 100.000000,
      "latency_window" : 0
    }
  ],
  "disk_util" : [
    {
      "name" : "sdb",
      "read_ios" : 122487,
      "write_ios" : 226,
      "read_merges" : 134111,
      "write_merges" : 2,
      "read_ticks" : 83291,
      "write_ticks" : 562,
      "in_queue" : 83852,
      "util" : 97.381779
    }
  ]
}
