{
  "fio version" : "fio-3.33",
  "timestamp" : 1747293865,
  "timestamp_ms" : 1747293865909,
  "time" : "Thu May 15 10:24:25 2025",
  "jobs" : [
    {
      "jobname" : "write_B8_Q1_T1",
      "groupid" : 0,
      "error" : 0,
      "eta" : 0,
      "elapsed" : 11,
      "job options" : {
        "rw" : "write",
        "name" : "write_B8_Q1_T1",
        "bs" : "8k",
        "iodepth" : "1",
        "numjobs" : "1",
        "runtime" : "10",
        "direct" : "1",
        "ioengine" : "libaio",
        "size" : "1G",
        "filename" : "/mnt/pve/test/write"
      },
      "read" : {
        "io_bytes" : 0,
        "io_kbytes" : 0,
        "bw_bytes" : 0,
        "bw" : 0,
        "iops" : 0.000000,
        "runtime" : 0,
        "total_ios" : 0,
        "short_ios" : 0,
        "drop_ios" : 0,
        "slat_ns" : {
          "min" : 0,
          "max" : 0,
          "mean" : 0.000000,
          "stddev" : 0.000000,
          "N" : 0
        },
        "clat_ns" : {
          "min" : 0,
          "max" : 0,
          "mean" : 0.000000,
          "stddev" : 0.000000,
          "N" : 0
        },
        "lat_ns" : {
          "min" : 0,
          "max" : 0,
          "mean" : 0.000000,
          "stddev" : 0.000000,
          "N" : 0
        },
        "bw_min" : 0,
        "bw_max" : 0,
        "bw_agg" : 0.000000,
        "bw_mean" : 0.000000,
        "bw_dev" : 0.000000,
        "bw_samples" : 0,
        "iops_min" : 0,
        "iops_max" : 0,
        "iops_mean" : 0.000000,
        "iops_stddev" : 0.000000,
        "iops_samples" : 0
      },
      "write" : {
        "io_bytes" : 1069359104,
        "io_kbytes" : 1044296,
        "bw_bytes" : 106925217,
        "bw" : 104419,
        "iops" : 13052.394761,
        "runtime" : 10001,
        "total_ios" : 130537,
        "short_ios" : 0,
        "drop_ios" : 0,
        "slat_ns" : {
          "min" : 9873,
          "max" : 485349,
          "mean" : 17649.138191,
          "stddev" : 7328.519973,
          "N" : 130537
        },
        "clat_ns" : {
          "min" : 4679,
          "max" : 4174493,
          "mean" : 56912.610524,
          "stddev" : 60639.339470,
          "N" : 130537,
          "percentile" : {
            "1.000000" : 52992,
            "5.000000" : 54016,
            "10.000000" : 54016,
            "20.000000" : 54528,
            "30.000000" : 54528,
            "40.000000" : 54528,
            "50.000000" : 55040,
            "60.000000" : 55040,
            "70.000000" : 55552,
            "80.000000" : 56064,
            "90.000000" : 56576,
            "95.000000" : 57600,
            "99.000000" : 67072,
            "99.500000" : 80384,
            "99.900000" : 195584,
            "99.950000" : 561152,
            "99.990000" : 3751936
          }
        },
        "lat_ns" : {
          "min" : 57689,
          "max" : 4192217,
          "mean" : 74561.748715,
          "stddev" : 61162.773110,
          "N" : 130537
        },
        "bw_min" : 102160,
        "bw_max" : 105856,
        "bw_agg" : 100.000000,
        "bw_mean" : 104525.473684,
        "bw_dev" : 905.666321,
        "bw_samples" : 19,
        "iops_min" : 12770,
        "iops_max" : 13232,
        "iops_mean" : 13065.684211,
        "iops_stddev" : 113.208290,
        "iops_samples" : 19
      },
      "trim" : {
        "io_bytes" : 0,
        "io_kbytes" : 0,
        "bw_bytes" : 0,
        "bw" : 0,
        "iops" : 0.000000,
        "runtime" : 0,
        "total_ios" : 0,
        "short_ios" : 0,
        "drop_ios" : 0,
        "slat_ns" : {
          "min" : 0,
          "max" : 0,
          "mean" : 0.000000,
          "stddev" : 0.000000,
          "N" : 0
        },
        "clat_ns" : {
          "min" : 0,
          "max" : 0,
          "mean" : 0.000000,
          "stddev" : 0.000000,
          "N" : 0
        },
        "lat_ns" : {
          "min" : 0,
          "max" : 0,
          "mean" : 0.000000,
          "stddev" : 0.000000,
          "N" : 0
        },
        "bw_min" : 0,
        "bw_max" : 0,
        "bw_agg" : 0.000000,
        "bw_mean" : 0.000000,
        "bw_dev" : 0.000000,
        "bw_samples" : 0,
        "iops_min" : 0,
        "iops_max" : 0,
        "iops_mean" : 0.000000,
        "iops_stddev" : 0.000000,
        "iops_samples" : 0
      },
      "sync" : {
        "total_ios" : 0,
        "lat_ns" : {
          "min" : 0,
          "max" : 0,
          "mean" : 0.000000,
          "stddev" : 0.000000,
          "N" : 0
        }
      },
      "job_runtime" : 10000,
      "usr_cpu" : 8.120000,
      "sys_cpu" : 25.580000,
      "ctx" : 130536,
      "majf" : 0,
      "minf" : 14,
      "iodepth_level" : {
        "1" : 100.000000,
        "2" : 0.000000,
        "4" : 0.000000,
        "8" : 0.000000,
        "16" : 0.000000,
        "32" : 0.000000,
        ">=64" : 0.000000
      },
      "iodepth_submit" : {
        "0" : 0.000000,
        "4" : 100.000000,
        "8" : 0.000000,
        "16" : 0.000000,
        "32" : 0.000000,
        "64" : 0.000000,
        ">=64" : 0.000000
      },
      "iodepth_complete" : {
        "0" : 0.000000,
        "4" : 100.000000,
        "8" : 0.000000,
        "16" : 0.000000,
        "32" : 0.000000,
        "64" : 0.000000,
        ">=64" : 0.000000
      },
      "latency_ns" : {
        "2" : 0.000000,
        "4" : 0.000000,
        "10" : 0.000000,
        "20" : 0.000000,
        "50" : 0.000000,
        "100" : 0.000000,
        "250" : 0.000000,
        "500" : 0.000000,
        "750" : 0.000000,
        "1000" : 0.000000
      },
      "latency_us" : {
        "2" : 0.000000,
        "4" : 0.000000,
        "10" : 0.010000,
        "20" : 0.010000,
        "50" : 0.921578,
        "100" : 98.745949,
        "250" : 0.232884,
        "500" : 0.034473,
        "750" : 0.016853,
        "1000" : 0.010000
      },
      "latency_ms" : {
        "2" : 0.012257,
        "4" : 0.023748,
        "10" : 0.010000,
        "20" : 0.000000,
        "50" : 0.000000,
        "100" : 0.000000,
        "250" : 0.000000,
        "500" : 0.000000,
        "750" : 0.000000,
        "1000" : 0.000000,
        "2000" : 0.000000,
        ">=2000" : 0.000000
      },
      "latency_depth" : 1,
      "latency_target" : 0,
      "latency_percentile" : 100.000000,
      "latency_window" : 0
    }
  ],
  "disk_util" : [
    {
      "name" : "sdb",
      "read_ios" : 0,
      "write_ios" : 129739,
      "read_merges" : 0,
      "write_merges" : 6,
      "read_ticks" : 0,
      "write_ticks" : 8387,
      "in_queue" : 8387,
      "util" : 99.058965
    }
  ]
}
