{
  "fio version" : "fio-3.33",
  "timestamp" : 1747285788,
  "timestamp_ms" : 1747285788173,
  "time" : "Thu May 15 08:09:48 2025",
  "jobs" : [
    {
      "jobname" : "randread_B8_Q1_T1",
      "groupid" : 0,
      "error" : 0,
      "eta" : 0,
      "elapsed" : 11,
      "job options" : {
        "rw" : "randread",
        "name" : "randread_B8_Q1_T1",
        "bs" : "8k",
        "iodepth" : "1",
        "numjobs" : "1",
        "runtime" : "10",
        "direct" : "1",
        "ioengine" : "libaio",
        "size" : "1G",
        "filename" : "/mnt/pve/test/write"
      },
      "read" : {
        "io_bytes" : 508338176,
        "io_kbytes" : 496424,
        "bw_bytes" : 50828734,
        "bw" : 49637,
        "iops" : 6204.679532,
        "runtime" : 10001,
        "total_ios" : 62053,
        "short_ios" : 0,
        "drop_ios" : 0,
        "slat_ns" : {
          "min" : 13906,
          "max" : 463466,
          "mean" : 15717.963451,
          "stddev" : 4613.451536,
          "N" : 62053
        },
        "clat_ns" : {
          "min" : 3975,
          "max" : 655723,
          "mean" : 143326.760979,
          "stddev" : 18964.953104,
          "N" : 62053,
          "percentile" : {
            "1.000000" : 112128,
            "5.000000" : 114176,
            "10.000000" : 122368,
            "20.000000" : 142336,
            "30.000000" : 142336,
            "40.000000" : 142336,
            "50.000000" : 144384,
            "60.000000" : 144384,
            "70.000000" : 144384,
            "80.000000" : 146432,
            "90.000000" : 152576,
            "95.000000" : 154624,
            "99.000000" : 211968,
            "99.500000" : 216064,
            "99.900000" : 468992,
            "99.950000" : 544768,
            "99.990000" : 585728
          }
        },
        "lat_ns" : {
          "min" : 84799,
          "max" : 671101,
          "mean" : 159044.724429,
          "stddev" : 19469.218843,
          "N" : 62053
        },
        "bw_min" : 49552,
        "bw_max" : 49824,
        "bw_agg" : 100.000000,
        "bw_mean" : 49679.157895,
        "bw_dev" : 91.209931,
        "bw_samples" : 19,
        "iops_min" : 6194,
        "iops_max" : 6228,
        "iops_mean" : 6209.894737,
        "iops_stddev" : 11.401241,
        "iops_samples" : 19
      },
      "write" : {
        "io_bytes" : 0,
        "io_kbytes" : 0,
        "bw_bytes" : 0,
        "bw" : 0,
        "iops" : 0.000000,
        "runtime" : 0,
        "total_ios" : 0,
        "short_ios" : 0,
        "drop_ios" : 0,
        "slat_ns" : {
          "min" : 0,
          "max" : 0,
          "mean" : 0.000000,
          "stddev" : 0.000000,
          "N" : 0
        },
        "clat_ns" : {
          "min" : 0,
          "max" : 0,
          "mean" : 0.000000,
          "stddev" : 0.000000,
          "N" : 0
        },
        "lat_ns" : {
          "min" : 0,
          "max" : 0,
          "mean" : 0.000000,
          "stddev" : 0.000000,
          "N" : 0
        },
        "bw_min" : 0,
        "bw_max" : 0,
        "bw_agg" : 0.000000,
        "bw_mean" : 0.000000,
        "bw_dev" : 0.000000,
        "bw_samples" : 0,
        "iops_min" : 0,
        "iops_max" : 0,
        "iops_mean" : 0.000000,
        "iops_stddev" : 0.000000,
        "iops_samples" : 0
      },
      "trim" : {
        "io_bytes" : 0,
        "io_kbytes" : 0,
        "bw_bytes" : 0,
        "bw" : 0,
        "iops" : 0.000000,
        "runtime" : 0,
        "total_ios" : 0,
        "short_ios" : 0,
        "drop_ios" : 0,
        "slat_ns" : {
          "min" : 0,
          "max" : 0,
          "mean" : 0.000000,
          "stddev" : 0.000000,
          "N" : 0
        },
        "clat_ns" : {
          "min" : 0,
          "max" : 0,
          "mean" : 0.000000,
          "stddev" : 0.000000,
          "N" : 0
        },
        "lat_ns" : {
          "min" : 0,
          "max" : 0,
          "mean" : 0.000000,
          "stddev" : 0.000000,
          "N" : 0
        },
        "bw_min" : 0,
        "bw_max" : 0,
        "bw_agg" : 0.000000,
        "bw_mean" : 0.000000,
        "bw_dev" : 0.000000,
        "bw_samples" : 0,
        "iops_min" : 0,
        "iops_max" : 0,
        "iops_mean" : 0.000000,
        "iops_stddev" : 0.000000,
        "iops_samples" : 0
      },
      "sync" : {
        "total_ios" : 0,
        "lat_ns" : {
          "min" : 0,
          "max" : 0,
          "mean" : 0.000000,
          "stddev" : 0.000000,
          "N" : 0
        }
      },
      "job_runtime" : 10000,
      "usr_cpu" : 4.840000,
      "sys_cpu" : 12.920000,
      "ctx" : 62050,
      "majf" : 0,
      "minf" : 13,
      "iodepth_level" : {
        "1" : 100.000000,
        "2" : 0.000000,
        "4" : 0.000000,
        "8" : 0.000000,
        "16" : 0.000000,
        "32" : 0.000000,
        ">=64" : 0.000000
      },
      "iodepth_submit" : {
        "0" : 0.000000,
        "4" : 100.000000,
        "8" : 0.000000,
        "16" : 0.000000,
        "32" : 0.000000,
        "64" : 0.000000,
        ">=64" : 0.000000
      },
      "iodepth_complete" : {
        "0" : 0.000000,
        "4" : 100.000000,
        "8" : 0.000000,
        "16" : 0.000000,
        "32" : 0.000000,
        "64" : 0.000000,
        ">=64" : 0.000000
      },
      "latency_ns" : {
        "2" : 0.000000,
        "4" : 0.000000,
        "10" : 0.000000,
        "20" : 0.000000,
        "50" : 0.000000,
        "100" : 0.000000,
        "250" : 0.000000,
        "500" : 0.000000,
        "750" : 0.000000,
        "1000" : 0.000000
      },
      "latency_us" : {
        "2" : 0.000000,
        "4" : 0.010000,
        "10" : 0.000000,
        "20" : 0.000000,
        "50" : 0.000000,
        "100" : 0.019338,
        "250" : 99.856574,
        "500" : 0.043511,
        "750" : 0.078965,
        "1000" : 0.000000
      },
      "latency_ms" : {
        "2" : 0.000000,
        "4" : 0.000000,
        "10" : 0.000000,
        "20" : 0.000000,
        "50" : 0.000000,
        "100" : 0.000000,
        "250" : 0.000000,
        "500" : 0.000000,
        "750" : 0.000000,
        "1000" : 0.000000,
        "2000" : 0.000000,
        ">=2000" : 0.000000
      },
      "latency_depth" : 1,
      "latency_target" : 0,
      "latency_percentile" : 100.000000,
      "latency_window" : 0
    }
  ],
  "disk_util" : [
    {
      "name" : "sdb",
      "read_ios" : 61405,
      "write_ios" : 0,
      "read_merges" : 0,
      "write_merges" : 0,
      "read_ticks" : 8944,
      "write_ticks" : 0,
      "in_queue" : 8944,
      "util" : 99.069069
    }
  ]
}
