{
  "fio version" : "fio-3.33",
  "timestamp" : 1747285502,
  "timestamp_ms" : 1747285502052,
  "time" : "Thu May 15 08:05:02 2025",
  "jobs" : [
    {
      "jobname" : "read_B4096_Q128_T1",
      "groupid" : 0,
      "error" : 0,
      "eta" : 0,
      "elapsed" : 3,
      "job options" : {
        "rw" : "read",
        "name" : "read_B4096_Q128_T1",
        "bs" : "4096k",
        "iodepth" : "128",
        "numjobs" : "1",
        "runtime" : "10",
        "direct" : "1",
        "ioengine" : "libaio",
        "size" : "1G",
        "filename" : "/mnt/pve/test/write"
      },
      "read" : {
        "io_bytes" : 1073741824,
        "io_kbytes" : 1048576,
        "bw_bytes" : 483667488,
        "bw" : 472331,
        "iops" : 115.315315,
        "runtime" : 2220,
        "total_ios" : 256,
        "short_ios" : 0,
        "drop_ios" : 0,
        "slat_ns" : {
          "min" : 4003569,
          "max" : 9445919,
          "mean" : 8530648.101563,
          "stddev" : 857732.168404,
          "N" : 256
        },
        "clat_ns" : {
          "min" : 33262248,
          "max" : 1117623583,
          "mean" : 838647030.421876,
          "stddev" : 345683609.469749,
          "N" : 256,
          "percentile" : {
            "1.000000" : 50593792,
            "5.000000" : 137363456,
            "10.000000" : 246415360,
            "20.000000" : 467664896,
            "30.000000" : 683671552,
            "40.000000" : 901775360,
            "50.000000" : 1082130432,
            "60.000000" : 1098907648,
            "70.000000" : 1098907648,
            "80.000000" : 1098907648,
            "90.000000" : 1115684864,
            "95.000000" : 1115684864,
            "99.000000" : 1115684864,
            "99.500000" : 1115684864,
            "99.900000" : 1115684864,
            "99.950000" : 1115684864,
            "99.990000" : 1115684864
          }
        },
        "lat_ns" : {
          "min" : 41799996,
          "max" : 1126189851,
          "mean" : 847177678.523438,
          "stddev" : 345687334.216708,
          "N" : 256
        },
        "bw_min" : 393216,
        "bw_max" : 483328,
        "bw_agg" : 92.789063,
        "bw_mean" : 438272.000000,
        "bw_dev" : 63718.806266,
        "bw_samples" : 2,
        "iops_min" : 96,
        "iops_max" : 118,
        "iops_mean" : 107.000000,
        "iops_stddev" : 15.556349,
        "iops_samples" : 2
      },
      "write" : {
        "io_bytes" : 0,
        "io_kbytes" : 0,
        "bw_bytes" : 0,
        "bw" : 0,
        "iops" : 0.000000,
        "runtime" : 0,
        "total_ios" : 0,
        "short_ios" : 0,
        "drop_ios" : 0,
        "slat_ns" : {
          "min" : 0,
          "max" : 0,
          "mean" : 0.000000,
          "stddev" : 0.000000,
          "N" : 0
        },
        "clat_ns" : {
          "min" : 0,
          "max" : 0,
          "mean" : 0.000000,
          "stddev" : 0.000000,
          "N" : 0
        },
        "lat_ns" : {
          "min" : 0,
          "max" : 0,
          "mean" : 0.000000,
          "stddev" : 0.000000,
          "N" : 0
        },
        "bw_min" : 0,
        "bw_max" : 0,
        "bw_agg" : 0.000000,
        "bw_mean" : 0.000000,
        "bw_dev" : 0.000000,
        "bw_samples" : 0,
        "iops_min" : 0,
        "iops_max" : 0,
        "iops_mean" : 0.000000,
        "iops_stddev" : 0.000000,
        "iops_samples" : 0
      },
      "trim" : {
        "io_bytes" : 0,
        "io_kbytes" : 0,
        "bw_bytes" : 0,
        "bw" : 0,
        "iops" : 0.000000,
        "runtime" : 0,
        "total_ios" : 0,
        "short_ios" : 0,
        "drop_ios" : 0,
        "slat_ns" : {
          "min" : 0,
          "max" : 0,
          "mean" : 0.000000,
          "stddev" : 0.000000,
          "N" : 0
        },
        "clat_ns" : {
          "min" : 0,
          "max" : 0,
          "mean" : 0.000000,
          "stddev" : 0.000000,
          "N" : 0
        },
        "lat_ns" : {
          "min" : 0,
          "max" : 0,
          "mean" : 0.000000,
          "stddev" : 0.000000,
          "N" : 0
        },
        "bw_min" : 0,
        "bw_max" : 0,
        "bw_agg" : 0.000000,
        "bw_mean" : 0.000000,
        "bw_dev" : 0.000000,
        "bw_samples" : 0,
        "iops_min" : 0,
        "iops_max" : 0,
        "iops_mean" : 0.000000,
        "iops_stddev" : 0.000000,
        "iops_samples" : 0
      },
      "sync" : {
        "total_ios" : 0,
        "lat_ns" : {
          "min" : 0,
          "max" : 0,
          "mean" : 0.000000,
          "stddev" : 0.000000,
          "N" : 0
        }
      },
      "job_runtime" : 2219,
      "usr_cpu" : 0.045065,
      "sys_cpu" : 24.515548,
      "ctx" : 1882,
      "majf" : 0,
      "minf" : 131085,
      "iodepth_level" : {
        "1" : 0.390625,
        "2" : 0.781250,
        "4" : 1.562500,
        "8" : 3.125000,
        "16" : 6.250000,
        "32" : 12.500000,
        ">=64" : 75.390625
      },
      "iodepth_submit" : {
        "0" : 0.000000,
        "4" : 100.000000,
        "8" : 0.000000,
        "16" : 0.000000,
        "32" : 0.000000,
        "64" : 0.000000,
        ">=64" : 0.000000
      },
      "iodepth_complete" : {
        "0" : 0.000000,
        "4" : 99.230769,
        "8" : 0.000000,
        "16" : 0.000000,
        "32" : 0.000000,
        "64" : 0.000000,
        ">=64" : 0.769231
      },
      "latency_ns" : {
        "2" : 0.000000,
        "4" : 0.000000,
        "10" : 0.000000,
        "20" : 0.000000,
        "50" : 0.000000,
        "100" : 0.000000,
        "250" : 0.000000,
        "500" : 0.000000,
        "750" : 0.000000,
        "1000" : 0.000000
      },
      "latency_us" : {
        "2" : 0.000000,
        "4" : 0.000000,
        "10" : 0.000000,
        "20" : 0.000000,
        "50" : 0.000000,
        "100" : 0.000000,
        "250" : 0.000000,
        "500" : 0.000000,
        "750" : 0.000000,
        "1000" : 0.000000
      },
      "latency_ms" : {
        "2" : 0.000000,
        "4" : 0.000000,
        "10" : 0.000000,
        "20" : 0.000000,
        "50" : 0.781250,
        "100" : 2.343750,
        "250" : 7.031250,
        "500" : 11.328125,
        "750" : 11.328125,
        "1000" : 11.718750,
        "2000" : 55.468750,
        ">=2000" : 0.000000
      },
      "latency_depth" : 128,
      "latency_target" : 0,
      "latency_percentile" : 100.000000,
      "latency_window" : 0
    }
  ],
  "disk_util" : [
    {
      "name" : "sdb",
      "read_ios" : 15845,
      "write_ios" : 0,
      "read_merges" : 6,
      "write_merges" : 0,
      "read_ticks" : 526907,
      "write_ticks" : 0,
      "in_queue" : 526907,
      "util" : 95.545657
    }
  ]
}
