{
  "fio version" : "fio-3.33",
  "timestamp" : 1747285995,
  "timestamp_ms" : 1747285995269,
  "time" : "Thu May 15 08:13:15 2025",
  "jobs" : [
    {
      "jobname" : "read_B4096_Q32_T1",
      "groupid" : 0,
      "error" : 0,
      "eta" : 0,
      "elapsed" : 3,
      "job options" : {
        "rw" : "read",
        "name" : "read_B4096_Q32_T1",
        "bs" : "4096k",
        "iodepth" : "32",
        "numjobs" : "1",
        "runtime" : "10",
        "direct" : "1",
        "ioengine" : "libaio",
        "size" : "1G",
        "filename" : "/mnt/pve/test/write"
      },
      "read" : {
        "io_bytes" : 1073741824,
        "io_kbytes" : 1048576,
        "bw_bytes" : 496642841,
        "bw" : 485002,
        "iops" : 118.408881,
        "runtime" : 2162,
        "total_ios" : 256,
        "short_ios" : 0,
        "drop_ios" : 0,
        "slat_ns" : {
          "min" : 4091181,
          "max" : 10690435,
          "mean" : 8305342.800781,
          "stddev" : 835338.518197,
          "N" : 256
        },
        "clat_ns" : {
          "min" : 32957546,
          "max" : 284514733,
          "mean" : 248559739.250000,
          "stddev" : 42556945.876698,
          "N" : 256,
          "percentile" : {
            "1.000000" : 50069504,
            "5.000000" : 132644864,
            "10.000000" : 240123904,
            "20.000000" : 258998272,
            "30.000000" : 261095424,
            "40.000000" : 261095424,
            "50.000000" : 261095424,
            "60.000000" : 261095424,
            "70.000000" : 261095424,
            "80.000000" : 261095424,
            "90.000000" : 263192576,
            "95.000000" : 263192576,
            "99.000000" : 267386880,
            "99.500000" : 274726912,
            "99.900000" : 283115520,
            "99.950000" : 283115520,
            "99.990000" : 283115520
          }
        },
        "lat_ns" : {
          "min" : 41460374,
          "max" : 293185777,
          "mean" : 256865082.050781,
          "stddev" : 42572322.409560,
          "N" : 256
        },
        "bw_min" : 253952,
        "bw_max" : 491520,
        "bw_agg" : 88.253516,
        "bw_mean" : 428032.000000,
        "bw_dev" : 116117.566538,
        "bw_samples" : 4,
        "iops_min" : 62,
        "iops_max" : 120,
        "iops_mean" : 104.500000,
        "iops_stddev" : 28.349015,
        "iops_samples" : 4
      },
      "write" : {
        "io_bytes" : 0,
        "io_kbytes" : 0,
        "bw_bytes" : 0,
        "bw" : 0,
        "iops" : 0.000000,
        "runtime" : 0,
        "total_ios" : 0,
        "short_ios" : 0,
        "drop_ios" : 0,
        "slat_ns" : {
          "min" : 0,
          "max" : 0,
          "mean" : 0.000000,
          "stddev" : 0.000000,
          "N" : 0
        },
        "clat_ns" : {
          "min" : 0,
          "max" : 0,
          "mean" : 0.000000,
          "stddev" : 0.000000,
          "N" : 0
        },
        "lat_ns" : {
          "min" : 0,
          "max" : 0,
          "mean" : 0.000000,
          "stddev" : 0.000000,
          "N" : 0
        },
        "bw_min" : 0,
        "bw_max" : 0,
        "bw_agg" : 0.000000,
        "bw_mean" : 0.000000,
        "bw_dev" : 0.000000,
        "bw_samples" : 0,
        "iops_min" : 0,
        "iops_max" : 0,
        "iops_mean" : 0.000000,
        "iops_stddev" : 0.000000,
        "iops_samples" : 0
      },
      "trim" : {
        "io_bytes" : 0,
        "io_kbytes" : 0,
        "bw_bytes" : 0,
        "bw" : 0,
        "iops" : 0.000000,
        "runtime" : 0,
        "total_ios" : 0,
        "short_ios" : 0,
        "drop_ios" : 0,
        "slat_ns" : {
          "min" : 0,
          "max" : 0,
          "mean" : 0.000000,
          "stddev" : 0.000000,
          "N" : 0
        },
        "clat_ns" : {
          "min" : 0,
          "max" : 0,
          "mean" : 0.000000,
          "stddev" : 0.000000,
          "N" : 0
        },
        "lat_ns" : {
          "min" : 0,
          "max" : 0,
          "mean" : 0.000000,
          "stddev" : 0.000000,
          "N" : 0
        },
        "bw_min" : 0,
        "bw_max" : 0,
        "bw_agg" : 0.000000,
        "bw_mean" : 0.000000,
        "bw_dev" : 0.000000,
        "bw_samples" : 0,
        "iops_min" : 0,
        "iops_max" : 0,
        "iops_mean" : 0.000000,
        "iops_stddev" : 0.000000,
        "iops_samples" : 0
      },
      "sync" : {
        "total_ios" : 0,
        "lat_ns" : {
          "min" : 0,
          "max" : 0,
          "mean" : 0.000000,
          "stddev" : 0.000000,
          "N" : 0
        }
      },
      "job_runtime" : 2161,
      "usr_cpu" : 0.185099,
      "sys_cpu" : 10.874595,
      "ctx" : 2084,
      "majf" : 0,
      "minf" : 32781,
      "iodepth_level" : {
        "1" : 0.390625,
        "2" : 0.781250,
        "4" : 1.562500,
        "8" : 3.125000,
        "16" : 6.250000,
        "32" : 87.890625,
        ">=64" : 0.000000
      },
      "iodepth_submit" : {
        "0" : 0.000000,
        "4" : 100.000000,
        "8" : 0.000000,
        "16" : 0.000000,
        "32" : 0.000000,
        "64" : 0.000000,
        ">=64" : 0.000000
      },
      "iodepth_complete" : {
        "0" : 0.000000,
        "4" : 99.557522,
        "8" : 0.000000,
        "16" : 0.000000,
        "32" : 0.442478,
        "64" : 0.000000,
        ">=64" : 0.000000
      },
      "latency_ns" : {
        "2" : 0.000000,
        "4" : 0.000000,
        "10" : 0.000000,
        "20" : 0.000000,
        "50" : 0.000000,
        "100" : 0.000000,
        "250" : 0.000000,
        "500" : 0.000000,
        "750" : 0.000000,
        "1000" : 0.000000
      },
      "latency_us" : {
        "2" : 0.000000,
        "4" : 0.000000,
        "10" : 0.000000,
        "20" : 0.000000,
        "50" : 0.000000,
        "100" : 0.000000,
        "250" : 0.000000,
        "500" : 0.000000,
        "750" : 0.000000,
        "1000" : 0.000000
      },
      "latency_ms" : {
        "2" : 0.000000,
        "4" : 0.000000,
        "10" : 0.000000,
        "20" : 0.000000,
        "50" : 0.781250,
        "100" : 2.734375,
        "250" : 7.812500,
        "500" : 88.671875,
        "750" : 0.000000,
        "1000" : 0.000000,
        "2000" : 0.000000,
        ">=2000" : 0.000000
      },
      "latency_depth" : 32,
      "latency_target" : 0,
      "latency_percentile" : 100.000000,
      "latency_window" : 0
    }
  ],
  "disk_util" : [
    {
      "name" : "sdb",
      "read_ios" : 16294,
      "write_ios" : 0,
      "read_merges" : 16,
      "write_merges" : 0,
      "read_ticks" : 531602,
      "write_ticks" : 0,
      "in_queue" : 531601,
      "util" : 95.458593
    }
  ]
}
