{
  "fio version" : "fio-3.33",
  "timestamp" : 1747285527,
  "timestamp_ms" : 1747285527739,
  "time" : "Thu May 15 08:05:27 2025",
  "jobs" : [
    {
      "jobname" : "write_B8_Q32_T1",
      "groupid" : 0,
      "error" : 0,
      "eta" : 0,
      "elapsed" : 5,
      "job options" : {
        "rw" : "write",
        "name" : "write_B8_Q32_T1",
        "bs" : "8k",
        "iodepth" : "32",
        "numjobs" : "1",
        "runtime" : "10",
        "direct" : "1",
        "ioengine" : "libaio",
        "size" : "1G",
        "filename" : "/mnt/pve/test/write"
      },
      "read" : {
        "io_bytes" : 0,
        "io_kbytes" : 0,
        "bw_bytes" : 0,
        "bw" : 0,
        "iops" : 0.000000,
        "runtime" : 0,
        "total_ios" : 0,
        "short_ios" : 0,
        "drop_ios" : 0,
        "slat_ns" : {
          "min" : 0,
          "max" : 0,
          "mean" : 0.000000,
          "stddev" : 0.000000,
          "N" : 0
        },
        "clat_ns" : {
          "min" : 0,
          "max" : 0,
          "mean" : 0.000000,
          "stddev" : 0.000000,
          "N" : 0
        },
        "lat_ns" : {
          "min" : 0,
          "max" : 0,
          "mean" : 0.000000,
          "stddev" : 0.000000,
          "N" : 0
        },
        "bw_min" : 0,
        "bw_max" : 0,
        "bw_agg" : 0.000000,
        "bw_mean" : 0.000000,
        "bw_dev" : 0.000000,
        "bw_samples" : 0,
        "iops_min" : 0,
        "iops_max" : 0,
        "iops_mean" : 0.000000,
        "iops_stddev" : 0.000000,
        "iops_samples" : 0
      },
      "write" : {
        "io_bytes" : 1073741824,
        "io_kbytes" : 1048576,
        "bw_bytes" : 249301561,
        "bw" : 243458,
        "iops" : 30432.319480,
        "runtime" : 4307,
        "total_ios" : 131072,
        "short_ios" : 0,
        "drop_ios" : 0,
        "slat_ns" : {
          "min" : 2807,
          "max" : 579284,
          "mean" : 24949.073509,
          "stddev" : 13305.299344,
          "N" : 131072
        },
        "clat_ns" : {
          "min" : 62296,
          "max" : 1668653,
          "mean" : 1023124.798370,
          "stddev" : 135805.461586,
          "N" : 131072,
          "percentile" : {
            "1.000000" : 634880,
            "5.000000" : 716800,
            "10.000000" : 757760,
            "20.000000" : 1028096,
            "30.000000" : 1056768,
            "40.000000" : 1056768,
            "50.000000" : 1073152,
            "60.000000" : 1073152,
            "70.000000" : 1073152,
            "80.000000" : 1089536,
            "90.000000" : 1105920,
            "95.000000" : 1138688,
            "99.000000" : 1236992,
            "99.500000" : 1499136,
            "99.900000" : 1564672,
            "99.950000" : 1597440,
            "99.990000" : 1630208
          }
        },
        "lat_ns" : {
          "min" : 78465,
          "max" : 1690412,
          "mean" : 1048073.871880,
          "stddev" : 139683.152123,
          "N" : 131072
        },
        "bw_min" : 232048,
        "bw_max" : 321584,
        "bw_agg" : 100.000000,
        "bw_mean" : 244358.000000,
        "bw_dev" : 31217.323176,
        "bw_samples" : 8,
        "iops_min" : 29006,
        "iops_max" : 40198,
        "iops_mean" : 30544.750000,
        "iops_stddev" : 3902.165397,
        "iops_samples" : 8
      },
      "trim" : {
        "io_bytes" : 0,
        "io_kbytes" : 0,
        "bw_bytes" : 0,
        "bw" : 0,
        "iops" : 0.000000,
        "runtime" : 0,
        "total_ios" : 0,
        "short_ios" : 0,
        "drop_ios" : 0,
        "slat_ns" : {
          "min" : 0,
          "max" : 0,
          "mean" : 0.000000,
          "stddev" : 0.000000,
          "N" : 0
        },
        "clat_ns" : {
          "min" : 0,
          "max" : 0,
          "mean" : 0.000000,
          "stddev" : 0.000000,
          "N" : 0
        },
        "lat_ns" : {
          "min" : 0,
          "max" : 0,
          "mean" : 0.000000,
          "stddev" : 0.000000,
          "N" : 0
        },
        "bw_min" : 0,
        "bw_max" : 0,
        "bw_agg" : 0.000000,
        "bw_mean" : 0.000000,
        "bw_dev" : 0.000000,
        "bw_samples" : 0,
        "iops_min" : 0,
        "iops_max" : 0,
        "iops_mean" : 0.000000,
        "iops_stddev" : 0.000000,
        "iops_samples" : 0
      },
      "sync" : {
        "total_ios" : 0,
        "lat_ns" : {
          "min" : 0,
          "max" : 0,
          "mean" : 0.000000,
          "stddev" : 0.000000,
          "N" : 0
        }
      },
      "job_runtime" : 4306,
      "usr_cpu" : 14.886205,
      "sys_cpu" : 64.119833,
      "ctx" : 112968,
      "majf" : 0,
      "minf" : 91,
      "iodepth_level" : {
        "1" : 0.100000,
        "2" : 0.100000,
        "4" : 0.100000,
        "8" : 0.100000,
        "16" : 0.100000,
        "32" : 99.976349,
        ">=64" : 0.000000
      },
      "iodepth_submit" : {
        "0" : 0.000000,
        "4" : 100.000000,
        "8" : 0.000000,
        "16" : 0.000000,
        "32" : 0.000000,
        "64" : 0.000000,
        ">=64" : 0.000000
      },
      "iodepth_complete" : {
        "0" : 0.000000,
        "4" : 99.999237,
        "8" : 0.000000,
        "16" : 0.000000,
        "32" : 0.100000,
        "64" : 0.000000,
        ">=64" : 0.000000
      },
      "latency_ns" : {
        "2" : 0.000000,
        "4" : 0.000000,
        "10" : 0.000000,
        "20" : 0.000000,
        "50" : 0.000000,
        "100" : 0.000000,
        "250" : 0.000000,
        "500" : 0.000000,
        "750" : 0.000000,
        "1000" : 0.000000
      },
      "latency_us" : {
        "2" : 0.000000,
        "4" : 0.000000,
        "10" : 0.000000,
        "20" : 0.000000,
        "50" : 0.000000,
        "100" : 0.010000,
        "250" : 0.010000,
        "500" : 0.026703,
        "750" : 9.368134,
        "1000" : 8.385468
      },
      "latency_ms" : {
        "2" : 82.215118,
        "4" : 0.000000,
        "10" : 0.000000,
        "20" : 0.000000,
        "50" : 0.000000,
        "100" : 0.000000,
        "250" : 0.000000,
        "500" : 0.000000,
        "750" : 0.000000,
        "1000" : 0.000000,
        "2000" : 0.000000,
        ">=2000" : 0.000000
      },
      "latency_depth" : 32,
      "latency_target" : 0,
      "latency_percentile" : 100.000000,
      "latency_window" : 0
    }
  ],
  "disk_util" : [
    {
      "name" : "sdb",
      "read_ios" : 0,
      "write_ios" : 123455,
      "read_merges" : 0,
      "write_merges" : 2840,
      "read_ticks" : 0,
      "write_ticks" : 17751,
      "in_queue" : 17751,
      "util" : 97.690858
    }
  ]
}
