{
  "fio version" : "fio-3.33",
  "timestamp" : 1747293426,
  "timestamp_ms" : 1747293426251,
  "time" : "Thu May 15 10:17:06 2025",
  "jobs" : [
    {
      "jobname" : "randread_B4_Q32_T1",
      "groupid" : 0,
      "error" : 0,
      "eta" : 0,
      "elapsed" : 5,
      "job options" : {
        "rw" : "randread",
        "name" : "randread_B4_Q32_T1",
        "bs" : "4k",
        "iodepth" : "32",
        "numjobs" : "1",
        "runtime" : "10",
        "direct" : "1",
        "ioengine" : "libaio",
        "size" : "1G",
        "filename" : "/mnt/pve/test/write"
      },
      "read" : {
        "io_bytes" : 1073741824,
        "io_kbytes" : 1048576,
        "bw_bytes" : 238397385,
        "bw" : 232809,
        "iops" : 58202.486679,
        "runtime" : 4504,
        "total_ios" : 262144,
        "short_ios" : 0,
        "drop_ios" : 0,
        "slat_ns" : {
          "min" : 2977,
          "max" : 568632,
          "mean" : 11745.505680,
          "stddev" : 9167.376846,
          "N" : 262144
        },
        "clat_ns" : {
          "min" : 147500,
          "max" : 6524148,
          "mean" : 536627.399700,
          "stddev" : 175087.132527,
          "N" : 262144,
          "percentile" : {
            "1.000000" : 362496,
            "5.000000" : 407552,
            "10.000000" : 428032,
            "20.000000" : 448512,
            "30.000000" : 481280,
            "40.000000" : 514048,
            "50.000000" : 536576,
            "60.000000" : 552960,
            "70.000000" : 577536,
            "80.000000" : 593920,
            "90.000000" : 610304,
            "95.000000" : 634880,
            "99.000000" : 757760,
            "99.500000" : 1089536,
            "99.900000" : 3391488,
            "99.950000" : 3751936,
            "99.990000" : 4882432
          }
        },
        "lat_ns" : {
          "min" : 153167,
          "max" : 6527265,
          "mean" : 548372.905380,
          "stddev" : 175417.815287,
          "N" : 262144
        },
        "bw_min" : 218792,
        "bw_max" : 261624,
        "bw_agg" : 99.765067,
        "bw_mean" : 232263.000000,
        "bw_dev" : 14289.381752,
        "bw_samples" : 8,
        "iops_min" : 54696,
        "iops_max" : 65406,
        "iops_mean" : 58065.750000,
        "iops_stddev" : 3572.505873,
        "iops_samples" : 8
      },
      "write" : {
        "io_bytes" : 0,
        "io_kbytes" : 0,
        "bw_bytes" : 0,
        "bw" : 0,
        "iops" : 0.000000,
        "runtime" : 0,
        "total_ios" : 0,
        "short_ios" : 0,
        "drop_ios" : 0,
        "slat_ns" : {
          "min" : 0,
          "max" : 0,
          "mean" : 0.000000,
          "stddev" : 0.000000,
          "N" : 0
        },
        "clat_ns" : {
          "min" : 0,
          "max" : 0,
          "mean" : 0.000000,
          "stddev" : 0.000000,
          "N" : 0
        },
        "lat_ns" : {
          "min" : 0,
          "max" : 0,
          "mean" : 0.000000,
          "stddev" : 0.000000,
          "N" : 0
        },
        "bw_min" : 0,
        "bw_max" : 0,
        "bw_agg" : 0.000000,
        "bw_mean" : 0.000000,
        "bw_dev" : 0.000000,
        "bw_samples" : 0,
        "iops_min" : 0,
        "iops_max" : 0,
        "iops_mean" : 0.000000,
        "iops_stddev" : 0.000000,
        "iops_samples" : 0
      },
      "trim" : {
        "io_bytes" : 0,
        "io_kbytes" : 0,
        "bw_bytes" : 0,
        "bw" : 0,
        "iops" : 0.000000,
        "runtime" : 0,
        "total_ios" : 0,
        "short_ios" : 0,
        "drop_ios" : 0,
        "slat_ns" : {
          "min" : 0,
          "max" : 0,
          "mean" : 0.000000,
          "stddev" : 0.000000,
          "N" : 0
        },
        "clat_ns" : {
          "min" : 0,
          "max" : 0,
          "mean" : 0.000000,
          "stddev" : 0.000000,
          "N" : 0
        },
        "lat_ns" : {
          "min" : 0,
          "max" : 0,
          "mean" : 0.000000,
          "stddev" : 0.000000,
          "N" : 0
        },
        "bw_min" : 0,
        "bw_max" : 0,
        "bw_agg" : 0.000000,
        "bw_mean" : 0.000000,
        "bw_dev" : 0.000000,
        "bw_samples" : 0,
        "iops_min" : 0,
        "iops_max" : 0,
        "iops_mean" : 0.000000,
        "iops_stddev" : 0.000000,
        "iops_samples" : 0
      },
      "sync" : {
        "total_ios" : 0,
        "lat_ns" : {
          "min" : 0,
          "max" : 0,
          "mean" : 0.000000,
          "stddev" : 0.000000,
          "N" : 0
        }
      },
      "job_runtime" : 4503,
      "usr_cpu" : 18.831890,
      "sys_cpu" : 68.954031,
      "ctx" : 24649,
      "majf" : 0,
      "minf" : 88,
      "iodepth_level" : {
        "1" : 0.100000,
        "2" : 0.100000,
        "4" : 0.100000,
        "8" : 0.100000,
        "16" : 0.100000,
        "32" : 99.988174,
        ">=64" : 0.000000
      },
      "iodepth_submit" : {
        "0" : 0.000000,
        "4" : 100.000000,
        "8" : 0.000000,
        "16" : 0.000000,
        "32" : 0.000000,
        "64" : 0.000000,
        ">=64" : 0.000000
      },
      "iodepth_complete" : {
        "0" : 0.000000,
        "4" : 99.999618,
        "8" : 0.000000,
        "16" : 0.000000,
        "32" : 0.100000,
        "64" : 0.000000,
        ">=64" : 0.000000
      },
      "latency_ns" : {
        "2" : 0.000000,
        "4" : 0.000000,
        "10" : 0.000000,
        "20" : 0.000000,
        "50" : 0.000000,
        "100" : 0.000000,
        "250" : 0.000000,
        "500" : 0.000000,
        "750" : 0.000000,
        "1000" : 0.000000
      },
      "latency_us" : {
        "2" : 0.000000,
        "4" : 0.000000,
        "10" : 0.000000,
        "20" : 0.000000,
        "50" : 0.000000,
        "100" : 0.000000,
        "250" : 0.030136,
        "500" : 35.449982,
        "750" : 63.506317,
        "1000" : 0.334167
      },
      "latency_ms" : {
        "2" : 0.402451,
        "4" : 0.241852,
        "10" : 0.035095,
        "20" : 0.000000,
        "50" : 0.000000,
        "100" : 0.000000,
        "250" : 0.000000,
        "500" : 0.000000,
        "750" : 0.000000,
        "1000" : 0.000000,
        "2000" : 0.000000,
        ">=2000" : 0.000000
      },
      "latency_depth" : 32,
      "latency_target" : 0,
      "latency_percentile" : 100.000000,
      "latency_window" : 0
    }
  ],
  "disk_util" : [
    {
      "name" : "sdb",
      "read_ios" : 255607,
      "write_ios" : 290,
      "read_merges" : 3,
      "write_merges" : 1,
      "read_ticks" : 79007,
      "write_ticks" : 604,
      "in_queue" : 79611,
      "util" : 97.930574
    }
  ]
}
