{
  "fio version" : "fio-3.33",
  "timestamp" : 1747293187,
  "timestamp_ms" : 1747293187165,
  "time" : "Thu May 15 10:13:07 2025",
  "jobs" : [
    {
      "jobname" : "randread_B4_Q128_T1",
      "groupid" : 0,
      "error" : 0,
      "eta" : 0,
      "elapsed" : 5,
      "job options" : {
        "rw" : "randread",
        "name" : "randread_B4_Q128_T1",
        "bs" : "4k",
        "iodepth" : "128",
        "numjobs" : "1",
        "runtime" : "10",
        "direct" : "1",
        "ioengine" : "libaio",
        "size" : "1G",
        "filename" : "/mnt/pve/test/write"
      },
      "read" : {
        "io_bytes" : 1073741824,
        "io_kbytes" : 1048576,
        "bw_bytes" : 241833744,
        "bw" : 236165,
        "iops" : 59041.441441,
        "runtime" : 4440,
        "total_ios" : 262144,
        "short_ios" : 0,
        "drop_ios" : 0,
        "slat_ns" : {
          "min" : 2456,
          "max" : 591549,
          "mean" : 11421.585476,
          "stddev" : 10916.723636,
          "N" : 262144
        },
        "clat_ns" : {
          "min" : 243602,
          "max" : 20599892,
          "mean" : 2154255.112331,
          "stddev" : 703181.022243,
          "N" : 262144,
          "percentile" : {
            "1.000000" : 593920,
            "5.000000" : 1056768,
            "10.000000" : 1548288,
            "20.000000" : 1892352,
            "30.000000" : 2072576,
            "40.000000" : 2113536,
            "50.000000" : 2146304,
            "60.000000" : 2211840,
            "70.000000" : 2310144,
            "80.000000" : 2342912,
            "90.000000" : 2441216,
            "95.000000" : 2867200,
            "99.000000" : 4751360,
            "99.500000" : 6455296,
            "99.900000" : 9502720,
            "99.950000" : 10682368,
            "99.990000" : 14352384
          }
        },
        "lat_ns" : {
          "min" : 266953,
          "max" : 20603473,
          "mean" : 2165676.697807,
          "stddev" : 703644.560352,
          "N" : 262144
        },
        "bw_min" : 223744,
        "bw_max" : 245832,
        "bw_agg" : 99.414917,
        "bw_mean" : 234784.000000,
        "bw_dev" : 8313.861472,
        "bw_samples" : 8,
        "iops_min" : 55936,
        "iops_max" : 61458,
        "iops_mean" : 58696.000000,
        "iops_stddev" : 2078.465368,
        "iops_samples" : 8
      },
      "write" : {
        "io_bytes" : 0,
        "io_kbytes" : 0,
        "bw_bytes" : 0,
        "bw" : 0,
        "iops" : 0.000000,
        "runtime" : 0,
        "total_ios" : 0,
        "short_ios" : 0,
        "drop_ios" : 0,
        "slat_ns" : {
          "min" : 0,
          "max" : 0,
          "mean" : 0.000000,
          "stddev" : 0.000000,
          "N" : 0
        },
        "clat_ns" : {
          "min" : 0,
          "max" : 0,
          "mean" : 0.000000,
          "stddev" : 0.000000,
          "N" : 0
        },
        "lat_ns" : {
          "min" : 0,
          "max" : 0,
          "mean" : 0.000000,
          "stddev" : 0.000000,
          "N" : 0
        },
        "bw_min" : 0,
        "bw_max" : 0,
        "bw_agg" : 0.000000,
        "bw_mean" : 0.000000,
        "bw_dev" : 0.000000,
        "bw_samples" : 0,
        "iops_min" : 0,
        "iops_max" : 0,
        "iops_mean" : 0.000000,
        "iops_stddev" : 0.000000,
        "iops_samples" : 0
      },
      "trim" : {
        "io_bytes" : 0,
        "io_kbytes" : 0,
        "bw_bytes" : 0,
        "bw" : 0,
        "iops" : 0.000000,
        "runtime" : 0,
        "total_ios" : 0,
        "short_ios" : 0,
        "drop_ios" : 0,
        "slat_ns" : {
          "min" : 0,
          "max" : 0,
          "mean" : 0.000000,
          "stddev" : 0.000000,
          "N" : 0
        },
        "clat_ns" : {
          "min" : 0,
          "max" : 0,
          "mean" : 0.000000,
          "stddev" : 0.000000,
          "N" : 0
        },
        "lat_ns" : {
          "min" : 0,
          "max" : 0,
          "mean" : 0.000000,
          "stddev" : 0.000000,
          "N" : 0
        },
        "bw_min" : 0,
        "bw_max" : 0,
        "bw_agg" : 0.000000,
        "bw_mean" : 0.000000,
        "bw_dev" : 0.000000,
        "bw_samples" : 0,
        "iops_min" : 0,
        "iops_max" : 0,
        "iops_mean" : 0.000000,
        "iops_stddev" : 0.000000,
        "iops_samples" : 0
      },
      "sync" : {
        "total_ios" : 0,
        "lat_ns" : {
          "min" : 0,
          "max" : 0,
          "mean" : 0.000000,
          "stddev" : 0.000000,
          "N" : 0
        }
      },
      "job_runtime" : 4439,
      "usr_cpu" : 15.949538,
      "sys_cpu" : 66.343771,
      "ctx" : 42435,
      "majf" : 0,
      "minf" : 305,
      "iodepth_level" : {
        "1" : 0.100000,
        "2" : 0.100000,
        "4" : 0.100000,
        "8" : 0.100000,
        "16" : 0.100000,
        "32" : 0.100000,
        ">=64" : 99.975967
      },
      "iodepth_submit" : {
        "0" : 0.000000,
        "4" : 100.000000,
        "8" : 0.000000,
        "16" : 0.000000,
        "32" : 0.000000,
        "64" : 0.000000,
        ">=64" : 0.000000
      },
      "iodepth_complete" : {
        "0" : 0.000000,
        "4" : 99.999618,
        "8" : 0.000000,
        "16" : 0.000000,
        "32" : 0.000000,
        "64" : 0.000000,
        ">=64" : 0.100000
      },
      "latency_ns" : {
        "2" : 0.000000,
        "4" : 0.000000,
        "10" : 0.000000,
        "20" : 0.000000,
        "50" : 0.000000,
        "100" : 0.000000,
        "250" : 0.000000,
        "500" : 0.000000,
        "750" : 0.000000,
        "1000" : 0.000000
      },
      "latency_us" : {
        "2" : 0.000000,
        "4" : 0.000000,
        "10" : 0.000000,
        "20" : 0.000000,
        "50" : 0.000000,
        "100" : 0.000000,
        "250" : 0.010000,
        "500" : 0.371552,
        "750" : 1.902008,
        "1000" : 1.943970
      },
      "latency_ms" : {
        "2" : 21.280670,
        "4" : 73.225403,
        "10" : 1.201630,
        "20" : 0.074005,
        "50" : 0.010000,
        "100" : 0.000000,
        "250" : 0.000000,
        "500" : 0.000000,
        "750" : 0.000000,
        "1000" : 0.000000,
        "2000" : 0.000000,
        ">=2000" : 0.000000
      },
      "latency_depth" : 128,
      "latency_target" : 0,
      "latency_percentile" : 100.000000,
      "latency_window" : 0
    }
  ],
  "disk_util" : [
    {
      "name" : "sdb",
      "read_ios" : 258464,
      "write_ios" : 290,
      "read_merges" : 538,
      "write_merges" : 2,
      "read_ticks" : 188717,
      "write_ticks" : 685,
      "in_queue" : 189402,
      "util" : 97.819315
    }
  ]
}
