{
  "fio version" : "fio-3.33",
  "timestamp" : 1747293336,
  "timestamp_ms" : 1747293336858,
  "time" : "Thu May 15 10:15:36 2025",
  "jobs" : [
    {
      "jobname" : "randwrite_B8_Q128_T1",
      "groupid" : 0,
      "error" : 0,
      "eta" : 0,
      "elapsed" : 5,
      "job options" : {
        "rw" : "randwrite",
        "name" : "randwrite_B8_Q128_T1",
        "bs" : "8k",
        "iodepth" : "128",
        "numjobs" : "1",
        "runtime" : "10",
        "direct" : "1",
        "ioengine" : "libaio",
        "size" : "1G",
        "filename" : "/mnt/pve/test/write"
      },
      "read" : {
        "io_bytes" : 0,
        "io_kbytes" : 0,
        "bw_bytes" : 0,
        "bw" : 0,
        "iops" : 0.000000,
        "runtime" : 0,
        "total_ios" : 0,
        "short_ios" : 0,
        "drop_ios" : 0,
        "slat_ns" : {
          "min" : 0,
          "max" : 0,
          "mean" : 0.000000,
          "stddev" : 0.000000,
          "N" : 0
        },
        "clat_ns" : {
          "min" : 0,
          "max" : 0,
          "mean" : 0.000000,
          "stddev" : 0.000000,
          "N" : 0
        },
        "lat_ns" : {
          "min" : 0,
          "max" : 0,
          "mean" : 0.000000,
          "stddev" : 0.000000,
          "N" : 0
        },
        "bw_min" : 0,
        "bw_max" : 0,
        "bw_agg" : 0.000000,
        "bw_mean" : 0.000000,
        "bw_dev" : 0.000000,
        "bw_samples" : 0,
        "iops_min" : 0,
        "iops_max" : 0,
        "iops_mean" : 0.000000,
        "iops_stddev" : 0.000000,
        "iops_samples" : 0
      },
      "write" : {
        "io_bytes" : 1073741824,
        "io_kbytes" : 1048576,
        "bw_bytes" : 249998096,
        "bw" : 244138,
        "iops" : 30517.345751,
        "runtime" : 4295,
        "total_ios" : 131072,
        "short_ios" : 0,
        "drop_ios" : 0,
        "slat_ns" : {
          "min" : 3015,
          "max" : 848016,
          "mean" : 24677.411697,
          "stddev" : 14187.296412,
          "N" : 131072
        },
        "clat_ns" : {
          "min" : 91287,
          "max" : 21578426,
          "mean" : 4164083.658821,
          "stddev" : 887820.514286,
          "N" : 131072,
          "percentile" : {
            "1.000000" : 1662976,
            "5.000000" : 2703360,
            "10.000000" : 3162112,
            "20.000000" : 4145152,
            "30.000000" : 4227072,
            "40.000000" : 4227072,
            "50.000000" : 4292608,
            "60.000000" : 4292608,
            "70.000000" : 4292608,
            "80.000000" : 4358144,
            "90.000000" : 4423680,
            "95.000000" : 4685824,
            "99.000000" : 7307264,
            "99.500000" : 9109504,
            "99.900000" : 12255232,
            "99.950000" : 14221312,
            "99.990000" : 19005440
          }
        },
        "lat_ns" : {
          "min" : 121375,
          "max" : 21584799,
          "mean" : 4188761.070519,
          "stddev" : 888613.984203,
          "N" : 131072
        },
        "bw_min" : 240416,
        "bw_max" : 248592,
        "bw_agg" : 99.991494,
        "bw_mean" : 244118.000000,
        "bw_dev" : 2813.569568,
        "bw_samples" : 8,
        "iops_min" : 30052,
        "iops_max" : 31074,
        "iops_mean" : 30514.750000,
        "iops_stddev" : 351.696196,
        "iops_samples" : 8
      },
      "trim" : {
        "io_bytes" : 0,
        "io_kbytes" : 0,
        "bw_bytes" : 0,
        "bw" : 0,
        "iops" : 0.000000,
        "runtime" : 0,
        "total_ios" : 0,
        "short_ios" : 0,
        "drop_ios" : 0,
        "slat_ns" : {
          "min" : 0,
          "max" : 0,
          "mean" : 0.000000,
          "stddev" : 0.000000,
          "N" : 0
        },
        "clat_ns" : {
          "min" : 0,
          "max" : 0,
          "mean" : 0.000000,
          "stddev" : 0.000000,
          "N" : 0
        },
        "lat_ns" : {
          "min" : 0,
          "max" : 0,
          "mean" : 0.000000,
          "stddev" : 0.000000,
          "N" : 0
        },
        "bw_min" : 0,
        "bw_max" : 0,
        "bw_agg" : 0.000000,
        "bw_mean" : 0.000000,
        "bw_dev" : 0.000000,
        "bw_samples" : 0,
        "iops_min" : 0,
        "iops_max" : 0,
        "iops_mean" : 0.000000,
        "iops_stddev" : 0.000000,
        "iops_samples" : 0
      },
      "sync" : {
        "total_ios" : 0,
        "lat_ns" : {
          "min" : 0,
          "max" : 0,
          "mean" : 0.000000,
          "stddev" : 0.000000,
          "N" : 0
        }
      },
      "job_runtime" : 4294,
      "usr_cpu" : 15.207266,
      "sys_cpu" : 62.342804,
      "ctx" : 120138,
      "majf" : 0,
      "minf" : 294,
      "iodepth_level" : {
        "1" : 0.100000,
        "2" : 0.100000,
        "4" : 0.100000,
        "8" : 0.100000,
        "16" : 0.100000,
        "32" : 0.100000,
        ">=64" : 99.951935
      },
      "iodepth_submit" : {
        "0" : 0.000000,
        "4" : 100.000000,
        "8" : 0.000000,
        "16" : 0.000000,
        "32" : 0.000000,
        "64" : 0.000000,
        ">=64" : 0.000000
      },
      "iodepth_complete" : {
        "0" : 0.000000,
        "4" : 99.999236,
        "8" : 0.000000,
        "16" : 0.000000,
        "32" : 0.000000,
        "64" : 0.000000,
        ">=64" : 0.100000
      },
      "latency_ns" : {
        "2" : 0.000000,
        "4" : 0.000000,
        "10" : 0.000000,
        "20" : 0.000000,
        "50" : 0.000000,
        "100" : 0.000000,
        "250" : 0.000000,
        "500" : 0.000000,
        "750" : 0.000000,
        "1000" : 0.000000
      },
      "latency_us" : {
        "2" : 0.000000,
        "4" : 0.000000,
        "10" : 0.000000,
        "20" : 0.000000,
        "50" : 0.000000,
        "100" : 0.010000,
        "250" : 0.010000,
        "500" : 0.010000,
        "750" : 0.035858,
        "1000" : 0.167084
      },
      "latency_ms" : {
        "2" : 1.560211,
        "4" : 15.890503,
        "10" : 81.991577,
        "20" : 0.336456,
        "50" : 0.010000,
        "100" : 0.000000,
        "250" : 0.000000,
        "500" : 0.000000,
        "750" : 0.000000,
        "1000" : 0.000000,
        "2000" : 0.000000,
        ">=2000" : 0.000000
      },
      "latency_depth" : 128,
      "latency_target" : 0,
      "latency_percentile" : 100.000000,
      "latency_window" : 0
    }
  ],
  "disk_util" : [
    {
      "name" : "sdb",
      "read_ios" : 0,
      "write_ios" : 126489,
      "read_merges" : 0,
      "write_merges" : 49,
      "read_ticks" : 0,
      "write_ticks" : 50781,
      "in_queue" : 50781,
      "util" : 97.666195
    }
  ]
}
