{
  "fio version" : "fio-3.33",
  "timestamp" : 1747293104,
  "timestamp_ms" : 1747293104068,
  "time" : "Thu May 15 10:11:44 2025",
  "jobs" : [
    {
      "jobname" : "randwrite_B8_Q32_T1",
      "groupid" : 0,
      "error" : 0,
      "eta" : 0,
      "elapsed" : 5,
      "job options" : {
        "rw" : "randwrite",
        "name" : "randwrite_B8_Q32_T1",
        "bs" : "8k",
        "iodepth" : "32",
        "numjobs" : "1",
        "runtime" : "10",
        "direct" : "1",
        "ioengine" : "libaio",
        "size" : "1G",
        "filename" : "/mnt/pve/test/write"
      },
      "read" : {
        "io_bytes" : 0,
        "io_kbytes" : 0,
        "bw_bytes" : 0,
        "bw" : 0,
        "iops" : 0.000000,
        "runtime" : 0,
        "total_ios" : 0,
        "short_ios" : 0,
        "drop_ios" : 0,
        "slat_ns" : {
          "min" : 0,
          "max" : 0,
          "mean" : 0.000000,
          "stddev" : 0.000000,
          "N" : 0
        },
        "clat_ns" : {
          "min" : 0,
          "max" : 0,
          "mean" : 0.000000,
          "stddev" : 0.000000,
          "N" : 0
        },
        "lat_ns" : {
          "min" : 0,
          "max" : 0,
          "mean" : 0.000000,
          "stddev" : 0.000000,
          "N" : 0
        },
        "bw_min" : 0,
        "bw_max" : 0,
        "bw_agg" : 0.000000,
        "bw_mean" : 0.000000,
        "bw_dev" : 0.000000,
        "bw_samples" : 0,
        "iops_min" : 0,
        "iops_max" : 0,
        "iops_mean" : 0.000000,
        "iops_stddev" : 0.000000,
        "iops_samples" : 0
      },
      "write" : {
        "io_bytes" : 1073741824,
        "io_kbytes" : 1048576,
        "bw_bytes" : 259420590,
        "bw" : 253340,
        "iops" : 31667.552549,
        "runtime" : 4139,
        "total_ios" : 131072,
        "short_ios" : 0,
        "drop_ios" : 0,
        "slat_ns" : {
          "min" : 4230,
          "max" : 561317,
          "mean" : 22194.102257,
          "stddev" : 14364.742420,
          "N" : 131072
        },
        "clat_ns" : {
          "min" : 403559,
          "max" : 5956042,
          "mean" : 985296.076279,
          "stddev" : 264236.828910,
          "N" : 131072,
          "percentile" : {
            "1.000000" : 643072,
            "5.000000" : 716800,
            "10.000000" : 749568,
            "20.000000" : 806912,
            "30.000000" : 913408,
            "40.000000" : 1019904,
            "50.000000" : 1028096,
            "60.000000" : 1036288,
            "70.000000" : 1056768,
            "80.000000" : 1056768,
            "90.000000" : 1073152,
            "95.000000" : 1122304,
            "99.000000" : 1482752,
            "99.500000" : 1843200,
            "99.900000" : 4882432,
            "99.950000" : 5079040,
            "99.990000" : 5537792
          }
        },
        "lat_ns" : {
          "min" : 411460,
          "max" : 5968883,
          "mean" : 1007490.178535,
          "stddev" : 266871.344380,
          "N" : 131072
        },
        "bw_min" : 233104,
        "bw_max" : 309008,
        "bw_agg" : 99.218277,
        "bw_mean" : 251360.000000,
        "bw_dev" : 28044.318233,
        "bw_samples" : 8,
        "iops_min" : 29138,
        "iops_max" : 38626,
        "iops_mean" : 31420.000000,
        "iops_stddev" : 3505.539779,
        "iops_samples" : 8
      },
      "trim" : {
        "io_bytes" : 0,
        "io_kbytes" : 0,
        "bw_bytes" : 0,
        "bw" : 0,
        "iops" : 0.000000,
        "runtime" : 0,
        "total_ios" : 0,
        "short_ios" : 0,
        "drop_ios" : 0,
        "slat_ns" : {
          "min" : 0,
          "max" : 0,
          "mean" : 0.000000,
          "stddev" : 0.000000,
          "N" : 0
        },
        "clat_ns" : {
          "min" : 0,
          "max" : 0,
          "mean" : 0.000000,
          "stddev" : 0.000000,
          "N" : 0
        },
        "lat_ns" : {
          "min" : 0,
          "max" : 0,
          "mean" : 0.000000,
          "stddev" : 0.000000,
          "N" : 0
        },
        "bw_min" : 0,
        "bw_max" : 0,
        "bw_agg" : 0.000000,
        "bw_mean" : 0.000000,
        "bw_dev" : 0.000000,
        "bw_samples" : 0,
        "iops_min" : 0,
        "iops_max" : 0,
        "iops_mean" : 0.000000,
        "iops_stddev" : 0.000000,
        "iops_samples" : 0
      },
      "sync" : {
        "total_ios" : 0,
        "lat_ns" : {
          "min" : 0,
          "max" : 0,
          "mean" : 0.000000,
          "stddev" : 0.000000,
          "N" : 0
        }
      },
      "job_runtime" : 4138,
      "usr_cpu" : 14.233929,
      "sys_cpu" : 58.989850,
      "ctx" : 96910,
      "majf" : 0,
      "minf" : 21,
      "iodepth_level" : {
        "1" : 0.100000,
        "2" : 0.100000,
        "4" : 0.100000,
        "8" : 0.100000,
        "16" : 0.100000,
        "32" : 99.976349,
        ">=64" : 0.000000
      },
      "iodepth_submit" : {
        "0" : 0.000000,
        "4" : 100.000000,
        "8" : 0.000000,
        "16" : 0.000000,
        "32" : 0.000000,
        "64" : 0.000000,
        ">=64" : 0.000000
      },
      "iodepth_complete" : {
        "0" : 0.000000,
        "4" : 99.999237,
        "8" : 0.000000,
        "16" : 0.000000,
        "32" : 0.100000,
        "64" : 0.000000,
        ">=64" : 0.000000
      },
      "latency_ns" : {
        "2" : 0.000000,
        "4" : 0.000000,
        "10" : 0.000000,
        "20" : 0.000000,
        "50" : 0.000000,
        "100" : 0.000000,
        "250" : 0.000000,
        "500" : 0.000000,
        "750" : 0.000000,
        "1000" : 0.000000
      },
      "latency_us" : {
        "2" : 0.000000,
        "4" : 0.000000,
        "10" : 0.000000,
        "20" : 0.000000,
        "50" : 0.000000,
        "100" : 0.000000,
        "250" : 0.000000,
        "500" : 0.038910,
        "750" : 10.294342,
        "1000" : 23.648834
      },
      "latency_ms" : {
        "2" : 65.549469,
        "4" : 0.182343,
        "10" : 0.286102,
        "20" : 0.000000,
        "50" : 0.000000,
        "100" : 0.000000,
        "250" : 0.000000,
        "500" : 0.000000,
        "750" : 0.000000,
        "1000" : 0.000000,
        "2000" : 0.000000,
        ">=2000" : 0.000000
      },
      "latency_depth" : 32,
      "latency_target" : 0,
      "latency_percentile" : 100.000000,
      "latency_window" : 0
    }
  ],
  "disk_util" : [
    {
      "name" : "sdb",
      "read_ios" : 0,
      "write_ios" : 121763,
      "read_merges" : 0,
      "write_merges" : 14,
      "read_ticks" : 0,
      "write_ticks" : 30373,
      "in_queue" : 30373,
      "util" : 97.645880
    }
  ]
}
