{
  "fio version" : "fio-3.33",
  "timestamp" : 1747293089,
  "timestamp_ms" : 1747293089153,
  "time" : "Thu May 15 10:11:29 2025",
  "jobs" : [
    {
      "jobname" : "randread_B8_Q1_T1",
      "groupid" : 0,
      "error" : 0,
      "eta" : 0,
      "elapsed" : 11,
      "job options" : {
        "rw" : "randread",
        "name" : "randread_B8_Q1_T1",
        "bs" : "8k",
        "iodepth" : "1",
        "numjobs" : "1",
        "runtime" : "10",
        "direct" : "1",
        "ioengine" : "libaio",
        "size" : "1G",
        "filename" : "/mnt/pve/test/write"
      },
      "read" : {
        "io_bytes" : 497336320,
        "io_kbytes" : 485680,
        "bw_bytes" : 49728659,
        "bw" : 48563,
        "iops" : 6070.392961,
        "runtime" : 10001,
        "total_ios" : 60710,
        "short_ios" : 0,
        "drop_ios" : 0,
        "slat_ns" : {
          "min" : 14360,
          "max" : 446250,
          "mean" : 16124.322418,
          "stddev" : 3168.417117,
          "N" : 60710
        },
        "clat_ns" : {
          "min" : 90242,
          "max" : 4879564,
          "mean" : 146435.415072,
          "stddev" : 93115.210426,
          "N" : 60710,
          "percentile" : {
            "1.000000" : 111104,
            "5.000000" : 113152,
            "10.000000" : 123392,
            "20.000000" : 140288,
            "30.000000" : 142336,
            "40.000000" : 142336,
            "50.000000" : 142336,
            "60.000000" : 144384,
            "70.000000" : 144384,
            "80.000000" : 146432,
            "90.000000" : 152576,
            "95.000000" : 154624,
            "99.000000" : 211968,
            "99.500000" : 216064,
            "99.900000" : 1564672,
            "99.950000" : 2605056,
            "99.990000" : 3817472
          }
        },
        "lat_ns" : {
          "min" : 124148,
          "max" : 4919558,
          "mean" : 162559.737490,
          "stddev" : 93814.862871,
          "N" : 60710
        },
        "bw_min" : 48096,
        "bw_max" : 48992,
        "bw_agg" : 100.000000,
        "bw_mean" : 48599.578947,
        "bw_dev" : 273.479294,
        "bw_samples" : 19,
        "iops_min" : 6012,
        "iops_max" : 6124,
        "iops_mean" : 6074.947368,
        "iops_stddev" : 34.184912,
        "iops_samples" : 19
      },
      "write" : {
        "io_bytes" : 0,
        "io_kbytes" : 0,
        "bw_bytes" : 0,
        "bw" : 0,
        "iops" : 0.000000,
        "runtime" : 0,
        "total_ios" : 0,
        "short_ios" : 0,
        "drop_ios" : 0,
        "slat_ns" : {
          "min" : 0,
          "max" : 0,
          "mean" : 0.000000,
          "stddev" : 0.000000,
          "N" : 0
        },
        "clat_ns" : {
          "min" : 0,
          "max" : 0,
          "mean" : 0.000000,
          "stddev" : 0.000000,
          "N" : 0
        },
        "lat_ns" : {
          "min" : 0,
          "max" : 0,
          "mean" : 0.000000,
          "stddev" : 0.000000,
          "N" : 0
        },
        "bw_min" : 0,
        "bw_max" : 0,
        "bw_agg" : 0.000000,
        "bw_mean" : 0.000000,
        "bw_dev" : 0.000000,
        "bw_samples" : 0,
        "iops_min" : 0,
        "iops_max" : 0,
        "iops_mean" : 0.000000,
        "iops_stddev" : 0.000000,
        "iops_samples" : 0
      },
      "trim" : {
        "io_bytes" : 0,
        "io_kbytes" : 0,
        "bw_bytes" : 0,
        "bw" : 0,
        "iops" : 0.000000,
        "runtime" : 0,
        "total_ios" : 0,
        "short_ios" : 0,
        "drop_ios" : 0,
        "slat_ns" : {
          "min" : 0,
          "max" : 0,
          "mean" : 0.000000,
          "stddev" : 0.000000,
          "N" : 0
        },
        "clat_ns" : {
          "min" : 0,
          "max" : 0,
          "mean" : 0.000000,
          "stddev" : 0.000000,
          "N" : 0
        },
        "lat_ns" : {
          "min" : 0,
          "max" : 0,
          "mean" : 0.000000,
          "stddev" : 0.000000,
          "N" : 0
        },
        "bw_min" : 0,
        "bw_max" : 0,
        "bw_agg" : 0.000000,
        "bw_mean" : 0.000000,
        "bw_dev" : 0.000000,
        "bw_samples" : 0,
        "iops_min" : 0,
        "iops_max" : 0,
        "iops_mean" : 0.000000,
        "iops_stddev" : 0.000000,
        "iops_samples" : 0
      },
      "sync" : {
        "total_ios" : 0,
        "lat_ns" : {
          "min" : 0,
          "max" : 0,
          "mean" : 0.000000,
          "stddev" : 0.000000,
          "N" : 0
        }
      },
      "job_runtime" : 10000,
      "usr_cpu" : 4.290000,
      "sys_cpu" : 13.670000,
      "ctx" : 60711,
      "majf" : 0,
      "minf" : 21,
      "iodepth_level" : {
        "1" : 100.000000,
        "2" : 0.000000,
        "4" : 0.000000,
        "8" : 0.000000,
        "16" : 0.000000,
        "32" : 0.000000,
        ">=64" : 0.000000
      },
      "iodepth_submit" : {
        "0" : 0.000000,
        "4" : 100.000000,
        "8" : 0.000000,
        "16" : 0.000000,
        "32" : 0.000000,
        "64" : 0.000000,
        ">=64" : 0.000000
      },
      "iodepth_complete" : {
        "0" : 0.000000,
        "4" : 100.000000,
        "8" : 0.000000,
        "16" : 0.000000,
        "32" : 0.000000,
        "64" : 0.000000,
        ">=64" : 0.000000
      },
      "latency_ns" : {
        "2" : 0.000000,
        "4" : 0.000000,
        "10" : 0.000000,
        "20" : 0.000000,
        "50" : 0.000000,
        "100" : 0.000000,
        "250" : 0.000000,
        "500" : 0.000000,
        "750" : 0.000000,
        "1000" : 0.000000
      },
      "latency_us" : {
        "2" : 0.000000,
        "4" : 0.000000,
        "10" : 0.000000,
        "20" : 0.000000,
        "50" : 0.000000,
        "100" : 0.010000,
        "250" : 99.624444,
        "500" : 0.072476,
        "750" : 0.121891,
        "1000" : 0.019766
      },
      "latency_ms" : {
        "2" : 0.077417,
        "4" : 0.074123,
        "10" : 0.010000,
        "20" : 0.000000,
        "50" : 0.000000,
        "100" : 0.000000,
        "250" : 0.000000,
        "500" : 0.000000,
        "750" : 0.000000,
        "1000" : 0.000000,
        "2000" : 0.000000,
        ">=2000" : 0.000000
      },
      "latency_depth" : 1,
      "latency_target" : 0,
      "latency_percentile" : 100.000000,
      "latency_window" : 0
    }
  ],
  "disk_util" : [
    {
      "name" : "sdb",
      "read_ios" : 60042,
      "write_ios" : 642,
      "read_merges" : 0,
      "write_merges" : 1,
      "read_ticks" : 8943,
      "write_ticks" : 1151,
      "in_queue" : 10093,
      "util" : 99.068789
    }
  ]
}
