{
  "fio version" : "fio-3.33",
  "timestamp" : 1747293182,
  "timestamp_ms" : 1747293182356,
  "time" : "Thu May 15 10:13:02 2025",
  "jobs" : [
    {
      "jobname" : "randread_B8_Q128_T1",
      "groupid" : 0,
      "error" : 0,
      "eta" : 0,
      "elapsed" : 4,
      "job options" : {
        "rw" : "randread",
        "name" : "randread_B8_Q128_T1",
        "bs" : "8k",
        "iodepth" : "128",
        "numjobs" : "1",
        "runtime" : "10",
        "direct" : "1",
        "ioengine" : "libaio",
        "size" : "1G",
        "filename" : "/mnt/pve/test/write"
      },
      "read" : {
        "io_bytes" : 1073741824,
        "io_kbytes" : 1048576,
        "bw_bytes" : 332324922,
        "bw" : 324536,
        "iops" : 40567.007119,
        "runtime" : 3231,
        "total_ios" : 131072,
        "short_ios" : 0,
        "drop_ios" : 0,
        "slat_ns" : {
          "min" : 3290,
          "max" : 680580,
          "mean" : 13755.974648,
          "stddev" : 16330.636639,
          "N" : 131072
        },
        "clat_ns" : {
          "min" : 426360,
          "max" : 35158396,
          "mean" : 3137446.768158,
          "stddev" : 1599505.950320,
          "N" : 131072,
          "percentile" : {
            "1.000000" : 741376,
            "5.000000" : 1003520,
            "10.000000" : 1302528,
            "20.000000" : 1892352,
            "30.000000" : 2441216,
            "40.000000" : 2867200,
            "50.000000" : 3031040,
            "60.000000" : 3194880,
            "70.000000" : 3588096,
            "80.000000" : 4177920,
            "90.000000" : 4816896,
            "95.000000" : 5210112,
            "99.000000" : 8716288,
            "99.500000" : 10813440,
            "99.900000" : 17170432,
            "99.950000" : 20054016,
            "99.990000" : 25034752
          }
        },
        "lat_ns" : {
          "min" : 481244,
          "max" : 35166876,
          "mean" : 3151202.742806,
          "stddev" : 1599286.720302,
          "N" : 131072
        },
        "bw_min" : 320368,
        "bw_max" : 329408,
        "bw_agg" : 99.874265,
        "bw_mean" : 324128.000000,
        "bw_dev" : 3618.901491,
        "bw_samples" : 6,
        "iops_min" : 40046,
        "iops_max" : 41176,
        "iops_mean" : 40516.000000,
        "iops_stddev" : 452.362686,
        "iops_samples" : 6
      },
      "write" : {
        "io_bytes" : 0,
        "io_kbytes" : 0,
        "bw_bytes" : 0,
        "bw" : 0,
        "iops" : 0.000000,
        "runtime" : 0,
        "total_ios" : 0,
        "short_ios" : 0,
        "drop_ios" : 0,
        "slat_ns" : {
          "min" : 0,
          "max" : 0,
          "mean" : 0.000000,
          "stddev" : 0.000000,
          "N" : 0
        },
        "clat_ns" : {
          "min" : 0,
          "max" : 0,
          "mean" : 0.000000,
          "stddev" : 0.000000,
          "N" : 0
        },
        "lat_ns" : {
          "min" : 0,
          "max" : 0,
          "mean" : 0.000000,
          "stddev" : 0.000000,
          "N" : 0
        },
        "bw_min" : 0,
        "bw_max" : 0,
        "bw_agg" : 0.000000,
        "bw_mean" : 0.000000,
        "bw_dev" : 0.000000,
        "bw_samples" : 0,
        "iops_min" : 0,
        "iops_max" : 0,
        "iops_mean" : 0.000000,
        "iops_stddev" : 0.000000,
        "iops_samples" : 0
      },
      "trim" : {
        "io_bytes" : 0,
        "io_kbytes" : 0,
        "bw_bytes" : 0,
        "bw" : 0,
        "iops" : 0.000000,
        "runtime" : 0,
        "total_ios" : 0,
        "short_ios" : 0,
        "drop_ios" : 0,
        "slat_ns" : {
          "min" : 0,
          "max" : 0,
          "mean" : 0.000000,
          "stddev" : 0.000000,
          "N" : 0
        },
        "clat_ns" : {
          "min" : 0,
          "max" : 0,
          "mean" : 0.000000,
          "stddev" : 0.000000,
          "N" : 0
        },
        "lat_ns" : {
          "min" : 0,
          "max" : 0,
          "mean" : 0.000000,
          "stddev" : 0.000000,
          "N" : 0
        },
        "bw_min" : 0,
        "bw_max" : 0,
        "bw_agg" : 0.000000,
        "bw_mean" : 0.000000,
        "bw_dev" : 0.000000,
        "bw_samples" : 0,
        "iops_min" : 0,
        "iops_max" : 0,
        "iops_mean" : 0.000000,
        "iops_stddev" : 0.000000,
        "iops_samples" : 0
      },
      "sync" : {
        "total_ios" : 0,
        "lat_ns" : {
          "min" : 0,
          "max" : 0,
          "mean" : 0.000000,
          "stddev" : 0.000000,
          "N" : 0
        }
      },
      "job_runtime" : 3230,
      "usr_cpu" : 16.006192,
      "sys_cpu" : 53.126935,
      "ctx" : 28505,
      "majf" : 0,
      "minf" : 273,
      "iodepth_level" : {
        "1" : 0.100000,
        "2" : 0.100000,
        "4" : 0.100000,
        "8" : 0.100000,
        "16" : 0.100000,
        "32" : 0.100000,
        ">=64" : 99.951935
      },
      "iodepth_submit" : {
        "0" : 0.000000,
        "4" : 100.000000,
        "8" : 0.000000,
        "16" : 0.000000,
        "32" : 0.000000,
        "64" : 0.000000,
        ">=64" : 0.000000
      },
      "iodepth_complete" : {
        "0" : 0.000000,
        "4" : 99.999236,
        "8" : 0.000000,
        "16" : 0.000000,
        "32" : 0.000000,
        "64" : 0.000000,
        ">=64" : 0.100000
      },
      "latency_ns" : {
        "2" : 0.000000,
        "4" : 0.000000,
        "10" : 0.000000,
        "20" : 0.000000,
        "50" : 0.000000,
        "100" : 0.000000,
        "250" : 0.000000,
        "500" : 0.000000,
        "750" : 0.000000,
        "1000" : 0.000000
      },
      "latency_us" : {
        "2" : 0.000000,
        "4" : 0.000000,
        "10" : 0.000000,
        "20" : 0.000000,
        "50" : 0.000000,
        "100" : 0.000000,
        "250" : 0.000000,
        "500" : 0.010000,
        "750" : 1.136017,
        "1000" : 3.771210
      },
      "latency_ms" : {
        "2" : 17.155457,
        "4" : 55.172729,
        "10" : 22.162628,
        "20" : 0.545502,
        "50" : 0.048828,
        "100" : 0.000000,
        "250" : 0.000000,
        "500" : 0.000000,
        "750" : 0.000000,
        "1000" : 0.000000,
        "2000" : 0.000000,
        ">=2000" : 0.000000
      },
      "latency_depth" : 128,
      "latency_target" : 0,
      "latency_percentile" : 100.000000,
      "latency_window" : 0
    }
  ],
  "disk_util" : [
    {
      "name" : "sdb",
      "read_ios" : 126246,
      "write_ios" : 224,
      "read_merges" : 1100,
      "write_merges" : 0,
      "read_ticks" : 320871,
      "write_ticks" : 664,
      "in_queue" : 321535,
      "util" : 97.103236
    }
  ]
}
