{
  "fio version" : "fio-3.33",
  "timestamp" : 1747293221,
  "timestamp_ms" : 1747293221085,
  "time" : "Thu May 15 10:13:41 2025",
  "jobs" : [
    {
      "jobname" : "randwrite_B4_Q1_T1",
      "groupid" : 0,
      "error" : 0,
      "eta" : 0,
      "elapsed" : 11,
      "job options" : {
        "rw" : "randwrite",
        "name" : "randwrite_B4_Q1_T1",
        "bs" : "4k",
        "iodepth" : "1",
        "numjobs" : "1",
        "runtime" : "10",
        "direct" : "1",
        "ioengine" : "libaio",
        "size" : "1G",
        "filename" : "/mnt/pve/test/write"
      },
      "read" : {
        "io_bytes" : 0,
        "io_kbytes" : 0,
        "bw_bytes" : 0,
        "bw" : 0,
        "iops" : 0.000000,
        "runtime" : 0,
        "total_ios" : 0,
        "short_ios" : 0,
        "drop_ios" : 0,
        "slat_ns" : {
          "min" : 0,
          "max" : 0,
          "mean" : 0.000000,
          "stddev" : 0.000000,
          "N" : 0
        },
        "clat_ns" : {
          "min" : 0,
          "max" : 0,
          "mean" : 0.000000,
          "stddev" : 0.000000,
          "N" : 0
        },
        "lat_ns" : {
          "min" : 0,
          "max" : 0,
          "mean" : 0.000000,
          "stddev" : 0.000000,
          "N" : 0
        },
        "bw_min" : 0,
        "bw_max" : 0,
        "bw_agg" : 0.000000,
        "bw_mean" : 0.000000,
        "bw_dev" : 0.000000,
        "bw_samples" : 0,
        "iops_min" : 0,
        "iops_max" : 0,
        "iops_mean" : 0.000000,
        "iops_stddev" : 0.000000,
        "iops_samples" : 0
      },
      "write" : {
        "io_bytes" : 568123392,
        "io_kbytes" : 554808,
        "bw_bytes" : 56806658,
        "bw" : 55475,
        "iops" : 13868.813119,
        "runtime" : 10001,
        "total_ios" : 138702,
        "short_ios" : 0,
        "drop_ios" : 0,
        "slat_ns" : {
          "min" : 15942,
          "max" : 532417,
          "mean" : 18285.626595,
          "stddev" : 6812.034074,
          "N" : 138702
        },
        "clat_ns" : {
          "min" : 4909,
          "max" : 4117257,
          "mean" : 50723.238958,
          "stddev" : 60269.525469,
          "N" : 138702,
          "percentile" : {
            "1.000000" : 47360,
            "5.000000" : 47872,
            "10.000000" : 47872,
            "20.000000" : 48384,
            "30.000000" : 48384,
            "40.000000" : 48384,
            "50.000000" : 48896,
            "60.000000" : 48896,
            "70.000000" : 48896,
            "80.000000" : 49408,
            "90.000000" : 49920,
            "95.000000" : 50944,
            "99.000000" : 60160,
            "99.500000" : 79360,
            "99.900000" : 160768,
            "99.950000" : 552960,
            "99.990000" : 3588096
          }
        },
        "lat_ns" : {
          "min" : 63151,
          "max" : 4135605,
          "mean" : 69008.865553,
          "stddev" : 60725.134053,
          "N" : 138702
        },
        "bw_min" : 52016,
        "bw_max" : 56152,
        "bw_agg" : 100.000000,
        "bw_mean" : 55527.578947,
        "bw_dev" : 866.139219,
        "bw_samples" : 19,
        "iops_min" : 13004,
        "iops_max" : 14038,
        "iops_mean" : 13881.894737,
        "iops_stddev" : 216.534805,
        "iops_samples" : 19
      },
      "trim" : {
        "io_bytes" : 0,
        "io_kbytes" : 0,
        "bw_bytes" : 0,
        "bw" : 0,
        "iops" : 0.000000,
        "runtime" : 0,
        "total_ios" : 0,
        "short_ios" : 0,
        "drop_ios" : 0,
        "slat_ns" : {
          "min" : 0,
          "max" : 0,
          "mean" : 0.000000,
          "stddev" : 0.000000,
          "N" : 0
        },
        "clat_ns" : {
          "min" : 0,
          "max" : 0,
          "mean" : 0.000000,
          "stddev" : 0.000000,
          "N" : 0
        },
        "lat_ns" : {
          "min" : 0,
          "max" : 0,
          "mean" : 0.000000,
          "stddev" : 0.000000,
          "N" : 0
        },
        "bw_min" : 0,
        "bw_max" : 0,
        "bw_agg" : 0.000000,
        "bw_mean" : 0.000000,
        "bw_dev" : 0.000000,
        "bw_samples" : 0,
        "iops_min" : 0,
        "iops_max" : 0,
        "iops_mean" : 0.000000,
        "iops_stddev" : 0.000000,
        "iops_samples" : 0
      },
      "sync" : {
        "total_ios" : 0,
        "lat_ns" : {
          "min" : 0,
          "max" : 0,
          "mean" : 0.000000,
          "stddev" : 0.000000,
          "N" : 0
        }
      },
      "job_runtime" : 10000,
      "usr_cpu" : 10.860000,
      "sys_cpu" : 28.050000,
      "ctx" : 138701,
      "majf" : 0,
      "minf" : 21,
      "iodepth_level" : {
        "1" : 100.000000,
        "2" : 0.000000,
        "4" : 0.000000,
        "8" : 0.000000,
        "16" : 0.000000,
        "32" : 0.000000,
        ">=64" : 0.000000
      },
      "iodepth_submit" : {
        "0" : 0.000000,
        "4" : 100.000000,
        "8" : 0.000000,
        "16" : 0.000000,
        "32" : 0.000000,
        "64" : 0.000000,
        ">=64" : 0.000000
      },
      "iodepth_complete" : {
        "0" : 0.000000,
        "4" : 100.000000,
        "8" : 0.000000,
        "16" : 0.000000,
        "32" : 0.000000,
        "64" : 0.000000,
        ">=64" : 0.000000
      },
      "latency_ns" : {
        "2" : 0.000000,
        "4" : 0.000000,
        "10" : 0.000000,
        "20" : 0.000000,
        "50" : 0.000000,
        "100" : 0.000000,
        "250" : 0.000000,
        "500" : 0.000000,
        "750" : 0.000000,
        "1000" : 0.000000
      },
      "latency_us" : {
        "2" : 0.000000,
        "4" : 0.000000,
        "10" : 0.010000,
        "20" : 0.010000,
        "50" : 90.787444,
        "100" : 8.776369,
        "250" : 0.334530,
        "500" : 0.040374,
        "750" : 0.010000,
        "1000" : 0.010000
      },
      "latency_ms" : {
        "2" : 0.015140,
        "4" : 0.025955,
        "10" : 0.010000,
        "20" : 0.000000,
        "50" : 0.000000,
        "100" : 0.000000,
        "250" : 0.000000,
        "500" : 0.000000,
        "750" : 0.000000,
        "1000" : 0.000000,
        "2000" : 0.000000,
        ">=2000" : 0.000000
      },
      "latency_depth" : 1,
      "latency_target" : 0,
      "latency_percentile" : 100.000000,
      "latency_window" : 0
    }
  ],
  "disk_util" : [
    {
      "name" : "sdb",
      "read_ios" : 0,
      "write_ios" : 137854,
      "read_merges" : 0,
      "write_merges" : 5,
      "read_ticks" : 0,
      "write_ticks" : 8065,
      "in_queue" : 8065,
      "util" : 99.108931
    }
  ]
}
