{
  "fio version" : "fio-3.33",
  "timestamp" : 1747293463,
  "timestamp_ms" : 1747293463944,
  "time" : "Thu May 15 10:17:43 2025",
  "jobs" : [
    {
      "jobname" : "read_B4096_Q128_T1",
      "groupid" : 0,
      "error" : 0,
      "eta" : 0,
      "elapsed" : 3,
      "job options" : {
        "rw" : "read",
        "name" : "read_B4096_Q128_T1",
        "bs" : "4096k",
        "iodepth" : "128",
        "numjobs" : "1",
        "runtime" : "10",
        "direct" : "1",
        "ioengine" : "libaio",
        "size" : "1G",
        "filename" : "/mnt/pve/test/write"
      },
      "read" : {
        "io_bytes" : 1073741824,
        "io_kbytes" : 1048576,
        "bw_bytes" : 511793052,
        "bw" : 499797,
        "iops" : 122.020972,
        "runtime" : 2098,
        "total_ios" : 256,
        "short_ios" : 0,
        "drop_ios" : 0,
        "slat_ns" : {
          "min" : 3527503,
          "max" : 11398432,
          "mean" : 7934026.628906,
          "stddev" : 1197453.711856,
          "N" : 256
        },
        "clat_ns" : {
          "min" : 64280192,
          "max" : 1086650338,
          "mean" : 806846312.839844,
          "stddev" : 311957004.172040,
          "N" : 256,
          "percentile" : {
            "1.000000" : 81264640,
            "5.000000" : 162529280,
            "10.000000" : 265289728,
            "20.000000" : 480247808,
            "30.000000" : 675282944,
            "40.000000" : 893386752,
            "50.000000" : 1019215872,
            "60.000000" : 1035993088,
            "70.000000" : 1035993088,
            "80.000000" : 1035993088,
            "90.000000" : 1044381696,
            "95.000000" : 1044381696,
            "99.000000" : 1069547520,
            "99.500000" : 1082130432,
            "99.900000" : 1082130432,
            "99.950000" : 1082130432,
            "99.990000" : 1082130432
          }
        },
        "lat_ns" : {
          "min" : 72424163,
          "max" : 1095139638,
          "mean" : 814780339.468750,
          "stddev" : 311852835.383437,
          "N" : 256
        },
        "bw_min" : 8192,
        "bw_max" : 507904,
        "bw_agg" : 68.294204,
        "bw_mean" : 341333.333333,
        "bw_dev" : 288508.857717,
        "bw_samples" : 3,
        "iops_min" : 2,
        "iops_max" : 124,
        "iops_mean" : 83.333333,
        "iops_stddev" : 70.436733,
        "iops_samples" : 3
      },
      "write" : {
        "io_bytes" : 0,
        "io_kbytes" : 0,
        "bw_bytes" : 0,
        "bw" : 0,
        "iops" : 0.000000,
        "runtime" : 0,
        "total_ios" : 0,
        "short_ios" : 0,
        "drop_ios" : 0,
        "slat_ns" : {
          "min" : 0,
          "max" : 0,
          "mean" : 0.000000,
          "stddev" : 0.000000,
          "N" : 0
        },
        "clat_ns" : {
          "min" : 0,
          "max" : 0,
          "mean" : 0.000000,
          "stddev" : 0.000000,
          "N" : 0
        },
        "lat_ns" : {
          "min" : 0,
          "max" : 0,
          "mean" : 0.000000,
          "stddev" : 0.000000,
          "N" : 0
        },
        "bw_min" : 0,
        "bw_max" : 0,
        "bw_agg" : 0.000000,
        "bw_mean" : 0.000000,
        "bw_dev" : 0.000000,
        "bw_samples" : 0,
        "iops_min" : 0,
        "iops_max" : 0,
        "iops_mean" : 0.000000,
        "iops_stddev" : 0.000000,
        "iops_samples" : 0
      },
      "trim" : {
        "io_bytes" : 0,
        "io_kbytes" : 0,
        "bw_bytes" : 0,
        "bw" : 0,
        "iops" : 0.000000,
        "runtime" : 0,
        "total_ios" : 0,
        "short_ios" : 0,
        "drop_ios" : 0,
        "slat_ns" : {
          "min" : 0,
          "max" : 0,
          "mean" : 0.000000,
          "stddev" : 0.000000,
          "N" : 0
        },
        "clat_ns" : {
          "min" : 0,
          "max" : 0,
          "mean" : 0.000000,
          "stddev" : 0.000000,
          "N" : 0
        },
        "lat_ns" : {
          "min" : 0,
          "max" : 0,
          "mean" : 0.000000,
          "stddev" : 0.000000,
          "N" : 0
        },
        "bw_min" : 0,
        "bw_max" : 0,
        "bw_agg" : 0.000000,
        "bw_mean" : 0.000000,
        "bw_dev" : 0.000000,
        "bw_samples" : 0,
        "iops_min" : 0,
        "iops_max" : 0,
        "iops_mean" : 0.000000,
        "iops_stddev" : 0.000000,
        "iops_samples" : 0
      },
      "sync" : {
        "total_ios" : 0,
        "lat_ns" : {
          "min" : 0,
          "max" : 0,
          "mean" : 0.000000,
          "stddev" : 0.000000,
          "N" : 0
        }
      },
      "job_runtime" : 2097,
      "usr_cpu" : 0.143062,
      "sys_cpu" : 25.131140,
      "ctx" : 1060,
      "majf" : 0,
      "minf" : 131083,
      "iodepth_level" : {
        "1" : 0.390625,
        "2" : 0.781250,
        "4" : 1.562500,
        "8" : 3.125000,
        "16" : 6.250000,
        "32" : 12.500000,
        ">=64" : 75.390625
      },
      "iodepth_submit" : {
        "0" : 0.000000,
        "4" : 100.000000,
        "8" : 0.000000,
        "16" : 0.000000,
        "32" : 0.000000,
        "64" : 0.000000,
        ">=64" : 0.000000
      },
      "iodepth_complete" : {
        "0" : 0.000000,
        "4" : 99.230769,
        "8" : 0.000000,
        "16" : 0.000000,
        "32" : 0.000000,
        "64" : 0.000000,
        ">=64" : 0.769231
      },
      "latency_ns" : {
        "2" : 0.000000,
        "4" : 0.000000,
        "10" : 0.000000,
        "20" : 0.000000,
        "50" : 0.000000,
        "100" : 0.000000,
        "250" : 0.000000,
        "500" : 0.000000,
        "750" : 0.000000,
        "1000" : 0.000000
      },
      "latency_us" : {
        "2" : 0.000000,
        "4" : 0.000000,
        "10" : 0.000000,
        "20" : 0.000000,
        "50" : 0.000000,
        "100" : 0.000000,
        "250" : 0.000000,
        "500" : 0.000000,
        "750" : 0.000000,
        "1000" : 0.000000
      },
      "latency_ms" : {
        "2" : 0.000000,
        "4" : 0.000000,
        "10" : 0.000000,
        "20" : 0.000000,
        "50" : 0.000000,
        "100" : 1.953125,
        "250" : 7.421875,
        "500" : 11.718750,
        "750" : 12.109375,
        "1000" : 13.281250,
        "2000" : 53.515625,
        ">=2000" : 0.000000
      },
      "latency_depth" : 128,
      "latency_target" : 0,
      "latency_percentile" : 100.000000,
      "latency_window" : 0
    }
  ],
  "disk_util" : [
    {
      "name" : "sdb",
      "read_ios" : 7407,
      "write_ios" : 80,
      "read_merges" : 10,
      "write_merges" : 0,
      "read_ticks" : 458231,
      "write_ticks" : 1089,
      "in_queue" : 459320,
      "util" : 94.784353
    }
  ]
}
