{
  "fio version" : "fio-3.33",
  "timestamp" : 1747293369,
  "timestamp_ms" : 1747293369085,
  "time" : "Thu May 15 10:16:09 2025",
  "jobs" : [
    {
      "jobname" : "read_B4_Q1_T1",
      "groupid" : 0,
      "error" : 0,
      "eta" : 0,
      "elapsed" : 11,
      "job options" : {
        "rw" : "read",
        "name" : "read_B4_Q1_T1",
        "bs" : "4k",
        "iodepth" : "1",
        "numjobs" : "1",
        "runtime" : "10",
        "direct" : "1",
        "ioengine" : "libaio",
        "size" : "1G",
        "filename" : "/mnt/pve/test/write"
      },
      "read" : {
        "io_bytes" : 272216064,
        "io_kbytes" : 265836,
        "bw_bytes" : 27218884,
        "bw" : 26580,
        "iops" : 6645.235476,
        "runtime" : 10001,
        "total_ios" : 66459,
        "short_ios" : 0,
        "drop_ios" : 0,
        "slat_ns" : {
          "min" : 13456,
          "max" : 467695,
          "mean" : 15121.989302,
          "stddev" : 4755.086981,
          "N" : 66459
        },
        "clat_ns" : {
          "min" : 4262,
          "max" : 4654646,
          "mean" : 133577.758061,
          "stddev" : 85350.901005,
          "N" : 66459,
          "percentile" : {
            "1.000000" : 100864,
            "5.000000" : 100864,
            "10.000000" : 101888,
            "20.000000" : 102912,
            "30.000000" : 105984,
            "40.000000" : 132096,
            "50.000000" : 132096,
            "60.000000" : 134144,
            "70.000000" : 134144,
            "80.000000" : 136192,
            "90.000000" : 138240,
            "95.000000" : 205824,
            "99.000000" : 259072,
            "99.500000" : 264192,
            "99.900000" : 1351680,
            "99.950000" : 2441216,
            "99.990000" : 3555328
          }
        },
        "lat_ns" : {
          "min" : 113208,
          "max" : 4692377,
          "mean" : 148699.747363,
          "stddev" : 86133.299921,
          "N" : 66459
        },
        "bw_min" : 15344,
        "bw_max" : 28192,
        "bw_agg" : 99.857261,
        "bw_mean" : 26543.157895,
        "bw_dev" : 3971.690841,
        "bw_samples" : 19,
        "iops_min" : 3836,
        "iops_max" : 7048,
        "iops_mean" : 6635.789474,
        "iops_stddev" : 992.922710,
        "iops_samples" : 19
      },
      "write" : {
        "io_bytes" : 0,
        "io_kbytes" : 0,
        "bw_bytes" : 0,
        "bw" : 0,
        "iops" : 0.000000,
        "runtime" : 0,
        "total_ios" : 0,
        "short_ios" : 0,
        "drop_ios" : 0,
        "slat_ns" : {
          "min" : 0,
          "max" : 0,
          "mean" : 0.000000,
          "stddev" : 0.000000,
          "N" : 0
        },
        "clat_ns" : {
          "min" : 0,
          "max" : 0,
          "mean" : 0.000000,
          "stddev" : 0.000000,
          "N" : 0
        },
        "lat_ns" : {
          "min" : 0,
          "max" : 0,
          "mean" : 0.000000,
          "stddev" : 0.000000,
          "N" : 0
        },
        "bw_min" : 0,
        "bw_max" : 0,
        "bw_agg" : 0.000000,
        "bw_mean" : 0.000000,
        "bw_dev" : 0.000000,
        "bw_samples" : 0,
        "iops_min" : 0,
        "iops_max" : 0,
        "iops_mean" : 0.000000,
        "iops_stddev" : 0.000000,
        "iops_samples" : 0
      },
      "trim" : {
        "io_bytes" : 0,
        "io_kbytes" : 0,
        "bw_bytes" : 0,
        "bw" : 0,
        "iops" : 0.000000,
        "runtime" : 0,
        "total_ios" : 0,
        "short_ios" : 0,
        "drop_ios" : 0,
        "slat_ns" : {
          "min" : 0,
          "max" : 0,
          "mean" : 0.000000,
          "stddev" : 0.000000,
          "N" : 0
        },
        "clat_ns" : {
          "min" : 0,
          "max" : 0,
          "mean" : 0.000000,
          "stddev" : 0.000000,
          "N" : 0
        },
        "lat_ns" : {
          "min" : 0,
          "max" : 0,
          "mean" : 0.000000,
          "stddev" : 0.000000,
          "N" : 0
        },
        "bw_min" : 0,
        "bw_max" : 0,
        "bw_agg" : 0.000000,
        "bw_mean" : 0.000000,
        "bw_dev" : 0.000000,
        "bw_samples" : 0,
        "iops_min" : 0,
        "iops_max" : 0,
        "iops_mean" : 0.000000,
        "iops_stddev" : 0.000000,
        "iops_samples" : 0
      },
      "sync" : {
        "total_ios" : 0,
        "lat_ns" : {
          "min" : 0,
          "max" : 0,
          "mean" : 0.000000,
          "stddev" : 0.000000,
          "N" : 0
        }
      },
      "job_runtime" : 10000,
      "usr_cpu" : 4.400000,
      "sys_cpu" : 14.110000,
      "ctx" : 66458,
      "majf" : 0,
      "minf" : 13,
      "iodepth_level" : {
        "1" : 100.000000,
        "2" : 0.000000,
        "4" : 0.000000,
        "8" : 0.000000,
        "16" : 0.000000,
        "32" : 0.000000,
        ">=64" : 0.000000
      },
      "iodepth_submit" : {
        "0" : 0.000000,
        "4" : 100.000000,
        "8" : 0.000000,
        "16" : 0.000000,
        "32" : 0.000000,
        "64" : 0.000000,
        ">=64" : 0.000000
      },
      "iodepth_complete" : {
        "0" : 0.000000,
        "4" : 100.000000,
        "8" : 0.000000,
        "16" : 0.000000,
        "32" : 0.000000,
        "64" : 0.000000,
        ">=64" : 0.000000
      },
      "latency_ns" : {
        "2" : 0.000000,
        "4" : 0.000000,
        "10" : 0.000000,
        "20" : 0.000000,
        "50" : 0.000000,
        "100" : 0.000000,
        "250" : 0.000000,
        "500" : 0.000000,
        "750" : 0.000000,
        "1000" : 0.000000
      },
      "latency_us" : {
        "2" : 0.000000,
        "4" : 0.000000,
        "10" : 0.010000,
        "20" : 0.010000,
        "50" : 0.000000,
        "100" : 0.404761,
        "250" : 96.971065,
        "500" : 2.413518,
        "750" : 0.085767,
        "1000" : 0.010000
      },
      "latency_ms" : {
        "2" : 0.058683,
        "4" : 0.055673,
        "10" : 0.010000,
        "20" : 0.000000,
        "50" : 0.000000,
        "100" : 0.000000,
        "250" : 0.000000,
        "500" : 0.000000,
        "750" : 0.000000,
        "1000" : 0.000000,
        "2000" : 0.000000,
        ">=2000" : 0.000000
      },
      "latency_depth" : 1,
      "latency_target" : 0,
      "latency_percentile" : 100.000000,
      "latency_window" : 0
    }
  ],
  "disk_util" : [
    {
      "name" : "sdb",
      "read_ios" : 65715,
      "write_ios" : 660,
      "read_merges" : 0,
      "write_merges" : 3,
      "read_ticks" : 8930,
      "write_ticks" : 1125,
      "in_queue" : 10054,
      "util" : 99.119119
    }
  ]
}
