{
  "fio version" : "fio-3.33",
  "timestamp" : 1747293230,
  "timestamp_ms" : 1747293230838,
  "time" : "Thu May 15 10:13:50 2025",
  "jobs" : [
    {
      "jobname" : "write_B4_Q128_T1",
      "groupid" : 0,
      "error" : 0,
      "eta" : 0,
      "elapsed" : 6,
      "job options" : {
        "rw" : "write",
        "name" : "write_B4_Q128_T1",
        "bs" : "4k",
        "iodepth" : "128",
        "numjobs" : "1",
        "runtime" : "10",
        "direct" : "1",
        "ioengine" : "libaio",
        "size" : "1G",
        "filename" : "/mnt/pve/test/write"
      },
      "read" : {
        "io_bytes" : 0,
        "io_kbytes" : 0,
        "bw_bytes" : 0,
        "bw" : 0,
        "iops" : 0.000000,
        "runtime" : 0,
        "total_ios" : 0,
        "short_ios" : 0,
        "drop_ios" : 0,
        "slat_ns" : {
          "min" : 0,
          "max" : 0,
          "mean" : 0.000000,
          "stddev" : 0.000000,
          "N" : 0
        },
        "clat_ns" : {
          "min" : 0,
          "max" : 0,
          "mean" : 0.000000,
          "stddev" : 0.000000,
          "N" : 0
        },
        "lat_ns" : {
          "min" : 0,
          "max" : 0,
          "mean" : 0.000000,
          "stddev" : 0.000000,
          "N" : 0
        },
        "bw_min" : 0,
        "bw_max" : 0,
        "bw_agg" : 0.000000,
        "bw_mean" : 0.000000,
        "bw_dev" : 0.000000,
        "bw_samples" : 0,
        "iops_min" : 0,
        "iops_max" : 0,
        "iops_mean" : 0.000000,
        "iops_stddev" : 0.000000,
        "iops_samples" : 0
      },
      "write" : {
        "io_bytes" : 1073741824,
        "io_kbytes" : 1048576,
        "bw_bytes" : 183388868,
        "bw" : 179090,
        "iops" : 44772.672929,
        "runtime" : 5855,
        "total_ios" : 262144,
        "short_ios" : 0,
        "drop_ios" : 0,
        "slat_ns" : {
          "min" : 2680,
          "max" : 810924,
          "mean" : 15420.254936,
          "stddev" : 13519.271541,
          "N" : 262144
        },
        "clat_ns" : {
          "min" : 648645,
          "max" : 7328872,
          "mean" : 2840850.426201,
          "stddev" : 1316953.167208,
          "N" : 262144,
          "percentile" : {
            "1.000000" : 1122304,
            "5.000000" : 1253376,
            "10.000000" : 1286144,
            "20.000000" : 1318912,
            "30.000000" : 1400832,
            "40.000000" : 2342912,
            "50.000000" : 2703360,
            "60.000000" : 3457024,
            "70.000000" : 4227072,
            "80.000000" : 4292608,
            "90.000000" : 4423680,
            "95.000000" : 4489216,
            "99.000000" : 4882432,
            "99.500000" : 5406720,
            "99.900000" : 6193152,
            "99.950000" : 6586368,
            "99.990000" : 7045120
          }
        },
        "lat_ns" : {
          "min" : 657769,
          "max" : 7334879,
          "mean" : 2856270.681137,
          "stddev" : 1324633.709738,
          "N" : 262144
        },
        "bw_min" : 122424,
        "bw_max" : 291992,
        "bw_agg" : 100.000000,
        "bw_mean" : 182078.545455,
        "bw_dev" : 49952.578449,
        "bw_samples" : 11,
        "iops_min" : 30606,
        "iops_max" : 72998,
        "iops_mean" : 45519.636364,
        "iops_stddev" : 12488.144612,
        "iops_samples" : 11
      },
      "trim" : {
        "io_bytes" : 0,
        "io_kbytes" : 0,
        "bw_bytes" : 0,
        "bw" : 0,
        "iops" : 0.000000,
        "runtime" : 0,
        "total_ios" : 0,
        "short_ios" : 0,
        "drop_ios" : 0,
        "slat_ns" : {
          "min" : 0,
          "max" : 0,
          "mean" : 0.000000,
          "stddev" : 0.000000,
          "N" : 0
        },
        "clat_ns" : {
          "min" : 0,
          "max" : 0,
          "mean" : 0.000000,
          "stddev" : 0.000000,
          "N" : 0
        },
        "lat_ns" : {
          "min" : 0,
          "max" : 0,
          "mean" : 0.000000,
          "stddev" : 0.000000,
          "N" : 0
        },
        "bw_min" : 0,
        "bw_max" : 0,
        "bw_agg" : 0.000000,
        "bw_mean" : 0.000000,
        "bw_dev" : 0.000000,
        "bw_samples" : 0,
        "iops_min" : 0,
        "iops_max" : 0,
        "iops_mean" : 0.000000,
        "iops_stddev" : 0.000000,
        "iops_samples" : 0
      },
      "sync" : {
        "total_ios" : 0,
        "lat_ns" : {
          "min" : 0,
          "max" : 0,
          "mean" : 0.000000,
          "stddev" : 0.000000,
          "N" : 0
        }
      },
      "job_runtime" : 5854,
      "usr_cpu" : 15.322856,
      "sys_cpu" : 61.735565,
      "ctx" : 130505,
      "majf" : 0,
      "minf" : 98,
      "iodepth_level" : {
        "1" : 0.100000,
        "2" : 0.100000,
        "4" : 0.100000,
        "8" : 0.100000,
        "16" : 0.100000,
        "32" : 0.100000,
        ">=64" : 99.975967
      },
      "iodepth_submit" : {
        "0" : 0.000000,
        "4" : 100.000000,
        "8" : 0.000000,
        "16" : 0.000000,
        "32" : 0.000000,
        "64" : 0.000000,
        ">=64" : 0.000000
      },
      "iodepth_complete" : {
        "0" : 0.000000,
        "4" : 99.999618,
        "8" : 0.000000,
        "16" : 0.000000,
        "32" : 0.000000,
        "64" : 0.000000,
        ">=64" : 0.100000
      },
      "latency_ns" : {
        "2" : 0.000000,
        "4" : 0.000000,
        "10" : 0.000000,
        "20" : 0.000000,
        "50" : 0.000000,
        "100" : 0.000000,
        "250" : 0.000000,
        "500" : 0.000000,
        "750" : 0.000000,
        "1000" : 0.000000
      },
      "latency_us" : {
        "2" : 0.000000,
        "4" : 0.000000,
        "10" : 0.000000,
        "20" : 0.000000,
        "50" : 0.000000,
        "100" : 0.000000,
        "250" : 0.000000,
        "500" : 0.000000,
        "750" : 0.010000,
        "1000" : 0.207520
      },
      "latency_ms" : {
        "2" : 36.167908,
        "4" : 29.608917,
        "10" : 34.015274,
        "20" : 0.000000,
        "50" : 0.000000,
        "100" : 0.000000,
        "250" : 0.000000,
        "500" : 0.000000,
        "750" : 0.000000,
        "1000" : 0.000000,
        "2000" : 0.000000,
        ">=2000" : 0.000000
      },
      "latency_depth" : 128,
      "latency_target" : 0,
      "latency_percentile" : 100.000000,
      "latency_window" : 0
    }
  ],
  "disk_util" : [
    {
      "name" : "sdb",
      "read_ios" : 0,
      "write_ios" : 179708,
      "read_merges" : 0,
      "write_merges" : 75394,
      "read_ticks" : 0,
      "write_ticks" : 40570,
      "in_queue" : 40570,
      "util" : 98.398050
    }
  ]
}
