{
  "fio version" : "fio-3.33",
  "timestamp" : 1747288191,
  "timestamp_ms" : 1747288191700,
  "time" : "Thu May 15 08:49:51 2025",
  "jobs" : [
    {
      "jobname" : "read_B8_Q128_T1",
      "groupid" : 0,
      "error" : 0,
      "eta" : 0,
      "elapsed" : 3,
      "job options" : {
        "rw" : "read",
        "name" : "read_B8_Q128_T1",
        "bs" : "8k",
        "iodepth" : "128",
        "numjobs" : "1",
        "runtime" : "10",
        "direct" : "1",
        "ioengine" : "libaio",
        "size" : "1G",
        "filename" : "/mnt/pve/test/write"
      },
      "read" : {
        "io_bytes" : 1073741824,
        "io_kbytes" : 1048576,
        "bw_bytes" : 453629836,
        "bw" : 442997,
        "iops" : 55374.735953,
        "runtime" : 2367,
        "total_ios" : 131072,
        "short_ios" : 0,
        "drop_ios" : 0,
        "slat_ns" : {
          "min" : 4685,
          "max" : 532083,
          "mean" : 7378.587494,
          "stddev" : 6803.608621,
          "N" : 131072
        },
        "clat_ns" : {
          "min" : 920498,
          "max" : 4286973,
          "mean" : 2301060.211716,
          "stddev" : 181708.269292,
          "N" : 131072,
          "percentile" : {
            "1.000000" : 1843200,
            "5.000000" : 2056192,
            "10.000000" : 2113536,
            "20.000000" : 2179072,
            "30.000000" : 2211840,
            "40.000000" : 2244608,
            "50.000000" : 2277376,
            "60.000000" : 2310144,
            "70.000000" : 2375680,
            "80.000000" : 2441216,
            "90.000000" : 2539520,
            "95.000000" : 2637824,
            "99.000000" : 2801664,
            "99.500000" : 2867200,
            "99.900000" : 3031040,
            "99.950000" : 3391488,
            "99.990000" : 4177920
          }
        },
        "lat_ns" : {
          "min" : 938166,
          "max" : 4294912,
          "mean" : 2308438.799210,
          "stddev" : 180626.086231,
          "N" : 131072
        },
        "bw_min" : 440912,
        "bw_max" : 445888,
        "bw_agg" : 100.000000,
        "bw_mean" : 443584.000000,
        "bw_dev" : 2347.042394,
        "bw_samples" : 4,
        "iops_min" : 55114,
        "iops_max" : 55736,
        "iops_mean" : 55448.000000,
        "iops_stddev" : 293.380299,
        "iops_samples" : 4
      },
      "write" : {
        "io_bytes" : 0,
        "io_kbytes" : 0,
        "bw_bytes" : 0,
        "bw" : 0,
        "iops" : 0.000000,
        "runtime" : 0,
        "total_ios" : 0,
        "short_ios" : 0,
        "drop_ios" : 0,
        "slat_ns" : {
          "min" : 0,
          "max" : 0,
          "mean" : 0.000000,
          "stddev" : 0.000000,
          "N" : 0
        },
        "clat_ns" : {
          "min" : 0,
          "max" : 0,
          "mean" : 0.000000,
          "stddev" : 0.000000,
          "N" : 0
        },
        "lat_ns" : {
          "min" : 0,
          "max" : 0,
          "mean" : 0.000000,
          "stddev" : 0.000000,
          "N" : 0
        },
        "bw_min" : 0,
        "bw_max" : 0,
        "bw_agg" : 0.000000,
        "bw_mean" : 0.000000,
        "bw_dev" : 0.000000,
        "bw_samples" : 0,
        "iops_min" : 0,
        "iops_max" : 0,
        "iops_mean" : 0.000000,
        "iops_stddev" : 0.000000,
        "iops_samples" : 0
      },
      "trim" : {
        "io_bytes" : 0,
        "io_kbytes" : 0,
        "bw_bytes" : 0,
        "bw" : 0,
        "iops" : 0.000000,
        "runtime" : 0,
        "total_ios" : 0,
        "short_ios" : 0,
        "drop_ios" : 0,
        "slat_ns" : {
          "min" : 0,
          "max" : 0,
          "mean" : 0.000000,
          "stddev" : 0.000000,
          "N" : 0
        },
        "clat_ns" : {
          "min" : 0,
          "max" : 0,
          "mean" : 0.000000,
          "stddev" : 0.000000,
          "N" : 0
        },
        "lat_ns" : {
          "min" : 0,
          "max" : 0,
          "mean" : 0.000000,
          "stddev" : 0.000000,
          "N" : 0
        },
        "bw_min" : 0,
        "bw_max" : 0,
        "bw_agg" : 0.000000,
        "bw_mean" : 0.000000,
        "bw_dev" : 0.000000,
        "bw_samples" : 0,
        "iops_min" : 0,
        "iops_max" : 0,
        "iops_mean" : 0.000000,
        "iops_stddev" : 0.000000,
        "iops_samples" : 0
      },
      "sync" : {
        "total_ios" : 0,
        "lat_ns" : {
          "min" : 0,
          "max" : 0,
          "mean" : 0.000000,
          "stddev" : 0.000000,
          "N" : 0
        }
      },
      "job_runtime" : 2366,
      "usr_cpu" : 17.793745,
      "sys_cpu" : 40.278952,
      "ctx" : 7347,
      "majf" : 0,
      "minf" : 269,
      "iodepth_level" : {
        "1" : 0.100000,
        "2" : 0.100000,
        "4" : 0.100000,
        "8" : 0.100000,
        "16" : 0.100000,
        "32" : 0.100000,
        ">=64" : 99.951935
      },
      "iodepth_submit" : {
        "0" : 0.000000,
        "4" : 100.000000,
        "8" : 0.000000,
        "16" : 0.000000,
        "32" : 0.000000,
        "64" : 0.000000,
        ">=64" : 0.000000
      },
      "iodepth_complete" : {
        "0" : 0.000000,
        "4" : 99.999236,
        "8" : 0.000000,
        "16" : 0.000000,
        "32" : 0.000000,
        "64" : 0.000000,
        ">=64" : 0.100000
      },
      "latency_ns" : {
        "2" : 0.000000,
        "4" : 0.000000,
        "10" : 0.000000,
        "20" : 0.000000,
        "50" : 0.000000,
        "100" : 0.000000,
        "250" : 0.000000,
        "500" : 0.000000,
        "750" : 0.000000,
        "1000" : 0.000000
      },
      "latency_us" : {
        "2" : 0.000000,
        "4" : 0.000000,
        "10" : 0.000000,
        "20" : 0.000000,
        "50" : 0.000000,
        "100" : 0.000000,
        "250" : 0.000000,
        "500" : 0.000000,
        "750" : 0.000000,
        "1000" : 0.010000
      },
      "latency_ms" : {
        "2" : 3.153992,
        "4" : 96.822357,
        "10" : 0.020599,
        "20" : 0.000000,
        "50" : 0.000000,
        "100" : 0.000000,
        "250" : 0.000000,
        "500" : 0.000000,
        "750" : 0.000000,
        "1000" : 0.000000,
        "2000" : 0.000000,
        ">=2000" : 0.000000
      },
      "latency_depth" : 128,
      "latency_target" : 0,
      "latency_percentile" : 100.000000,
      "latency_window" : 0
    }
  ],
  "disk_util" : [
    {
      "name" : "sdb",
      "read_ios" : 26312,
      "write_ios" : 1,
      "read_merges" : 92676,
      "write_merges" : 0,
      "read_ticks" : 54029,
      "write_ticks" : 1,
      "in_queue" : 54030,
      "util" : 95.547640
    }
  ]
}
