{
  "fio version" : "fio-3.33",
  "timestamp" : 1747287982,
  "timestamp_ms" : 1747287982252,
  "time" : "Thu May 15 08:46:22 2025",
  "jobs" : [
    {
      "jobname" : "read_B4_Q1_T1",
      "groupid" : 0,
      "error" : 0,
      "eta" : 0,
      "elapsed" : 11,
      "job options" : {
        "rw" : "read",
        "name" : "read_B4_Q1_T1",
        "bs" : "4k",
        "iodepth" : "1",
        "numjobs" : "1",
        "runtime" : "10",
        "direct" : "1",
        "ioengine" : "libaio",
        "size" : "1G",
        "filename" : "/mnt/pve/test/write"
      },
      "read" : {
        "io_bytes" : 294248448,
        "io_kbytes" : 287352,
        "bw_bytes" : 29421902,
        "bw" : 28732,
        "iops" : 7183.081692,
        "runtime" : 10001,
        "total_ios" : 71838,
        "short_ios" : 0,
        "drop_ios" : 0,
        "slat_ns" : {
          "min" : 13189,
          "max" : 476518,
          "mean" : 14880.156950,
          "stddev" : 5588.961077,
          "N" : 71838
        },
        "clat_ns" : {
          "min" : 4101,
          "max" : 582705,
          "mean" : 122435.449832,
          "stddev" : 20780.783976,
          "N" : 71838,
          "percentile" : {
            "1.000000" : 60160,
            "5.000000" : 100864,
            "10.000000" : 100864,
            "20.000000" : 102912,
            "30.000000" : 103936,
            "40.000000" : 130560,
            "50.000000" : 132096,
            "60.000000" : 132096,
            "70.000000" : 134144,
            "80.000000" : 134144,
            "90.000000" : 136192,
            "95.000000" : 136192,
            "99.000000" : 140288,
            "99.500000" : 144384,
            "99.900000" : 211968,
            "99.950000" : 514048,
            "99.990000" : 569344
          }
        },
        "lat_ns" : {
          "min" : 71192,
          "max" : 602498,
          "mean" : 137315.606782,
          "stddev" : 21446.388412,
          "N" : 71838
        },
        "bw_min" : 28488,
        "bw_max" : 28984,
        "bw_agg" : 100.000000,
        "bw_mean" : 28754.526316,
        "bw_dev" : 147.272751,
        "bw_samples" : 19,
        "iops_min" : 7122,
        "iops_max" : 7246,
        "iops_mean" : 7188.631579,
        "iops_stddev" : 36.818188,
        "iops_samples" : 19
      },
      "write" : {
        "io_bytes" : 0,
        "io_kbytes" : 0,
        "bw_bytes" : 0,
        "bw" : 0,
        "iops" : 0.000000,
        "runtime" : 0,
        "total_ios" : 0,
        "short_ios" : 0,
        "drop_ios" : 0,
        "slat_ns" : {
          "min" : 0,
          "max" : 0,
          "mean" : 0.000000,
          "stddev" : 0.000000,
          "N" : 0
        },
        "clat_ns" : {
          "min" : 0,
          "max" : 0,
          "mean" : 0.000000,
          "stddev" : 0.000000,
          "N" : 0
        },
        "lat_ns" : {
          "min" : 0,
          "max" : 0,
          "mean" : 0.000000,
          "stddev" : 0.000000,
          "N" : 0
        },
        "bw_min" : 0,
        "bw_max" : 0,
        "bw_agg" : 0.000000,
        "bw_mean" : 0.000000,
        "bw_dev" : 0.000000,
        "bw_samples" : 0,
        "iops_min" : 0,
        "iops_max" : 0,
        "iops_mean" : 0.000000,
        "iops_stddev" : 0.000000,
        "iops_samples" : 0
      },
      "trim" : {
        "io_bytes" : 0,
        "io_kbytes" : 0,
        "bw_bytes" : 0,
        "bw" : 0,
        "iops" : 0.000000,
        "runtime" : 0,
        "total_ios" : 0,
        "short_ios" : 0,
        "drop_ios" : 0,
        "slat_ns" : {
          "min" : 0,
          "max" : 0,
          "mean" : 0.000000,
          "stddev" : 0.000000,
          "N" : 0
        },
        "clat_ns" : {
          "min" : 0,
          "max" : 0,
          "mean" : 0.000000,
          "stddev" : 0.000000,
          "N" : 0
        },
        "lat_ns" : {
          "min" : 0,
          "max" : 0,
          "mean" : 0.000000,
          "stddev" : 0.000000,
          "N" : 0
        },
        "bw_min" : 0,
        "bw_max" : 0,
        "bw_agg" : 0.000000,
        "bw_mean" : 0.000000,
        "bw_dev" : 0.000000,
        "bw_samples" : 0,
        "iops_min" : 0,
        "iops_max" : 0,
        "iops_mean" : 0.000000,
        "iops_stddev" : 0.000000,
        "iops_samples" : 0
      },
      "sync" : {
        "total_ios" : 0,
        "lat_ns" : {
          "min" : 0,
          "max" : 0,
          "mean" : 0.000000,
          "stddev" : 0.000000,
          "N" : 0
        }
      },
      "job_runtime" : 10000,
      "usr_cpu" : 4.740000,
      "sys_cpu" : 14.700000,
      "ctx" : 71837,
      "majf" : 0,
      "minf" : 14,
      "iodepth_level" : {
        "1" : 100.000000,
        "2" : 0.000000,
        "4" : 0.000000,
        "8" : 0.000000,
        "16" : 0.000000,
        "32" : 0.000000,
        ">=64" : 0.000000
      },
      "iodepth_submit" : {
        "0" : 0.000000,
        "4" : 100.000000,
        "8" : 0.000000,
        "16" : 0.000000,
        "32" : 0.000000,
        "64" : 0.000000,
        ">=64" : 0.000000
      },
      "iodepth_complete" : {
        "0" : 0.000000,
        "4" : 100.000000,
        "8" : 0.000000,
        "16" : 0.000000,
        "32" : 0.000000,
        "64" : 0.000000,
        ">=64" : 0.000000
      },
      "latency_ns" : {
        "2" : 0.000000,
        "4" : 0.000000,
        "10" : 0.000000,
        "20" : 0.000000,
        "50" : 0.000000,
        "100" : 0.000000,
        "250" : 0.000000,
        "500" : 0.000000,
        "750" : 0.000000,
        "1000" : 0.000000
      },
      "latency_us" : {
        "2" : 0.000000,
        "4" : 0.000000,
        "10" : 0.010000,
        "20" : 0.010000,
        "50" : 0.000000,
        "100" : 3.173808,
        "250" : 96.723183,
        "500" : 0.027840,
        "750" : 0.070993,
        "1000" : 0.000000
      },
      "latency_ms" : {
        "2" : 0.000000,
        "4" : 0.000000,
        "10" : 0.000000,
        "20" : 0.000000,
        "50" : 0.000000,
        "100" : 0.000000,
        "250" : 0.000000,
        "500" : 0.000000,
        "750" : 0.000000,
        "1000" : 0.000000,
        "2000" : 0.000000,
        ">=2000" : 0.000000
      },
      "latency_depth" : 1,
      "latency_target" : 0,
      "latency_percentile" : 100.000000,
      "latency_window" : 0
    }
  ],
  "disk_util" : [
    {
      "name" : "sdb",
      "read_ios" : 71089,
      "write_ios" : 1,
      "read_merges" : 0,
      "write_merges" : 0,
      "read_ticks" : 8860,
      "write_ticks" : 0,
      "in_queue" : 8860,
      "util" : 99.069069
    }
  ]
}
