{
  "fio version" : "fio-3.33",
  "timestamp" : 1747287721,
  "timestamp_ms" : 1747287721459,
  "time" : "Thu May 15 08:42:01 2025",
  "jobs" : [
    {
      "jobname" : "read_B4096_Q128_T1",
      "groupid" : 0,
      "error" : 0,
      "eta" : 0,
      "elapsed" : 3,
      "job options" : {
        "rw" : "read",
        "name" : "read_B4096_Q128_T1",
        "bs" : "4096k",
        "iodepth" : "128",
        "numjobs" : "1",
        "runtime" : "10",
        "direct" : "1",
        "ioengine" : "libaio",
        "size" : "1G",
        "filename" : "/mnt/pve/test/write"
      },
      "read" : {
        "io_bytes" : 1073741824,
        "io_kbytes" : 1048576,
        "bw_bytes" : 520728333,
        "bw" : 508523,
        "iops" : 124.151309,
        "runtime" : 2062,
        "total_ios" : 256,
        "short_ios" : 0,
        "drop_ios" : 0,
        "slat_ns" : {
          "min" : 3778359,
          "max" : 9647417,
          "mean" : 7799001.460937,
          "stddev" : 1178892.795877,
          "N" : 256
        },
        "clat_ns" : {
          "min" : 62759245,
          "max" : 1074347729,
          "mean" : 795866865.046875,
          "stddev" : 306478166.950209,
          "N" : 256,
          "percentile" : {
            "1.000000" : 79167488,
            "5.000000" : 160432128,
            "10.000000" : 263192576,
            "20.000000" : 471859200,
            "30.000000" : 675282944,
            "40.000000" : 884998144,
            "50.000000" : 1002438656,
            "60.000000" : 1019215872,
            "70.000000" : 1019215872,
            "80.000000" : 1019215872,
            "90.000000" : 1027604480,
            "95.000000" : 1027604480,
            "99.000000" : 1061158912,
            "99.500000" : 1069547520,
            "99.900000" : 1082130432,
            "99.950000" : 1082130432,
            "99.990000" : 1082130432
          }
        },
        "lat_ns" : {
          "min" : 71021289,
          "max" : 1082520182,
          "mean" : 803665866.507812,
          "stddev" : 306329342.819747,
          "N" : 256
        },
        "bw_min" : 32768,
        "bw_max" : 516096,
        "bw_agg" : 69.270313,
        "bw_mean" : 352256.000000,
        "bw_dev" : 276715.040834,
        "bw_samples" : 3,
        "iops_min" : 8,
        "iops_max" : 126,
        "iops_mean" : 86.000000,
        "iops_stddev" : 67.557383,
        "iops_samples" : 3
      },
      "write" : {
        "io_bytes" : 0,
        "io_kbytes" : 0,
        "bw_bytes" : 0,
        "bw" : 0,
        "iops" : 0.000000,
        "runtime" : 0,
        "total_ios" : 0,
        "short_ios" : 0,
        "drop_ios" : 0,
        "slat_ns" : {
          "min" : 0,
          "max" : 0,
          "mean" : 0.000000,
          "stddev" : 0.000000,
          "N" : 0
        },
        "clat_ns" : {
          "min" : 0,
          "max" : 0,
          "mean" : 0.000000,
          "stddev" : 0.000000,
          "N" : 0
        },
        "lat_ns" : {
          "min" : 0,
          "max" : 0,
          "mean" : 0.000000,
          "stddev" : 0.000000,
          "N" : 0
        },
        "bw_min" : 0,
        "bw_max" : 0,
        "bw_agg" : 0.000000,
        "bw_mean" : 0.000000,
        "bw_dev" : 0.000000,
        "bw_samples" : 0,
        "iops_min" : 0,
        "iops_max" : 0,
        "iops_mean" : 0.000000,
        "iops_stddev" : 0.000000,
        "iops_samples" : 0
      },
      "trim" : {
        "io_bytes" : 0,
        "io_kbytes" : 0,
        "bw_bytes" : 0,
        "bw" : 0,
        "iops" : 0.000000,
        "runtime" : 0,
        "total_ios" : 0,
        "short_ios" : 0,
        "drop_ios" : 0,
        "slat_ns" : {
          "min" : 0,
          "max" : 0,
          "mean" : 0.000000,
          "stddev" : 0.000000,
          "N" : 0
        },
        "clat_ns" : {
          "min" : 0,
          "max" : 0,
          "mean" : 0.000000,
          "stddev" : 0.000000,
          "N" : 0
        },
        "lat_ns" : {
          "min" : 0,
          "max" : 0,
          "mean" : 0.000000,
          "stddev" : 0.000000,
          "N" : 0
        },
        "bw_min" : 0,
        "bw_max" : 0,
        "bw_agg" : 0.000000,
        "bw_mean" : 0.000000,
        "bw_dev" : 0.000000,
        "bw_samples" : 0,
        "iops_min" : 0,
        "iops_max" : 0,
        "iops_mean" : 0.000000,
        "iops_stddev" : 0.000000,
        "iops_samples" : 0
      },
      "sync" : {
        "total_ios" : 0,
        "lat_ns" : {
          "min" : 0,
          "max" : 0,
          "mean" : 0.000000,
          "stddev" : 0.000000,
          "N" : 0
        }
      },
      "job_runtime" : 2061,
      "usr_cpu" : 0.097040,
      "sys_cpu" : 25.327511,
      "ctx" : 1095,
      "majf" : 0,
      "minf" : 131083,
      "iodepth_level" : {
        "1" : 0.390625,
        "2" : 0.781250,
        "4" : 1.562500,
        "8" : 3.125000,
        "16" : 6.250000,
        "32" : 12.500000,
        ">=64" : 75.390625
      },
      "iodepth_submit" : {
        "0" : 0.000000,
        "4" : 100.000000,
        "8" : 0.000000,
        "16" : 0.000000,
        "32" : 0.000000,
        "64" : 0.000000,
        ">=64" : 0.000000
      },
      "iodepth_complete" : {
        "0" : 0.000000,
        "4" : 99.230769,
        "8" : 0.000000,
        "16" : 0.000000,
        "32" : 0.000000,
        "64" : 0.000000,
        ">=64" : 0.769231
      },
      "latency_ns" : {
        "2" : 0.000000,
        "4" : 0.000000,
        "10" : 0.000000,
        "20" : 0.000000,
        "50" : 0.000000,
        "100" : 0.000000,
        "250" : 0.000000,
        "500" : 0.000000,
        "750" : 0.000000,
        "1000" : 0.000000
      },
      "latency_us" : {
        "2" : 0.000000,
        "4" : 0.000000,
        "10" : 0.000000,
        "20" : 0.000000,
        "50" : 0.000000,
        "100" : 0.000000,
        "250" : 0.000000,
        "500" : 0.000000,
        "750" : 0.000000,
        "1000" : 0.000000
      },
      "latency_ms" : {
        "2" : 0.000000,
        "4" : 0.000000,
        "10" : 0.000000,
        "20" : 0.000000,
        "50" : 0.000000,
        "100" : 1.953125,
        "250" : 7.421875,
        "500" : 12.109375,
        "750" : 12.109375,
        "1000" : 15.625000,
        "2000" : 50.781250,
        ">=2000" : 0.000000
      },
      "latency_depth" : 128,
      "latency_target" : 0,
      "latency_percentile" : 100.000000,
      "latency_window" : 0
    }
  ],
  "disk_util" : [
    {
      "name" : "sdb",
      "read_ios" : 7541,
      "write_ios" : 0,
      "read_merges" : 4,
      "write_merges" : 0,
      "read_ticks" : 459134,
      "write_ticks" : 0,
      "in_queue" : 459134,
      "util" : 94.989980
    }
  ]
}
