{
  "fio version" : "fio-3.33",
  "timestamp" : 1747289764,
  "timestamp_ms" : 1747289764021,
  "time" : "Thu May 15 09:16:04 2025",
  "jobs" : [
    {
      "jobname" : "randread_B8_Q128_T1",
      "groupid" : 0,
      "error" : 0,
      "eta" : 0,
      "elapsed" : 4,
      "job options" : {
        "rw" : "randread",
        "name" : "randread_B8_Q128_T1",
        "bs" : "8k",
        "iodepth" : "128",
        "numjobs" : "1",
        "runtime" : "10",
        "direct" : "1",
        "ioengine" : "libaio",
        "size" : "1G",
        "filename" : "/mnt/pve/test/write"
      },
      "read" : {
        "io_bytes" : 1073741824,
        "io_kbytes" : 1048576,
        "bw_bytes" : 365840485,
        "bw" : 357266,
        "iops" : 44658.262351,
        "runtime" : 2935,
        "total_ios" : 131072,
        "short_ios" : 0,
        "drop_ios" : 0,
        "slat_ns" : {
          "min" : 3315,
          "max" : 648108,
          "mean" : 14217.295113,
          "stddev" : 15318.073738,
          "N" : 131072
        },
        "clat_ns" : {
          "min" : 238835,
          "max" : 26581315,
          "mean" : 2847899.391060,
          "stddev" : 1255072.859095,
          "N" : 131072,
          "percentile" : {
            "1.000000" : 708608,
            "5.000000" : 987136,
            "10.000000" : 1302528,
            "20.000000" : 1925120,
            "30.000000" : 2506752,
            "40.000000" : 2801664,
            "50.000000" : 2834432,
            "60.000000" : 2867200,
            "70.000000" : 3031040,
            "80.000000" : 3588096,
            "90.000000" : 4227072,
            "95.000000" : 4620288,
            "99.000000" : 6127616,
            "99.500000" : 8454144,
            "99.900000" : 14221312,
            "99.950000" : 16318464,
            "99.990000" : 20840448
          }
        },
        "lat_ns" : {
          "min" : 244602,
          "max" : 26589147,
          "mean" : 2862116.686172,
          "stddev" : 1255073.187011,
          "N" : 131072
        },
        "bw_min" : 352320,
        "bw_max" : 359248,
        "bw_agg" : 99.946511,
        "bw_mean" : 357075.200000,
        "bw_dev" : 2805.922878,
        "bw_samples" : 5,
        "iops_min" : 44038,
        "iops_max" : 44906,
        "iops_mean" : 44634.400000,
        "iops_stddev" : 351.745362,
        "iops_samples" : 5
      },
      "write" : {
        "io_bytes" : 0,
        "io_kbytes" : 0,
        "bw_bytes" : 0,
        "bw" : 0,
        "iops" : 0.000000,
        "runtime" : 0,
        "total_ios" : 0,
        "short_ios" : 0,
        "drop_ios" : 0,
        "slat_ns" : {
          "min" : 0,
          "max" : 0,
          "mean" : 0.000000,
          "stddev" : 0.000000,
          "N" : 0
        },
        "clat_ns" : {
          "min" : 0,
          "max" : 0,
          "mean" : 0.000000,
          "stddev" : 0.000000,
          "N" : 0
        },
        "lat_ns" : {
          "min" : 0,
          "max" : 0,
          "mean" : 0.000000,
          "stddev" : 0.000000,
          "N" : 0
        },
        "bw_min" : 0,
        "bw_max" : 0,
        "bw_agg" : 0.000000,
        "bw_mean" : 0.000000,
        "bw_dev" : 0.000000,
        "bw_samples" : 0,
        "iops_min" : 0,
        "iops_max" : 0,
        "iops_mean" : 0.000000,
        "iops_stddev" : 0.000000,
        "iops_samples" : 0
      },
      "trim" : {
        "io_bytes" : 0,
        "io_kbytes" : 0,
        "bw_bytes" : 0,
        "bw" : 0,
        "iops" : 0.000000,
        "runtime" : 0,
        "total_ios" : 0,
        "short_ios" : 0,
        "drop_ios" : 0,
        "slat_ns" : {
          "min" : 0,
          "max" : 0,
          "mean" : 0.000000,
          "stddev" : 0.000000,
          "N" : 0
        },
        "clat_ns" : {
          "min" : 0,
          "max" : 0,
          "mean" : 0.000000,
          "stddev" : 0.000000,
          "N" : 0
        },
        "lat_ns" : {
          "min" : 0,
          "max" : 0,
          "mean" : 0.000000,
          "stddev" : 0.000000,
          "N" : 0
        },
        "bw_min" : 0,
        "bw_max" : 0,
        "bw_agg" : 0.000000,
        "bw_mean" : 0.000000,
        "bw_dev" : 0.000000,
        "bw_samples" : 0,
        "iops_min" : 0,
        "iops_max" : 0,
        "iops_mean" : 0.000000,
        "iops_stddev" : 0.000000,
        "iops_samples" : 0
      },
      "sync" : {
        "total_ios" : 0,
        "lat_ns" : {
          "min" : 0,
          "max" : 0,
          "mean" : 0.000000,
          "stddev" : 0.000000,
          "N" : 0
        }
      },
      "job_runtime" : 2934,
      "usr_cpu" : 14.008180,
      "sys_cpu" : 58.418541,
      "ctx" : 52988,
      "majf" : 0,
      "minf" : 272,
      "iodepth_level" : {
        "1" : 0.100000,
        "2" : 0.100000,
        "4" : 0.100000,
        "8" : 0.100000,
        "16" : 0.100000,
        "32" : 0.100000,
        ">=64" : 99.951935
      },
      "iodepth_submit" : {
        "0" : 0.000000,
        "4" : 100.000000,
        "8" : 0.000000,
        "16" : 0.000000,
        "32" : 0.000000,
        "64" : 0.000000,
        ">=64" : 0.000000
      },
      "iodepth_complete" : {
        "0" : 0.000000,
        "4" : 99.999236,
        "8" : 0.000000,
        "16" : 0.000000,
        "32" : 0.000000,
        "64" : 0.000000,
        ">=64" : 0.100000
      },
      "latency_ns" : {
        "2" : 0.000000,
        "4" : 0.000000,
        "10" : 0.000000,
        "20" : 0.000000,
        "50" : 0.000000,
        "100" : 0.000000,
        "250" : 0.000000,
        "500" : 0.000000,
        "750" : 0.000000,
        "1000" : 0.000000
      },
      "latency_us" : {
        "2" : 0.000000,
        "4" : 0.000000,
        "10" : 0.000000,
        "20" : 0.000000,
        "50" : 0.000000,
        "100" : 0.000000,
        "250" : 0.010000,
        "500" : 0.010000,
        "750" : 1.522827,
        "1000" : 3.643036
      },
      "latency_ms" : {
        "2" : 16.115570,
        "4" : 65.037537,
        "10" : 13.324738,
        "20" : 0.332642,
        "50" : 0.016785,
        "100" : 0.000000,
        "250" : 0.000000,
        "500" : 0.000000,
        "750" : 0.000000,
        "1000" : 0.000000,
        "2000" : 0.000000,
        ">=2000" : 0.000000
      },
      "latency_depth" : 128,
      "latency_target" : 0,
      "latency_percentile" : 100.000000,
      "latency_window" : 0
    }
  ],
  "disk_util" : [
    {
      "name" : "sdb",
      "read_ios" : 129215,
      "write_ios" : 261,
      "read_merges" : 0,
      "write_merges" : 1,
      "read_ticks" : 258172,
      "write_ticks" : 172,
      "in_queue" : 258343,
      "util" : 96.692282
    }
  ]
}
