{
  "fio version" : "fio-3.33",
  "timestamp" : 1747289667,
  "timestamp_ms" : 1747289667475,
  "time" : "Thu May 15 09:14:27 2025",
  "jobs" : [
    {
      "jobname" : "randread_B8_Q1_T1",
      "groupid" : 0,
      "error" : 0,
      "eta" : 0,
      "elapsed" : 11,
      "job options" : {
        "rw" : "randread",
        "name" : "randread_B8_Q1_T1",
        "bs" : "8k",
        "iodepth" : "1",
        "numjobs" : "1",
        "runtime" : "10",
        "direct" : "1",
        "ioengine" : "libaio",
        "size" : "1G",
        "filename" : "/mnt/pve/test/write"
      },
      "read" : {
        "io_bytes" : 506658816,
        "io_kbytes" : 494784,
        "bw_bytes" : 50660815,
        "bw" : 49473,
        "iops" : 6184.181582,
        "runtime" : 10001,
        "total_ios" : 61848,
        "short_ios" : 0,
        "drop_ios" : 0,
        "slat_ns" : {
          "min" : 14177,
          "max" : 464467,
          "mean" : 15818.210823,
          "stddev" : 5710.170162,
          "N" : 61848
        },
        "clat_ns" : {
          "min" : 4118,
          "max" : 1899566,
          "mean" : 143759.440984,
          "stddev" : 25033.612784,
          "N" : 61848,
          "percentile" : {
            "1.000000" : 112128,
            "5.000000" : 114176,
            "10.000000" : 123392,
            "20.000000" : 142336,
            "30.000000" : 142336,
            "40.000000" : 142336,
            "50.000000" : 144384,
            "60.000000" : 144384,
            "70.000000" : 144384,
            "80.000000" : 146432,
            "90.000000" : 152576,
            "95.000000" : 154624,
            "99.000000" : 211968,
            "99.500000" : 216064,
            "99.900000" : 509952,
            "99.950000" : 552960,
            "99.990000" : 1105920
          }
        },
        "lat_ns" : {
          "min" : 85873,
          "max" : 1921621,
          "mean" : 159577.651808,
          "stddev" : 25804.311183,
          "N" : 61848
        },
        "bw_min" : 48736,
        "bw_max" : 49872,
        "bw_agg" : 100.000000,
        "bw_mean" : 49544.421053,
        "bw_dev" : 279.446738,
        "bw_samples" : 19,
        "iops_min" : 6092,
        "iops_max" : 6234,
        "iops_mean" : 6193.052632,
        "iops_stddev" : 34.930842,
        "iops_samples" : 19
      },
      "write" : {
        "io_bytes" : 0,
        "io_kbytes" : 0,
        "bw_bytes" : 0,
        "bw" : 0,
        "iops" : 0.000000,
        "runtime" : 0,
        "total_ios" : 0,
        "short_ios" : 0,
        "drop_ios" : 0,
        "slat_ns" : {
          "min" : 0,
          "max" : 0,
          "mean" : 0.000000,
          "stddev" : 0.000000,
          "N" : 0
        },
        "clat_ns" : {
          "min" : 0,
          "max" : 0,
          "mean" : 0.000000,
          "stddev" : 0.000000,
          "N" : 0
        },
        "lat_ns" : {
          "min" : 0,
          "max" : 0,
          "mean" : 0.000000,
          "stddev" : 0.000000,
          "N" : 0
        },
        "bw_min" : 0,
        "bw_max" : 0,
        "bw_agg" : 0.000000,
        "bw_mean" : 0.000000,
        "bw_dev" : 0.000000,
        "bw_samples" : 0,
        "iops_min" : 0,
        "iops_max" : 0,
        "iops_mean" : 0.000000,
        "iops_stddev" : 0.000000,
        "iops_samples" : 0
      },
      "trim" : {
        "io_bytes" : 0,
        "io_kbytes" : 0,
        "bw_bytes" : 0,
        "bw" : 0,
        "iops" : 0.000000,
        "runtime" : 0,
        "total_ios" : 0,
        "short_ios" : 0,
        "drop_ios" : 0,
        "slat_ns" : {
          "min" : 0,
          "max" : 0,
          "mean" : 0.000000,
          "stddev" : 0.000000,
          "N" : 0
        },
        "clat_ns" : {
          "min" : 0,
          "max" : 0,
          "mean" : 0.000000,
          "stddev" : 0.000000,
          "N" : 0
        },
        "lat_ns" : {
          "min" : 0,
          "max" : 0,
          "mean" : 0.000000,
          "stddev" : 0.000000,
          "N" : 0
        },
        "bw_min" : 0,
        "bw_max" : 0,
        "bw_agg" : 0.000000,
        "bw_mean" : 0.000000,
        "bw_dev" : 0.000000,
        "bw_samples" : 0,
        "iops_min" : 0,
        "iops_max" : 0,
        "iops_mean" : 0.000000,
        "iops_stddev" : 0.000000,
        "iops_samples" : 0
      },
      "sync" : {
        "total_ios" : 0,
        "lat_ns" : {
          "min" : 0,
          "max" : 0,
          "mean" : 0.000000,
          "stddev" : 0.000000,
          "N" : 0
        }
      },
      "job_runtime" : 10000,
      "usr_cpu" : 4.200000,
      "sys_cpu" : 13.820000,
      "ctx" : 61845,
      "majf" : 0,
      "minf" : 24,
      "iodepth_level" : {
        "1" : 100.000000,
        "2" : 0.000000,
        "4" : 0.000000,
        "8" : 0.000000,
        "16" : 0.000000,
        "32" : 0.000000,
        ">=64" : 0.000000
      },
      "iodepth_submit" : {
        "0" : 0.000000,
        "4" : 100.000000,
        "8" : 0.000000,
        "16" : 0.000000,
        "32" : 0.000000,
        "64" : 0.000000,
        ">=64" : 0.000000
      },
      "iodepth_complete" : {
        "0" : 0.000000,
        "4" : 100.000000,
        "8" : 0.000000,
        "16" : 0.000000,
        "32" : 0.000000,
        "64" : 0.000000,
        ">=64" : 0.000000
      },
      "latency_ns" : {
        "2" : 0.000000,
        "4" : 0.000000,
        "10" : 0.000000,
        "20" : 0.000000,
        "50" : 0.000000,
        "100" : 0.000000,
        "250" : 0.000000,
        "500" : 0.000000,
        "750" : 0.000000,
        "1000" : 0.000000
      },
      "latency_us" : {
        "2" : 0.000000,
        "4" : 0.000000,
        "10" : 0.010000,
        "20" : 0.000000,
        "50" : 0.010000,
        "100" : 0.011318,
        "250" : 99.815677,
        "500" : 0.058207,
        "750" : 0.093778,
        "1000" : 0.010000
      },
      "latency_ms" : {
        "2" : 0.014552,
        "4" : 0.000000,
        "10" : 0.000000,
        "20" : 0.000000,
        "50" : 0.000000,
        "100" : 0.000000,
        "250" : 0.000000,
        "500" : 0.000000,
        "750" : 0.000000,
        "1000" : 0.000000,
        "2000" : 0.000000,
        ">=2000" : 0.000000
      },
      "latency_depth" : 1,
      "latency_target" : 0,
      "latency_percentile" : 100.000000,
      "latency_window" : 0
    }
  ],
  "disk_util" : [
    {
      "name" : "sdb",
      "read_ios" : 61184,
      "write_ios" : 771,
      "read_merges" : 0,
      "write_merges" : 1,
      "read_ticks" : 8934,
      "write_ticks" : 195,
      "in_queue" : 9128,
      "util" : 99.058871
    }
  ]
}
