{
  "fio version" : "fio-3.33",
  "timestamp" : 1747289603,
  "timestamp_ms" : 1747289603916,
  "time" : "Thu May 15 09:13:23 2025",
  "jobs" : [
    {
      "jobname" : "write_B4_Q1_T1",
      "groupid" : 0,
      "error" : 0,
      "eta" : 0,
      "elapsed" : 11,
      "job options" : {
        "rw" : "write",
        "name" : "write_B4_Q1_T1",
        "bs" : "4k",
        "iodepth" : "1",
        "numjobs" : "1",
        "runtime" : "10",
        "direct" : "1",
        "ioengine" : "libaio",
        "size" : "1G",
        "filename" : "/mnt/pve/test/write"
      },
      "read" : {
        "io_bytes" : 0,
        "io_kbytes" : 0,
        "bw_bytes" : 0,
        "bw" : 0,
        "iops" : 0.000000,
        "runtime" : 0,
        "total_ios" : 0,
        "short_ios" : 0,
        "drop_ios" : 0,
        "slat_ns" : {
          "min" : 0,
          "max" : 0,
          "mean" : 0.000000,
          "stddev" : 0.000000,
          "N" : 0
        },
        "clat_ns" : {
          "min" : 0,
          "max" : 0,
          "mean" : 0.000000,
          "stddev" : 0.000000,
          "N" : 0
        },
        "lat_ns" : {
          "min" : 0,
          "max" : 0,
          "mean" : 0.000000,
          "stddev" : 0.000000,
          "N" : 0
        },
        "bw_min" : 0,
        "bw_max" : 0,
        "bw_agg" : 0.000000,
        "bw_mean" : 0.000000,
        "bw_dev" : 0.000000,
        "bw_samples" : 0,
        "iops_min" : 0,
        "iops_max" : 0,
        "iops_mean" : 0.000000,
        "iops_stddev" : 0.000000,
        "iops_samples" : 0
      },
      "write" : {
        "io_bytes" : 567902208,
        "io_kbytes" : 554592,
        "bw_bytes" : 56784542,
        "bw" : 55453,
        "iops" : 13863.413659,
        "runtime" : 10001,
        "total_ios" : 138648,
        "short_ios" : 0,
        "drop_ios" : 0,
        "slat_ns" : {
          "min" : 10445,
          "max" : 485038,
          "mean" : 18436.692062,
          "stddev" : 6622.701749,
          "N" : 138648
        },
        "clat_ns" : {
          "min" : 3741,
          "max" : 2005361,
          "mean" : 51057.163544,
          "stddev" : 11908.251922,
          "N" : 138648,
          "percentile" : {
            "1.000000" : 46336,
            "5.000000" : 48896,
            "10.000000" : 48896,
            "20.000000" : 49408,
            "30.000000" : 49408,
            "40.000000" : 49920,
            "50.000000" : 50432,
            "60.000000" : 50432,
            "70.000000" : 50944,
            "80.000000" : 51456,
            "90.000000" : 51968,
            "95.000000" : 53504,
            "99.000000" : 64768,
            "99.500000" : 80384,
            "99.900000" : 130560,
            "99.950000" : 268288,
            "99.990000" : 493568
          }
        },
        "lat_ns" : {
          "min" : 51718,
          "max" : 2022421,
          "mean" : 69493.855606,
          "stddev" : 13937.720074,
          "N" : 138648
        },
        "bw_min" : 54144,
        "bw_max" : 57176,
        "bw_agg" : 100.000000,
        "bw_mean" : 55515.789474,
        "bw_dev" : 587.547027,
        "bw_samples" : 19,
        "iops_min" : 13536,
        "iops_max" : 14294,
        "iops_mean" : 13878.947368,
        "iops_stddev" : 146.886757,
        "iops_samples" : 19
      },
      "trim" : {
        "io_bytes" : 0,
        "io_kbytes" : 0,
        "bw_bytes" : 0,
        "bw" : 0,
        "iops" : 0.000000,
        "runtime" : 0,
        "total_ios" : 0,
        "short_ios" : 0,
        "drop_ios" : 0,
        "slat_ns" : {
          "min" : 0,
          "max" : 0,
          "mean" : 0.000000,
          "stddev" : 0.000000,
          "N" : 0
        },
        "clat_ns" : {
          "min" : 0,
          "max" : 0,
          "mean" : 0.000000,
          "stddev" : 0.000000,
          "N" : 0
        },
        "lat_ns" : {
          "min" : 0,
          "max" : 0,
          "mean" : 0.000000,
          "stddev" : 0.000000,
          "N" : 0
        },
        "bw_min" : 0,
        "bw_max" : 0,
        "bw_agg" : 0.000000,
        "bw_mean" : 0.000000,
        "bw_dev" : 0.000000,
        "bw_samples" : 0,
        "iops_min" : 0,
        "iops_max" : 0,
        "iops_mean" : 0.000000,
        "iops_stddev" : 0.000000,
        "iops_samples" : 0
      },
      "sync" : {
        "total_ios" : 0,
        "lat_ns" : {
          "min" : 0,
          "max" : 0,
          "mean" : 0.000000,
          "stddev" : 0.000000,
          "N" : 0
        }
      },
      "job_runtime" : 10000,
      "usr_cpu" : 9.840000,
      "sys_cpu" : 28.930000,
      "ctx" : 138648,
      "majf" : 0,
      "minf" : 14,
      "iodepth_level" : {
        "1" : 100.000000,
        "2" : 0.000000,
        "4" : 0.000000,
        "8" : 0.000000,
        "16" : 0.000000,
        "32" : 0.000000,
        ">=64" : 0.000000
      },
      "iodepth_submit" : {
        "0" : 0.000000,
        "4" : 100.000000,
        "8" : 0.000000,
        "16" : 0.000000,
        "32" : 0.000000,
        "64" : 0.000000,
        ">=64" : 0.000000
      },
      "iodepth_complete" : {
        "0" : 0.000000,
        "4" : 100.000000,
        "8" : 0.000000,
        "16" : 0.000000,
        "32" : 0.000000,
        "64" : 0.000000,
        ">=64" : 0.000000
      },
      "latency_ns" : {
        "2" : 0.000000,
        "4" : 0.000000,
        "10" : 0.000000,
        "20" : 0.000000,
        "50" : 0.000000,
        "100" : 0.000000,
        "250" : 0.000000,
        "500" : 0.000000,
        "750" : 0.000000,
        "1000" : 0.000000
      },
      "latency_us" : {
        "2" : 0.000000,
        "4" : 0.010000,
        "10" : 0.000000,
        "20" : 0.010000,
        "50" : 41.597427,
        "100" : 58.002279,
        "250" : 0.340430,
        "500" : 0.050488,
        "750" : 0.010000,
        "1000" : 0.000000
      },
      "latency_ms" : {
        "2" : 0.000000,
        "4" : 0.010000,
        "10" : 0.000000,
        "20" : 0.000000,
        "50" : 0.000000,
        "100" : 0.000000,
        "250" : 0.000000,
        "500" : 0.000000,
        "750" : 0.000000,
        "1000" : 0.000000,
        "2000" : 0.000000,
        ">=2000" : 0.000000
      },
      "latency_depth" : 1,
      "latency_target" : 0,
      "latency_percentile" : 100.000000,
      "latency_window" : 0
    }
  ],
  "disk_util" : [
    {
      "name" : "sdb",
      "read_ios" : 0,
      "write_ios" : 137979,
      "read_merges" : 0,
      "write_merges" : 2,
      "read_ticks" : 0,
      "write_ticks" : 6841,
      "in_queue" : 6841,
      "util" : 99.068883
    }
  ]
}
