{
  "fio version" : "fio-3.33",
  "timestamp" : 1747284393,
  "timestamp_ms" : 1747284393796,
  "time" : "Thu May 15 07:46:33 2025",
  "jobs" : [
    {
      "jobname" : "randwrite_B4_Q128_T1",
      "groupid" : 0,
      "error" : 0,
      "eta" : 0,
      "elapsed" : 7,
      "job options" : {
        "rw" : "randwrite",
        "name" : "randwrite_B4_Q128_T1",
        "bs" : "4k",
        "iodepth" : "128",
        "numjobs" : "1",
        "runtime" : "10",
        "direct" : "1",
        "ioengine" : "libaio",
        "size" : "1G",
        "filename" : "/mnt/pve/test/write"
      },
      "read" : {
        "io_bytes" : 0,
        "io_kbytes" : 0,
        "bw_bytes" : 0,
        "bw" : 0,
        "iops" : 0.000000,
        "runtime" : 0,
        "total_ios" : 0,
        "short_ios" : 0,
        "drop_ios" : 0,
        "slat_ns" : {
          "min" : 0,
          "max" : 0,
          "mean" : 0.000000,
          "stddev" : 0.000000,
          "N" : 0
        },
        "clat_ns" : {
          "min" : 0,
          "max" : 0,
          "mean" : 0.000000,
          "stddev" : 0.000000,
          "N" : 0
        },
        "lat_ns" : {
          "min" : 0,
          "max" : 0,
          "mean" : 0.000000,
          "stddev" : 0.000000,
          "N" : 0
        },
        "bw_min" : 0,
        "bw_max" : 0,
        "bw_agg" : 0.000000,
        "bw_mean" : 0.000000,
        "bw_dev" : 0.000000,
        "bw_samples" : 0,
        "iops_min" : 0,
        "iops_max" : 0,
        "iops_mean" : 0.000000,
        "iops_stddev" : 0.000000,
        "iops_samples" : 0
      },
      "write" : {
        "io_bytes" : 1073741824,
        "io_kbytes" : 1048576,
        "bw_bytes" : 175735159,
        "bw" : 171616,
        "iops" : 42904.091653,
        "runtime" : 6110,
        "total_ios" : 262144,
        "short_ios" : 0,
        "drop_ios" : 0,
        "slat_ns" : {
          "min" : 2463,
          "max" : 589777,
          "mean" : 17243.607265,
          "stddev" : 11468.986699,
          "N" : 262144
        },
        "clat_ns" : {
          "min" : 431405,
          "max" : 20396503,
          "mean" : 2963739.670788,
          "stddev" : 913061.936858,
          "N" : 262144,
          "percentile" : {
            "1.000000" : 880640,
            "5.000000" : 2056192,
            "10.000000" : 2310144,
            "20.000000" : 2375680,
            "30.000000" : 2408448,
            "40.000000" : 2408448,
            "50.000000" : 2539520,
            "60.000000" : 2736128,
            "70.000000" : 3457024,
            "80.000000" : 4145152,
            "90.000000" : 4292608,
            "95.000000" : 4423680,
            "99.000000" : 4554752,
            "99.500000" : 4685824,
            "99.900000" : 6651904,
            "99.950000" : 9240576,
            "99.990000" : 13303808
          }
        },
        "lat_ns" : {
          "min" : 436563,
          "max" : 20401663,
          "mean" : 2980983.278053,
          "stddev" : 917368.641356,
          "N" : 262144
        },
        "bw_min" : 131552,
        "bw_max" : 211504,
        "bw_agg" : 99.617539,
        "bw_mean" : 170960.666667,
        "bw_dev" : 28551.641345,
        "bw_samples" : 12,
        "iops_min" : 32888,
        "iops_max" : 52876,
        "iops_mean" : 42740.166667,
        "iops_stddev" : 7137.910336,
        "iops_samples" : 12
      },
      "trim" : {
        "io_bytes" : 0,
        "io_kbytes" : 0,
        "bw_bytes" : 0,
        "bw" : 0,
        "iops" : 0.000000,
        "runtime" : 0,
        "total_ios" : 0,
        "short_ios" : 0,
        "drop_ios" : 0,
        "slat_ns" : {
          "min" : 0,
          "max" : 0,
          "mean" : 0.000000,
          "stddev" : 0.000000,
          "N" : 0
        },
        "clat_ns" : {
          "min" : 0,
          "max" : 0,
          "mean" : 0.000000,
          "stddev" : 0.000000,
          "N" : 0
        },
        "lat_ns" : {
          "min" : 0,
          "max" : 0,
          "mean" : 0.000000,
          "stddev" : 0.000000,
          "N" : 0
        },
        "bw_min" : 0,
        "bw_max" : 0,
        "bw_agg" : 0.000000,
        "bw_mean" : 0.000000,
        "bw_dev" : 0.000000,
        "bw_samples" : 0,
        "iops_min" : 0,
        "iops_max" : 0,
        "iops_mean" : 0.000000,
        "iops_stddev" : 0.000000,
        "iops_samples" : 0
      },
      "sync" : {
        "total_ios" : 0,
        "lat_ns" : {
          "min" : 0,
          "max" : 0,
          "mean" : 0.000000,
          "stddev" : 0.000000,
          "N" : 0
        }
      },
      "job_runtime" : 6109,
      "usr_cpu" : 15.027009,
      "sys_cpu" : 62.219676,
      "ctx" : 200995,
      "majf" : 0,
      "minf" : 180,
      "iodepth_level" : {
        "1" : 0.100000,
        "2" : 0.100000,
        "4" : 0.100000,
        "8" : 0.100000,
        "16" : 0.100000,
        "32" : 0.100000,
        ">=64" : 99.975967
      },
      "iodepth_submit" : {
        "0" : 0.000000,
        "4" : 100.000000,
        "8" : 0.000000,
        "16" : 0.000000,
        "32" : 0.000000,
        "64" : 0.000000,
        ">=64" : 0.000000
      },
      "iodepth_complete" : {
        "0" : 0.000000,
        "4" : 99.999618,
        "8" : 0.000000,
        "16" : 0.000000,
        "32" : 0.000000,
        "64" : 0.000000,
        ">=64" : 0.100000
      },
      "latency_ns" : {
        "2" : 0.000000,
        "4" : 0.000000,
        "10" : 0.000000,
        "20" : 0.000000,
        "50" : 0.000000,
        "100" : 0.000000,
        "250" : 0.000000,
        "500" : 0.000000,
        "750" : 0.000000,
        "1000" : 0.000000
      },
      "latency_us" : {
        "2" : 0.000000,
        "4" : 0.000000,
        "10" : 0.000000,
        "20" : 0.000000,
        "50" : 0.000000,
        "100" : 0.000000,
        "250" : 0.000000,
        "500" : 0.010000,
        "750" : 0.599670,
        "1000" : 0.765228
      },
      "latency_ms" : {
        "2" : 3.260803,
        "4" : 71.909332,
        "10" : 23.416901,
        "20" : 0.041199,
        "50" : 0.010000,
        "100" : 0.000000,
        "250" : 0.000000,
        "500" : 0.000000,
        "750" : 0.000000,
        "1000" : 0.000000,
        "2000" : 0.000000,
        ">=2000" : 0.000000
      },
      "latency_depth" : 128,
      "latency_target" : 0,
      "latency_percentile" : 100.000000,
      "latency_window" : 0
    }
  ],
  "disk_util" : [
    {
      "name" : "sdb",
      "read_ios" : 0,
      "write_ios" : 250457,
      "read_merges" : 0,
      "write_merges" : 66,
      "read_ticks" : 0,
      "write_ticks" : 101035,
      "in_queue" : 101036,
      "util" : 98.364213
    }
  ]
}
