{
  "fio version" : "fio-3.33",
  "timestamp" : 1747284561,
  "timestamp_ms" : 1747284561820,
  "time" : "Thu May 15 07:49:21 2025",
  "jobs" : [
    {
      "jobname" : "read_B8_Q32_T1",
      "groupid" : 0,
      "error" : 0,
      "eta" : 0,
      "elapsed" : 4,
      "job options" : {
        "rw" : "read",
        "name" : "read_B8_Q32_T1",
        "bs" : "8k",
        "iodepth" : "32",
        "numjobs" : "1",
        "runtime" : "10",
        "direct" : "1",
        "ioengine" : "libaio",
        "size" : "1G",
        "filename" : "/mnt/pve/test/write"
      },
      "read" : {
        "io_bytes" : 1073741824,
        "io_kbytes" : 1048576,
        "bw_bytes" : 368603441,
        "bw" : 359964,
        "iops" : 44995.537247,
        "runtime" : 2913,
        "total_ios" : 131072,
        "short_ios" : 0,
        "drop_ios" : 0,
        "slat_ns" : {
          "min" : 4795,
          "max" : 566232,
          "mean" : 14135.874916,
          "stddev" : 8838.898235,
          "N" : 131072
        },
        "clat_ns" : {
          "min" : 185636,
          "max" : 1535491,
          "mean" : 695788.362427,
          "stddev" : 134692.682318,
          "N" : 131072,
          "percentile" : {
            "1.000000" : 374784,
            "5.000000" : 473088,
            "10.000000" : 528384,
            "20.000000" : 593920,
            "30.000000" : 634880,
            "40.000000" : 659456,
            "50.000000" : 692224,
            "60.000000" : 716800,
            "70.000000" : 757760,
            "80.000000" : 806912,
            "90.000000" : 872448,
            "95.000000" : 913408,
            "99.000000" : 1003520,
            "99.500000" : 1056768,
            "99.900000" : 1253376,
            "99.950000" : 1335296,
            "99.990000" : 1449984
          }
        },
        "lat_ns" : {
          "min" : 194954,
          "max" : 1540934,
          "mean" : 709924.237343,
          "stddev" : 133872.276856,
          "N" : 131072
        },
        "bw_min" : 359376,
        "bw_max" : 360656,
        "bw_agg" : 99.959913,
        "bw_mean" : 359820.800000,
        "bw_dev" : 515.786002,
        "bw_samples" : 5,
        "iops_min" : 44922,
        "iops_max" : 45082,
        "iops_mean" : 44978.000000,
        "iops_stddev" : 64.311741,
        "iops_samples" : 5
      },
      "write" : {
        "io_bytes" : 0,
        "io_kbytes" : 0,
        "bw_bytes" : 0,
        "bw" : 0,
        "iops" : 0.000000,
        "runtime" : 0,
        "total_ios" : 0,
        "short_ios" : 0,
        "drop_ios" : 0,
        "slat_ns" : {
          "min" : 0,
          "max" : 0,
          "mean" : 0.000000,
          "stddev" : 0.000000,
          "N" : 0
        },
        "clat_ns" : {
          "min" : 0,
          "max" : 0,
          "mean" : 0.000000,
          "stddev" : 0.000000,
          "N" : 0
        },
        "lat_ns" : {
          "min" : 0,
          "max" : 0,
          "mean" : 0.000000,
          "stddev" : 0.000000,
          "N" : 0
        },
        "bw_min" : 0,
        "bw_max" : 0,
        "bw_agg" : 0.000000,
        "bw_mean" : 0.000000,
        "bw_dev" : 0.000000,
        "bw_samples" : 0,
        "iops_min" : 0,
        "iops_max" : 0,
        "iops_mean" : 0.000000,
        "iops_stddev" : 0.000000,
        "iops_samples" : 0
      },
      "trim" : {
        "io_bytes" : 0,
        "io_kbytes" : 0,
        "bw_bytes" : 0,
        "bw" : 0,
        "iops" : 0.000000,
        "runtime" : 0,
        "total_ios" : 0,
        "short_ios" : 0,
        "drop_ios" : 0,
        "slat_ns" : {
          "min" : 0,
          "max" : 0,
          "mean" : 0.000000,
          "stddev" : 0.000000,
          "N" : 0
        },
        "clat_ns" : {
          "min" : 0,
          "max" : 0,
          "mean" : 0.000000,
          "stddev" : 0.000000,
          "N" : 0
        },
        "lat_ns" : {
          "min" : 0,
          "max" : 0,
          "mean" : 0.000000,
          "stddev" : 0.000000,
          "N" : 0
        },
        "bw_min" : 0,
        "bw_max" : 0,
        "bw_agg" : 0.000000,
        "bw_mean" : 0.000000,
        "bw_dev" : 0.000000,
        "bw_samples" : 0,
        "iops_min" : 0,
        "iops_max" : 0,
        "iops_mean" : 0.000000,
        "iops_stddev" : 0.000000,
        "iops_samples" : 0
      },
      "sync" : {
        "total_ios" : 0,
        "lat_ns" : {
          "min" : 0,
          "max" : 0,
          "mean" : 0.000000,
          "stddev" : 0.000000,
          "N" : 0
        }
      },
      "job_runtime" : 2912,
      "usr_cpu" : 16.964286,
      "sys_cpu" : 64.148352,
      "ctx" : 10488,
      "majf" : 0,
      "minf" : 75,
      "iodepth_level" : {
        "1" : 0.100000,
        "2" : 0.100000,
        "4" : 0.100000,
        "8" : 0.100000,
        "16" : 0.100000,
        "32" : 99.976349,
        ">=64" : 0.000000
      },
      "iodepth_submit" : {
        "0" : 0.000000,
        "4" : 100.000000,
        "8" : 0.000000,
        "16" : 0.000000,
        "32" : 0.000000,
        "64" : 0.000000,
        ">=64" : 0.000000
      },
      "iodepth_complete" : {
        "0" : 0.000000,
        "4" : 99.999237,
        "8" : 0.000000,
        "16" : 0.000000,
        "32" : 0.100000,
        "64" : 0.000000,
        ">=64" : 0.000000
      },
      "latency_ns" : {
        "2" : 0.000000,
        "4" : 0.000000,
        "10" : 0.000000,
        "20" : 0.000000,
        "50" : 0.000000,
        "100" : 0.000000,
        "250" : 0.000000,
        "500" : 0.000000,
        "750" : 0.000000,
        "1000" : 0.000000
      },
      "latency_us" : {
        "2" : 0.000000,
        "4" : 0.000000,
        "10" : 0.000000,
        "20" : 0.000000,
        "50" : 0.000000,
        "100" : 0.000000,
        "250" : 0.036621,
        "500" : 7.073975,
        "750" : 60.588074,
        "1000" : 31.171417
      },
      "latency_ms" : {
        "2" : 1.129913,
        "4" : 0.000000,
        "10" : 0.000000,
        "20" : 0.000000,
        "50" : 0.000000,
        "100" : 0.000000,
        "250" : 0.000000,
        "500" : 0.000000,
        "750" : 0.000000,
        "1000" : 0.000000,
        "2000" : 0.000000,
        ">=2000" : 0.000000
      },
      "latency_depth" : 32,
      "latency_target" : 0,
      "latency_percentile" : 100.000000,
      "latency_window" : 0
    }
  ],
  "disk_util" : [
    {
      "name" : "sdb",
      "read_ios" : 114721,
      "write_ios" : 0,
      "read_merges" : 15560,
      "write_merges" : 0,
      "read_ticks" : 70694,
      "write_ticks" : 0,
      "in_queue" : 70694,
      "util" : 96.694491
    }
  ]
}
