{
  "fio version" : "fio-3.33",
  "timestamp" : 1747284834,
  "timestamp_ms" : 1747284834613,
  "time" : "Thu May 15 07:53:54 2025",
  "jobs" : [
    {
      "jobname" : "read_B4_Q32_T1",
      "groupid" : 0,
      "error" : 0,
      "eta" : 0,
      "elapsed" : 5,
      "job options" : {
        "rw" : "read",
        "name" : "read_B4_Q32_T1",
        "bs" : "4k",
        "iodepth" : "32",
        "numjobs" : "1",
        "runtime" : "10",
        "direct" : "1",
        "ioengine" : "libaio",
        "size" : "1G",
        "filename" : "/mnt/pve/test/write"
      },
      "read" : {
        "io_bytes" : 1073741824,
        "io_kbytes" : 1048576,
        "bw_bytes" : 247007550,
        "bw" : 241218,
        "iops" : 60304.577870,
        "runtime" : 4347,
        "total_ios" : 262144,
        "short_ios" : 0,
        "drop_ios" : 0,
        "slat_ns" : {
          "min" : 2261,
          "max" : 601133,
          "mean" : 10979.130074,
          "stddev" : 8931.067263,
          "N" : 262144
        },
        "clat_ns" : {
          "min" : 129598,
          "max" : 1882164,
          "mean" : 518737.606049,
          "stddev" : 146161.947516,
          "N" : 262144,
          "percentile" : {
            "1.000000" : 257024,
            "5.000000" : 333824,
            "10.000000" : 362496,
            "20.000000" : 395264,
            "30.000000" : 432128,
            "40.000000" : 468992,
            "50.000000" : 501760,
            "60.000000" : 536576,
            "70.000000" : 577536,
            "80.000000" : 610304,
            "90.000000" : 675840,
            "95.000000" : 790528,
            "99.000000" : 1028096,
            "99.500000" : 1105920,
            "99.900000" : 1220608,
            "99.950000" : 1269760,
            "99.990000" : 1466368
          }
        },
        "lat_ns" : {
          "min" : 140353,
          "max" : 1897582,
          "mean" : 529716.736122,
          "stddev" : 145685.673923,
          "N" : 262144
        },
        "bw_min" : 234616,
        "bw_max" : 250104,
        "bw_agg" : 100.000000,
        "bw_mean" : 245194.000000,
        "bw_dev" : 4860.716467,
        "bw_samples" : 8,
        "iops_min" : 58654,
        "iops_max" : 62526,
        "iops_mean" : 61298.500000,
        "iops_stddev" : 1215.179117,
        "iops_samples" : 8
      },
      "write" : {
        "io_bytes" : 0,
        "io_kbytes" : 0,
        "bw_bytes" : 0,
        "bw" : 0,
        "iops" : 0.000000,
        "runtime" : 0,
        "total_ios" : 0,
        "short_ios" : 0,
        "drop_ios" : 0,
        "slat_ns" : {
          "min" : 0,
          "max" : 0,
          "mean" : 0.000000,
          "stddev" : 0.000000,
          "N" : 0
        },
        "clat_ns" : {
          "min" : 0,
          "max" : 0,
          "mean" : 0.000000,
          "stddev" : 0.000000,
          "N" : 0
        },
        "lat_ns" : {
          "min" : 0,
          "max" : 0,
          "mean" : 0.000000,
          "stddev" : 0.000000,
          "N" : 0
        },
        "bw_min" : 0,
        "bw_max" : 0,
        "bw_agg" : 0.000000,
        "bw_mean" : 0.000000,
        "bw_dev" : 0.000000,
        "bw_samples" : 0,
        "iops_min" : 0,
        "iops_max" : 0,
        "iops_mean" : 0.000000,
        "iops_stddev" : 0.000000,
        "iops_samples" : 0
      },
      "trim" : {
        "io_bytes" : 0,
        "io_kbytes" : 0,
        "bw_bytes" : 0,
        "bw" : 0,
        "iops" : 0.000000,
        "runtime" : 0,
        "total_ios" : 0,
        "short_ios" : 0,
        "drop_ios" : 0,
        "slat_ns" : {
          "min" : 0,
          "max" : 0,
          "mean" : 0.000000,
          "stddev" : 0.000000,
          "N" : 0
        },
        "clat_ns" : {
          "min" : 0,
          "max" : 0,
          "mean" : 0.000000,
          "stddev" : 0.000000,
          "N" : 0
        },
        "lat_ns" : {
          "min" : 0,
          "max" : 0,
          "mean" : 0.000000,
          "stddev" : 0.000000,
          "N" : 0
        },
        "bw_min" : 0,
        "bw_max" : 0,
        "bw_agg" : 0.000000,
        "bw_mean" : 0.000000,
        "bw_dev" : 0.000000,
        "bw_samples" : 0,
        "iops_min" : 0,
        "iops_max" : 0,
        "iops_mean" : 0.000000,
        "iops_stddev" : 0.000000,
        "iops_samples" : 0
      },
      "sync" : {
        "total_ios" : 0,
        "lat_ns" : {
          "min" : 0,
          "max" : 0,
          "mean" : 0.000000,
          "stddev" : 0.000000,
          "N" : 0
        }
      },
      "job_runtime" : 4346,
      "usr_cpu" : 17.786470,
      "sys_cpu" : 67.441325,
      "ctx" : 8944,
      "majf" : 0,
      "minf" : 75,
      "iodepth_level" : {
        "1" : 0.100000,
        "2" : 0.100000,
        "4" : 0.100000,
        "8" : 0.100000,
        "16" : 0.100000,
        "32" : 99.988174,
        ">=64" : 0.000000
      },
      "iodepth_submit" : {
        "0" : 0.000000,
        "4" : 100.000000,
        "8" : 0.000000,
        "16" : 0.000000,
        "32" : 0.000000,
        "64" : 0.000000,
        ">=64" : 0.000000
      },
      "iodepth_complete" : {
        "0" : 0.000000,
        "4" : 99.999618,
        "8" : 0.000000,
        "16" : 0.000000,
        "32" : 0.100000,
        "64" : 0.000000,
        ">=64" : 0.000000
      },
      "latency_ns" : {
        "2" : 0.000000,
        "4" : 0.000000,
        "10" : 0.000000,
        "20" : 0.000000,
        "50" : 0.000000,
        "100" : 0.000000,
        "250" : 0.000000,
        "500" : 0.000000,
        "750" : 0.000000,
        "1000" : 0.000000
      },
      "latency_us" : {
        "2" : 0.000000,
        "4" : 0.000000,
        "10" : 0.000000,
        "20" : 0.000000,
        "50" : 0.000000,
        "100" : 0.000000,
        "250" : 0.816727,
        "500" : 48.263550,
        "750" : 44.683838,
        "1000" : 5.013657
      },
      "latency_ms" : {
        "2" : 1.222229,
        "4" : 0.000000,
        "10" : 0.000000,
        "20" : 0.000000,
        "50" : 0.000000,
        "100" : 0.000000,
        "250" : 0.000000,
        "500" : 0.000000,
        "750" : 0.000000,
        "1000" : 0.000000,
        "2000" : 0.000000,
        ">=2000" : 0.000000
      },
      "latency_depth" : 32,
      "latency_target" : 0,
      "latency_percentile" : 100.000000,
      "latency_window" : 0
    }
  ],
  "disk_util" : [
    {
      "name" : "sdb",
      "read_ios" : 240390,
      "write_ios" : 0,
      "read_merges" : 11565,
      "write_merges" : 0,
      "read_ticks" : 86360,
      "write_ticks" : 0,
      "in_queue" : 86360,
      "util" : 97.689769
    }
  ]
}
