{
  "fio version" : "fio-3.33",
  "timestamp" : 1747284805,
  "timestamp_ms" : 1747284805338,
  "time" : "Thu May 15 07:53:25 2025",
  "jobs" : [
    {
      "jobname" : "read_B4_Q128_T1",
      "groupid" : 0,
      "error" : 0,
      "eta" : 0,
      "elapsed" : 5,
      "job options" : {
        "rw" : "read",
        "name" : "read_B4_Q128_T1",
        "bs" : "4k",
        "iodepth" : "128",
        "numjobs" : "1",
        "runtime" : "10",
        "direct" : "1",
        "ioengine" : "libaio",
        "size" : "1G",
        "filename" : "/mnt/pve/test/write"
      },
      "read" : {
        "io_bytes" : 1073741824,
        "io_kbytes" : 1048576,
        "bw_bytes" : 270055790,
        "bw" : 263726,
        "iops" : 65931.589537,
        "runtime" : 3976,
        "total_ios" : 262144,
        "short_ios" : 0,
        "drop_ios" : 0,
        "slat_ns" : {
          "min" : 2226,
          "max" : 626379,
          "mean" : 10538.886890,
          "stddev" : 11065.397890,
          "N" : 262144
        },
        "clat_ns" : {
          "min" : 110855,
          "max" : 3635518,
          "mean" : 1928782.254692,
          "stddev" : 507422.802915,
          "N" : 262144,
          "percentile" : {
            "1.000000" : 970752,
            "5.000000" : 1155072,
            "10.000000" : 1204224,
            "20.000000" : 1368064,
            "30.000000" : 1646592,
            "40.000000" : 1826816,
            "50.000000" : 1974272,
            "60.000000" : 2113536,
            "70.000000" : 2211840,
            "80.000000" : 2342912,
            "90.000000" : 2605056,
            "95.000000" : 2768896,
            "99.000000" : 2965504,
            "99.500000" : 3031040,
            "99.900000" : 3162112,
            "99.950000" : 3293184,
            "99.990000" : 3424256
          }
        },
        "lat_ns" : {
          "min" : 121127,
          "max" : 3645737,
          "mean" : 1939321.141582,
          "stddev" : 509848.818308,
          "N" : 262144
        },
        "bw_min" : 230104,
        "bw_max" : 310672,
        "bw_agg" : 100.000000,
        "bw_mean" : 268566.857143,
        "bw_dev" : 34298.792337,
        "bw_samples" : 7,
        "iops_min" : 57526,
        "iops_max" : 77668,
        "iops_mean" : 67141.714286,
        "iops_stddev" : 8574.698084,
        "iops_samples" : 7
      },
      "write" : {
        "io_bytes" : 0,
        "io_kbytes" : 0,
        "bw_bytes" : 0,
        "bw" : 0,
        "iops" : 0.000000,
        "runtime" : 0,
        "total_ios" : 0,
        "short_ios" : 0,
        "drop_ios" : 0,
        "slat_ns" : {
          "min" : 0,
          "max" : 0,
          "mean" : 0.000000,
          "stddev" : 0.000000,
          "N" : 0
        },
        "clat_ns" : {
          "min" : 0,
          "max" : 0,
          "mean" : 0.000000,
          "stddev" : 0.000000,
          "N" : 0
        },
        "lat_ns" : {
          "min" : 0,
          "max" : 0,
          "mean" : 0.000000,
          "stddev" : 0.000000,
          "N" : 0
        },
        "bw_min" : 0,
        "bw_max" : 0,
        "bw_agg" : 0.000000,
        "bw_mean" : 0.000000,
        "bw_dev" : 0.000000,
        "bw_samples" : 0,
        "iops_min" : 0,
        "iops_max" : 0,
        "iops_mean" : 0.000000,
        "iops_stddev" : 0.000000,
        "iops_samples" : 0
      },
      "trim" : {
        "io_bytes" : 0,
        "io_kbytes" : 0,
        "bw_bytes" : 0,
        "bw" : 0,
        "iops" : 0.000000,
        "runtime" : 0,
        "total_ios" : 0,
        "short_ios" : 0,
        "drop_ios" : 0,
        "slat_ns" : {
          "min" : 0,
          "max" : 0,
          "mean" : 0.000000,
          "stddev" : 0.000000,
          "N" : 0
        },
        "clat_ns" : {
          "min" : 0,
          "max" : 0,
          "mean" : 0.000000,
          "stddev" : 0.000000,
          "N" : 0
        },
        "lat_ns" : {
          "min" : 0,
          "max" : 0,
          "mean" : 0.000000,
          "stddev" : 0.000000,
          "N" : 0
        },
        "bw_min" : 0,
        "bw_max" : 0,
        "bw_agg" : 0.000000,
        "bw_mean" : 0.000000,
        "bw_dev" : 0.000000,
        "bw_samples" : 0,
        "iops_min" : 0,
        "iops_max" : 0,
        "iops_mean" : 0.000000,
        "iops_stddev" : 0.000000,
        "iops_samples" : 0
      },
      "sync" : {
        "total_ios" : 0,
        "lat_ns" : {
          "min" : 0,
          "max" : 0,
          "mean" : 0.000000,
          "stddev" : 0.000000,
          "N" : 0
        }
      },
      "job_runtime" : 3975,
      "usr_cpu" : 20.276730,
      "sys_cpu" : 66.289308,
      "ctx" : 20063,
      "majf" : 0,
      "minf" : 147,
      "iodepth_level" : {
        "1" : 0.100000,
        "2" : 0.100000,
        "4" : 0.100000,
        "8" : 0.100000,
        "16" : 0.100000,
        "32" : 0.100000,
        ">=64" : 99.975967
      },
      "iodepth_submit" : {
        "0" : 0.000000,
        "4" : 100.000000,
        "8" : 0.000000,
        "16" : 0.000000,
        "32" : 0.000000,
        "64" : 0.000000,
        ">=64" : 0.000000
      },
      "iodepth_complete" : {
        "0" : 0.000000,
        "4" : 99.999618,
        "8" : 0.000000,
        "16" : 0.000000,
        "32" : 0.000000,
        "64" : 0.000000,
        ">=64" : 0.100000
      },
      "latency_ns" : {
        "2" : 0.000000,
        "4" : 0.000000,
        "10" : 0.000000,
        "20" : 0.000000,
        "50" : 0.000000,
        "100" : 0.000000,
        "250" : 0.000000,
        "500" : 0.000000,
        "750" : 0.000000,
        "1000" : 0.000000
      },
      "latency_us" : {
        "2" : 0.000000,
        "4" : 0.000000,
        "10" : 0.000000,
        "20" : 0.000000,
        "50" : 0.000000,
        "100" : 0.000000,
        "250" : 0.010000,
        "500" : 0.032043,
        "750" : 0.210190,
        "1000" : 1.047897
      },
      "latency_ms" : {
        "2" : 50.242996,
        "4" : 48.463440,
        "10" : 0.000000,
        "20" : 0.000000,
        "50" : 0.000000,
        "100" : 0.000000,
        "250" : 0.000000,
        "500" : 0.000000,
        "750" : 0.000000,
        "1000" : 0.000000,
        "2000" : 0.000000,
        ">=2000" : 0.000000
      },
      "latency_depth" : 128,
      "latency_target" : 0,
      "latency_percentile" : 100.000000,
      "latency_window" : 0
    }
  ],
  "disk_util" : [
    {
      "name" : "sdb",
      "read_ios" : 159783,
      "write_ios" : 0,
      "read_merges" : 97307,
      "write_merges" : 0,
      "read_ticks" : 96383,
      "write_ticks" : 0,
      "in_queue" : 96383,
      "util" : 97.520040
    }
  ]
}
