{
  "fio version" : "fio-3.33",
  "timestamp" : 1747284475,
  "timestamp_ms" : 1747284475296,
  "time" : "Thu May 15 07:47:55 2025",
  "jobs" : [
    {
      "jobname" : "write_B4_Q128_T1",
      "groupid" : 0,
      "error" : 0,
      "eta" : 0,
      "elapsed" : 5,
      "job options" : {
        "rw" : "write",
        "name" : "write_B4_Q128_T1",
        "bs" : "4k",
        "iodepth" : "128",
        "numjobs" : "1",
        "runtime" : "10",
        "direct" : "1",
        "ioengine" : "libaio",
        "size" : "1G",
        "filename" : "/mnt/pve/test/write"
      },
      "read" : {
        "io_bytes" : 0,
        "io_kbytes" : 0,
        "bw_bytes" : 0,
        "bw" : 0,
        "iops" : 0.000000,
        "runtime" : 0,
        "total_ios" : 0,
        "short_ios" : 0,
        "drop_ios" : 0,
        "slat_ns" : {
          "min" : 0,
          "max" : 0,
          "mean" : 0.000000,
          "stddev" : 0.000000,
          "N" : 0
        },
        "clat_ns" : {
          "min" : 0,
          "max" : 0,
          "mean" : 0.000000,
          "stddev" : 0.000000,
          "N" : 0
        },
        "lat_ns" : {
          "min" : 0,
          "max" : 0,
          "mean" : 0.000000,
          "stddev" : 0.000000,
          "N" : 0
        },
        "bw_min" : 0,
        "bw_max" : 0,
        "bw_agg" : 0.000000,
        "bw_mean" : 0.000000,
        "bw_dev" : 0.000000,
        "bw_samples" : 0,
        "iops_min" : 0,
        "iops_max" : 0,
        "iops_mean" : 0.000000,
        "iops_stddev" : 0.000000,
        "iops_samples" : 0
      },
      "write" : {
        "io_bytes" : 1073741824,
        "io_kbytes" : 1048576,
        "bw_bytes" : 243258229,
        "bw" : 237556,
        "iops" : 59389.216130,
        "runtime" : 4414,
        "total_ios" : 262144,
        "short_ios" : 0,
        "drop_ios" : 0,
        "slat_ns" : {
          "min" : 2324,
          "max" : 596905,
          "mean" : 11955.414600,
          "stddev" : 12728.454845,
          "N" : 262144
        },
        "clat_ns" : {
          "min" : 449833,
          "max" : 4798501,
          "mean" : 2141217.733971,
          "stddev" : 716938.090156,
          "N" : 262144,
          "percentile" : {
            "1.000000" : 962560,
            "5.000000" : 1089536,
            "10.000000" : 1171456,
            "20.000000" : 1302528,
            "30.000000" : 1400832,
            "40.000000" : 2375680,
            "50.000000" : 2408448,
            "60.000000" : 2441216,
            "70.000000" : 2473984,
            "80.000000" : 2506752,
            "90.000000" : 2572288,
            "95.000000" : 3096576,
            "99.000000" : 4227072,
            "99.500000" : 4292608,
            "99.900000" : 4358144,
            "99.950000" : 4358144,
            "99.990000" : 4685824
          }
        },
        "lat_ns" : {
          "min" : 472440,
          "max" : 4812394,
          "mean" : 2153173.148571,
          "stddev" : 722544.307595,
          "N" : 262144
        },
        "bw_min" : 149277,
        "bw_max" : 294992,
        "bw_agg" : 100.000000,
        "bw_mean" : 238183.625000,
        "bw_dev" : 47856.779940,
        "bw_samples" : 8,
        "iops_min" : 37319,
        "iops_max" : 73748,
        "iops_mean" : 59545.625000,
        "iops_stddev" : 11964.413566,
        "iops_samples" : 8
      },
      "trim" : {
        "io_bytes" : 0,
        "io_kbytes" : 0,
        "bw_bytes" : 0,
        "bw" : 0,
        "iops" : 0.000000,
        "runtime" : 0,
        "total_ios" : 0,
        "short_ios" : 0,
        "drop_ios" : 0,
        "slat_ns" : {
          "min" : 0,
          "max" : 0,
          "mean" : 0.000000,
          "stddev" : 0.000000,
          "N" : 0
        },
        "clat_ns" : {
          "min" : 0,
          "max" : 0,
          "mean" : 0.000000,
          "stddev" : 0.000000,
          "N" : 0
        },
        "lat_ns" : {
          "min" : 0,
          "max" : 0,
          "mean" : 0.000000,
          "stddev" : 0.000000,
          "N" : 0
        },
        "bw_min" : 0,
        "bw_max" : 0,
        "bw_agg" : 0.000000,
        "bw_mean" : 0.000000,
        "bw_dev" : 0.000000,
        "bw_samples" : 0,
        "iops_min" : 0,
        "iops_max" : 0,
        "iops_mean" : 0.000000,
        "iops_stddev" : 0.000000,
        "iops_samples" : 0
      },
      "sync" : {
        "total_ios" : 0,
        "lat_ns" : {
          "min" : 0,
          "max" : 0,
          "mean" : 0.000000,
          "stddev" : 0.000000,
          "N" : 0
        }
      },
      "job_runtime" : 4413,
      "usr_cpu" : 17.176524,
      "sys_cpu" : 63.267618,
      "ctx" : 44548,
      "majf" : 0,
      "minf" : 172,
      "iodepth_level" : {
        "1" : 0.100000,
        "2" : 0.100000,
        "4" : 0.100000,
        "8" : 0.100000,
        "16" : 0.100000,
        "32" : 0.100000,
        ">=64" : 99.975967
      },
      "iodepth_submit" : {
        "0" : 0.000000,
        "4" : 100.000000,
        "8" : 0.000000,
        "16" : 0.000000,
        "32" : 0.000000,
        "64" : 0.000000,
        ">=64" : 0.000000
      },
      "iodepth_complete" : {
        "0" : 0.000000,
        "4" : 99.999618,
        "8" : 0.000000,
        "16" : 0.000000,
        "32" : 0.000000,
        "64" : 0.000000,
        ">=64" : 0.100000
      },
      "latency_ns" : {
        "2" : 0.000000,
        "4" : 0.000000,
        "10" : 0.000000,
        "20" : 0.000000,
        "50" : 0.000000,
        "100" : 0.000000,
        "250" : 0.000000,
        "500" : 0.000000,
        "750" : 0.000000,
        "1000" : 0.000000
      },
      "latency_us" : {
        "2" : 0.000000,
        "4" : 0.000000,
        "10" : 0.000000,
        "20" : 0.000000,
        "50" : 0.000000,
        "100" : 0.000000,
        "250" : 0.000000,
        "500" : 0.010000,
        "750" : 0.082397,
        "1000" : 1.399231
      },
      "latency_ms" : {
        "2" : 30.755615,
        "4" : 64.369202,
        "10" : 3.392029,
        "20" : 0.000000,
        "50" : 0.000000,
        "100" : 0.000000,
        "250" : 0.000000,
        "500" : 0.000000,
        "750" : 0.000000,
        "1000" : 0.000000,
        "2000" : 0.000000,
        ">=2000" : 0.000000
      },
      "latency_depth" : 128,
      "latency_target" : 0,
      "latency_percentile" : 100.000000,
      "latency_window" : 0
    }
  ],
  "disk_util" : [
    {
      "name" : "sdb",
      "read_ios" : 0,
      "write_ios" : 198965,
      "read_merges" : 0,
      "write_merges" : 60969,
      "read_ticks" : 0,
      "write_ticks" : 51772,
      "in_queue" : 51772,
      "util" : 97.796082
    }
  ]
}
